# Archivo de datos para el modelo de Enrutamiento de Vehículos (N=112 Clientes)

param N := 112;
param K := 60;
param T := 5;

param Q :=
1 5000
2 5000
3 5000
4 5000
5 5000
6 5000
7 5000
8 5000
9 5000
10 5000
11 5000
12 5000
13 5000
14 5000
15 5000
16 5000
17 5000
18 5000
19 5000
20 5000
21 10000
22 10000
23 10000
24 10000
25 10000
26 10000
27 10000
28 10000
29 10000
30 10000
31 10000
32 10000
33 10000
34 10000
35 10000
36 10000
37 10000
38 10000
39 10000
40 10000
41 15000
42 15000
43 15000
44 15000
45 15000
46 15000
47 15000
48 15000
49 15000
50 15000
51 15000
52 15000
53 15000
54 15000
55 15000
56 15000
57 15000
58 15000
59 15000
60 15000
;

# Demands
# Note i = 0 is the depot
param w :=
0 0
1 4335
2 2428
3 2428
4 2428
5 2428
6 2428
7 2428
8 2428
9 2428
10 2428
11 2428
12 2428
13 2428
14 2428
15 2428
16 2428
17 2428
18 2428
19 2428
20 2428
21 2428
22 2428
23 2428
24 2428
25 2428
26 2428
27 2428
28 2428
29 2428
30 2428
31 2428
32 2428
33 2428
34 2428
35 2428
36 2428
37 2428
38 2428
39 2428
40 3317
41 3317
42 3317
43 3317
44 3317
45 2428
46 237
47 3675
48 3675
49 3675
50 3675
51 3675
52 3675
53 3675
54 3675
55 3675
56 3675
57 3675
58 3675
59 3344
60 3344
61 3344
62 3344
63 3344
64 3344
65 3344
66 3344
67 3344
68 3344
69 3344
70 3344
71 3344
72 3344
73 3344
74 3344
75 4335
76 4335
77 4335
78 4335
79 4335
80 4335
81 4335
82 4335
83 4335
84 4335
85 3154
86 3154
87 3154
88 3154
89 3154
90 3154
91 3154
92 3154
93 3154
94 3154
95 3154
96 3154
97 3154
98 3154
99 3154
100 3154
101 3154
102 3154
103 3154
104 3154
105 3154
106 3154
107 3154
108 3154
109 3154
110 3154
111 3154
112 3154
;

param W :=
0 0
1 14450
2 8095
3 8095
4 8095
5 8095
6 8095
7 8095
8 8095
9 8095
10 8095
11 8095
12 8095
13 8095
14 8095
15 8095
16 8095
17 8095
18 8095
19 8095
20 8095
21 8095
22 8095
23 8095
24 8095
25 8095
26 8095
27 8095
28 8095
29 8095
30 8095
31 8095
32 8095
33 8095
34 8095
35 8095
36 8095
37 8095
38 8095
39 8095
40 11057
41 11057
42 11057
43 11057
44 11057
45 8095
46 790
47 12251
48 12251
49 12251
50 12251
51 12251
52 12251
53 12251
54 12251
55 12251
56 12251
57 12251
58 12251
59 11147
60 11147
61 11147
62 11147
63 11147
64 11147
65 11147
66 11147
67 11147
68 11147
69 11147
70 11147
71 11147
72 11147
73 11147
74 11147
75 14450
76 14450
77 14450
78 14450
79 14450
80 14450
81 14450
82 14450
83 14450
84 14450
85 10513
86 10513
87 10513
88 10513
89 10513
90 10513
91 10513
92 10513
93 10513
94 10513
95 10513
96 10513
97 10513
98 10513
99 10513
100 10513
101 10513
102 10513
103 10513
104 10513
105 10513
106 10513
107 10513
108 10513
109 10513
110 10513
111 10513
112 10513
;

param serv :=
0 0
1 60
2 47
3 47
4 47
5 47
6 47
7 47
8 47
9 47
10 47
11 47
12 47
13 47
14 47
15 47
16 47
17 47
18 47
19 47
20 47
21 47
22 47
23 47
24 47
25 47
26 47
27 47
28 47
29 47
30 47
31 47
32 47
33 47
34 47
35 47
36 47
37 47
38 47
39 47
40 53
41 53
42 53
43 53
44 53
45 47
46 31
47 55
48 55
49 55
50 55
51 55
52 55
53 55
54 55
55 55
56 55
57 55
58 55
59 53
60 53
61 53
62 53
63 53
64 53
65 53
66 53
67 53
68 53
69 53
70 53
71 53
72 53
73 53
74 53
75 60
76 60
77 60
78 60
79 60
80 60
81 60
82 60
83 60
84 60
85 52
86 52
87 52
88 52
89 52
90 52
91 52
92 52
93 52
94 52
95 52
96 52
97 52
98 52
99 52
100 52
101 52
102 52
103 52
104 52
105 52
106 52
107 52
108 52
109 52
110 52
111 52
112 52
;

param early :=
0 0
1 0
2 480
3 480
4 0
5 480
6 480
7 480
8 420
9 420
10 480
11 420
12 420
13 420
14 480
15 420
16 480
17 420
18 420
19 420
20 420
21 420
22 480
23 420
24 450
25 420
26 420
27 420
28 420
29 420
30 0
31 0
32 480
33 0
34 0
35 420
36 420
37 420
38 480
39 480
40 480
41 480
42 480
43 480
44 480
45 0
46 480
47 480
48 480
49 480
50 480
51 480
52 480
53 480
54 480
55 480
56 480
57 480
58 480
59 420
60 480
61 420
62 420
63 420
64 420
65 420
66 420
67 420
68 420
69 420
70 420
71 420
72 450
73 0
74 480
75 420
76 420
77 420
78 480
79 450
80 420
81 420
82 420
83 420
84 480
85 480
86 0
87 480
88 420
89 480
90 480
91 480
92 450
93 450
94 420
95 480
96 420
97 480
98 480
99 420
100 420
101 420
102 480
103 480
104 480
105 480
106 480
107 480
108 480
109 480
110 480
111 420
112 0
;

param late :=
0 1440
1 1439
2 960
3 960
4 1439
5 960
6 1200
7 1200
8 1200
9 1170
10 930
11 1200
12 1260
13 1200
14 960
15 720
16 1200
17 870
18 1200
19 1200
20 1200
21 960
22 960
23 1200
24 1200
25 1140
26 1140
27 1200
28 1170
29 1200
30 1439
31 1439
32 1140
33 1439
34 1439
35 1170
36 1140
37 1170
38 960
39 960
40 960
41 960
42 960
43 960
44 960
45 1439
46 960
47 960
48 930
49 960
50 1260
51 1260
52 1260
53 930
54 1200
55 1260
56 1200
57 960
58 960
59 1200
60 960
61 960
62 900
63 870
64 1200
65 1200
66 1200
67 1200
68 1200
69 1140
70 930
71 1110
72 930
73 1439
74 960
75 900
76 930
77 960
78 930
79 960
80 900
81 930
82 1140
83 1230
84 1200
85 1140
86 1439
87 930
88 900
89 930
90 930
91 1200
92 930
93 1170
94 1200
95 1170
96 900
97 930
98 1140
99 1200
100 1140
101 1140
102 1200
103 1200
104 960
105 1200
106 1200
107 1200
108 1170
109 960
110 1140
111 1140
112 1439
;

param duedate :=
0 5
1 5
2 5
3 5
4 5
5 5
6 5
7 5
8 5
9 5
10 5
11 5
12 5
13 5
14 5
15 5
16 5
17 5
18 5
19 5
20 5
21 5
22 5
23 5
24 5
25 5
26 5
27 5
28 5
29 5
30 5
31 5
32 5
33 5
34 5
35 5
36 5
37 5
38 5
39 5
40 5
41 5
42 5
43 5
44 5
45 5
46 5
47 5
48 5
49 5
50 5
51 5
52 5
53 5
54 5
55 5
56 5
57 5
58 5
59 5
60 5
61 5
62 5
63 5
64 5
65 5
66 5
67 5
68 5
69 5
70 5
71 5
72 5
73 5
74 5
75 5
76 5
77 5
78 5
79 5
80 5
81 5
82 5
83 5
84 5
85 5
86 5
87 5
88 5
89 5
90 5
91 5
92 5
93 5
94 5
95 5
96 5
97 5
98 5
99 5
100 5
101 5
102 5
103 5
104 5
105 5
106 5
107 5
108 5
109 5
110 5
111 5
112 5
;

# Matriz de Tiempo / Distancias (c[i,j])
# La matriz es de 113x113 (nodos 0 a 112)
param c :
0 1 2 3 4 5 6 7 8 9 10 11 12 13 14 15 16 17 18 19 20 21 22 23 24 25 26 27 28 29 30 31 32 33 34 35 36 37 38 39 40 41 42 43 44 45 46 47 48 49 50 51 52 53 54 55 56 57 58 59 60 61 62 63 64 65 66 67 68 69 70 71 72 73 74 75 76 77 78 79 80 81 82 83 84 85 86 87 88 89 90 91 92 93 94 95 96 97 98 99 100 101 102 103 104 105 106 107 108 109 110 111 112 :=
0 0.0000 42.4532 19.8367 19.5683 19.4080 26.4007 26.7733 28.5626 24.4911 27.0005 31.4054 30.7898 35.0673 32.2904 38.4314 28.2344 22.0818 27.7032 27.1718 26.8129 28.8579 19.4658 26.2346 24.0751 24.8246 17.3736 31.0504 22.4355 28.0589 42.9579 42.0491 54.9637 39.2003 35.3515 31.9790 32.9247 29.7048 19.5086 59.3330 54.5770 30.6205 50.4795 34.3291 36.1500 26.7218 19.6396 39.6187 30.3249 21.9362 23.9557 26.0802 33.8504 24.3815 26.5520 24.8515 31.5459 28.2291 39.7199 26.8926 18.7725 22.5412 29.3142 20.5545 22.0233 20.9061 23.0887 17.2427 20.2126 12.8984 14.0673 40.2261 14.6971 13.5294 25.5895 18.5539 45.2507 65.9038 45.1084 74.7119 52.5652 30.6107 42.2218 30.6571 58.3724 44.1763 12.4042 15.6596 6.0805 22.2406 21.3327 16.3235 21.4213 16.6933 19.9061 22.7758 14.4874 22.1725 21.8735 12.3307 19.5672 17.2423 14.8063 7.3224 16.8267 8.9576 19.4099 15.5617 10.9207 11.9501 16.1672 24.3820 16.2193 2.7960
1 42.4532 0.0000 61.8587 62.0197 61.8612 68.3322 68.7661 70.7697 64.8067 50.6123 65.7392 71.6823 72.0853 53.8145 80.2745 41.8401 63.1606 47.2599 69.5042 68.1422 54.4247 52.2349 61.1222 52.8941 66.4818 44.5002 71.8326 64.6975 69.9454 83.7623 84.3236 95.4940 80.8176 60.4744 73.6503 57.9136 58.2478 61.7016 100.3178 95.8386 12.7231 19.4831 14.1049 9.0420 16.4341 62.0889 74.1860 49.6029 34.5074 32.4036 51.1948 29.8784 43.2747 49.7056 39.4733 36.2848 43.0083 30.4109 48.2936 24.0304 24.1904 29.9338 35.6024 25.5884 21.6609 25.2601 36.1080 30.1848 29.5761 36.8449 42.8549 28.9697 33.3519 25.5018 25.4401 48.2512 57.8428 3.3292 64.3308 15.3574 42.1896 36.8486 12.8443 43.8144 16.2257 54.3472 57.9038 36.4175 47.6091 53.7451 38.6565 51.1087 45.7029 44.3865 57.1724 38.3122 61.8404 54.9915 36.3066 59.2761 45.0913 45.2023 47.0680 42.1817 36.9974 55.8968 57.7836 45.4866 39.0886 48.1977 50.2058 42.8640 45.2447
2 19.8367 61.8587 0.0000 5.2952 4.9276 6.5640 6.9462 8.9464 7.6047 37.1044 30.6793 11.6964 29.7161 41.6347 23.0570 42.8572 4.4407 39.8142 7.9487 7.4846 36.9073 26.5911 27.0956 31.9197 13.4782 30.3836 20.0986 3.2349 14.5043 29.6388 22.4930 41.0385 19.3866 41.3891 12.1845 39.8507 35.1911 1.1371 39.6225 39.3463 49.5792 67.4506 52.2378 54.8703 46.4877 5.4505 26.3557 33.6451 34.5363 37.2436 27.4360 47.2698 31.4796 29.1826 34.2904 42.3996 35.5436 53.0250 30.6302 37.8493 42.1775 42.9713 37.6775 41.5170 40.5810 39.7467 30.1199 35.4831 32.5712 27.6485 55.5144 34.5062 32.5384 41.5291 38.3739 59.5138 81.0537 64.3321 89.8930 70.6302 45.2420 59.2628 50.4185 75.6468 63.9113 7.5224 4.3156 25.8715 26.0991 19.0946 32.6687 22.0231 22.4270 26.4072 16.9258 31.2820 8.0393 18.3503 30.5045 7.6644 23.4495 21.3536 15.0063 25.5347 27.7793 13.5924 4.3682 18.4130 28.8640 19.4934 26.2758 24.5151 17.1017
3 19.5683 62.0197 5.2952 0.0000 0.3926 9.1682 9.2401 10.0117 12.7307 32.8731 25.4196 15.4393 24.4885 37.1661 19.8826 39.4253 9.6599 35.8851 8.2347 11.4035 32.3515 22.3115 21.9824 27.4902 8.4750 27.0317 15.3482 4.6986 10.2128 25.7928 22.8696 37.5539 21.3386 36.4897 14.6112 35.0794 30.3415 4.1713 41.6078 36.3443 50.1121 69.0897 53.3860 55.5770 46.1497 0.1654 31.4615 37.9788 37.1367 39.7449 31.8749 49.9125 35.1290 33.4943 37.5798 45.5788 39.2738 55.7637 34.8194 38.2619 40.9861 45.4888 35.1501 40.1677 40.4327 41.2998 32.5006 37.4025 32.4506 29.7421 52.0396 33.7524 31.0265 43.3540 37.6100 55.7242 77.3300 64.6708 86.1360 71.7606 41.7587 56.3097 50.0775 72.6529 62.7119 8.9235 5.3337 25.6103 30.0966 23.6633 30.0760 26.3354 25.8594 29.9515 21.8552 28.9020 13.3244 23.0577 28.6681 12.6910 26.8675 24.5282 16.5737 28.5954 26.3755 18.2798 5.5214 21.0031 26.6643 23.1293 30.5933 27.5926 16.7815
4 19.4080 61.8612 4.9276 0.3926 0.0000 9.0061 9.1005 9.9696 12.3956 33.0744 25.7698 15.2311 24.8757 37.3962 20.1882 39.5467 9.3097 36.0549 8.2289 11.1667 32.5906 22.5122 22.2990 27.7121 8.8665 27.1377 15.7344 4.4966 10.5726 26.1416 22.9346 37.8873 21.2833 36.7750 14.5001 35.3468 30.6184 3.7991 41.5709 36.6501 49.9254 68.8383 53.1612 55.3807 46.0207 0.5581 31.1361 37.5962 36.8246 39.4388 31.4890 49.6020 34.7691 33.1118 37.2354 45.2413 38.9116 55.4494 34.4406 38.0778 40.9172 45.1836 35.1864 40.1105 40.2876 41.0464 32.1975 37.1265 32.2982 29.4522 52.1692 33.6460 30.9754 43.0858 37.5072 55.8852 77.4875 64.5008 86.2975 71.5407 41.8860 56.3919 49.9503 72.7418 62.6514 8.6153 4.9909 25.4603 29.7230 23.2738 30.1142 25.9517 25.5046 29.5941 21.4626 28.9205 12.9495 22.6661 28.6407 12.3004 26.5137 24.1831 16.2935 28.2576 26.3109 17.8880 5.1773 20.6803 26.6649 22.7654 30.2102 27.2534 16.6173
5 26.4007 68.3322 6.5640 9.1682 9.0061 0.0000 0.5730 3.1513 7.1825 42.0134 33.1732 6.4437 30.7002 46.2195 19.8153 48.5252 6.1703 45.0532 3.6308 3.1406 41.3697 31.4570 30.3873 36.5817 14.5445 36.0906 19.8106 4.5521 13.8985 27.0658 16.1778 37.6307 12.8443 45.1741 5.6963 43.9218 39.1202 7.0079 33.1310 35.3403 55.9838 73.3775 58.4341 61.2163 53.0390 9.2389 24.0351 37.0768 40.0113 42.7650 30.8109 52.6031 35.9825 32.7517 39.1551 47.2834 39.8769 58.2432 34.3782 44.3066 48.7123 48.4330 43.8547 48.0311 47.1201 45.8146 35.8027 41.3919 39.1164 33.5382 61.1585 41.0673 39.0126 47.4490 44.9359 64.8898 86.4933 70.7649 95.3020 76.7959 50.8733 65.2562 56.9682 81.6257 70.4553 14.0593 10.8150 32.4322 30.2579 22.5264 38.8058 25.8146 27.3864 31.1396 19.5560 37.5038 9.8183 21.5087 36.9004 11.1608 28.3947 26.5930 21.3334 30.7715 34.2626 17.1507 10.8894 24.1818 35.1443 24.3332 29.9127 29.7594 23.6637
6 26.7733 68.7661 6.9462 9.2401 9.1005 0.5730 0.0000 2.5784 7.7322 42.0321 32.9599 6.5857 30.3731 46.1960 19.2724 48.6450 6.7363 45.1123 3.1575 3.5733 41.3363 31.4825 30.2501 36.5762 14.2888 36.2247 19.4243 4.7161 13.5230 26.5400 15.6908 37.0725 12.5306 45.0653 5.4580 43.8435 39.0320 7.3207 32.8424 34.7711 56.4357 73.8943 58.9217 61.6808 53.4338 9.3014 24.3799 37.6483 40.5528 43.3047 31.3827 53.1527 36.5510 33.3243 39.7174 47.8463 40.4477 58.7977 34.9512 44.7442 49.0429 48.9766 44.0702 48.3491 47.5244 46.3156 36.3319 41.9066 39.5162 34.0524 61.2696 41.4261 39.3137 47.9639 45.2965 64.9590 86.5671 71.2107 95.3699 77.2886 50.9862 65.4274 57.3645 81.7913 70.7916 14.4618 11.1531 32.8155 30.8293 23.0993 39.0150 26.3874 27.9431 31.7032 20.1246 37.7322 10.3896 22.0808 37.1747 11.7284 28.9522 27.1401 21.7931 31.3205 34.5689 17.7230 11.2347 24.7003 35.3879 24.8918 30.4856 30.3078 24.0268
7 28.5626 70.7697 8.9464 10.0117 9.9696 3.1513 2.5784 0.0000 10.2286 42.2548 32.1504 7.6995 29.0327 46.2211 16.8702 49.3039 9.2984 45.5085 1.9496 5.8119 41.3271 31.7677 29.8038 36.7051 13.4243 36.9724 17.8454 6.1307 12.0646 24.2199 13.5567 34.5770 11.3322 44.7059 5.0521 43.6255 38.7802 9.0774 31.6013 32.2169 58.5209 76.2476 61.1557 63.8167 55.2787 10.0321 25.9995 40.2177 43.0125 45.7570 33.9535 55.6433 39.1154 35.8993 42.2587 50.3895 43.0204 61.3072 37.5287 46.7756 50.6180 51.4433 45.1556 49.8710 49.4137 48.6092 38.7438 44.2579 41.3949 36.4053 61.8740 43.1295 40.7758 50.3140 47.0031 65.3740 86.9870 73.2644 95.7593 79.5402 51.6111 66.2936 59.2135 82.6216 72.3751 16.4255 12.9109 34.6349 33.4038 25.6763 40.0828 28.9657 30.4649 34.2498 22.6809 38.8859 12.9594 24.6532 38.5264 14.2925 31.4768 29.6255 23.9449 33.8118 36.0624 20.3005 13.0182 27.0770 36.6121 27.4210 33.0627 32.7969 25.7857
8 24.4911 64.8067 7.6047 12.7307 12.3956 7.1825 7.7322 10.2286 0.0000 44.4780 38.1311 6.9554 36.6448 49.1091 26.9963 49.7024 3.1968 47.0095 10.7345 4.6208 44.4238 34.0277 34.6744 39.3980 20.2401 37.2768 26.2785 8.7544 20.3866 34.2153 21.6336 44.7978 16.4722 48.9900 9.9275 47.4300 42.7873 8.7232 35.5208 42.4226 52.2082 68.2704 53.9766 57.1823 50.2675 12.8719 18.7579 30.1201 34.4782 37.2563 23.8795 46.7805 29.5811 25.8768 32.9974 41.0671 33.3238 52.2657 27.5647 40.8925 46.9959 42.7919 43.8496 46.5127 44.2496 41.1711 30.6233 36.4924 36.4277 28.7462 62.3312 39.0176 37.8778 42.4962 42.8022 66.5520 88.0006 67.0214 96.8534 72.1672 52.1112 65.6331 54.1396 81.9917 68.4860 12.5768 10.9862 30.1572 23.7105 15.7449 38.9671 19.1383 21.5333 24.9895 12.5378 37.4296 3.2081 14.6323 36.1968 5.5554 22.4994 21.0664 18.0852 25.1210 33.1491 10.6620 10.9355 19.4967 34.9116 18.4675 23.0961 24.1430 22.0316
9 27.0005 50.6123 37.1044 32.8731 33.0744 42.0134 42.0321 42.2548 44.4780 0.0000 17.7470 48.3054 25.3022 5.2922 40.9124 10.3714 41.3043 4.3374 40.3101 44.2074 3.8439 10.5623 15.2426 5.6891 30.1300 9.8546 31.1474 37.5678 33.2958 40.6996 52.5543 50.5406 53.2667 10.1988 47.2090 7.5083 8.1255 36.0918 72.7526 52.4796 43.6152 65.8520 49.8431 48.8181 35.4796 32.7909 62.7349 57.2696 46.6757 47.9043 53.0427 56.3005 51.0052 53.5524 50.7814 56.1781 54.5898 61.6258 53.8587 35.2275 26.9194 52.1428 15.2164 25.4538 33.1212 43.5916 42.5971 43.1420 29.5168 39.6560 20.8827 26.3629 21.0848 46.5456 27.9000 23.3643 44.8864 53.9232 53.5916 64.9444 11.7455 27.2752 38.1829 42.5050 42.8577 33.0074 33.5266 27.0824 49.2411 47.5236 14.0771 48.1652 43.6920 46.8210 48.0814 15.5559 43.6472 47.7869 18.9108 41.6554 44.2374 41.8024 33.1994 43.6145 21.3755 44.2299 33.5958 37.8050 16.9451 42.9590 51.3483 43.1011 27.2711
10 31.4054 65.7392 30.6793 25.4196 25.7698 33.1732 32.9599 32.1504 38.1311 17.7470 0.0000 39.5278 7.6076 18.6568 25.2204 28.0625 35.0790 22.0835 30.3121 36.0768 14.4985 13.7296 5.2002 13.3281 18.7356 21.2393 16.2312 29.5867 20.6050 23.5009 39.1042 32.8113 41.6503 14.1129 37.1237 14.2552 10.1148 29.5427 59.3414 34.9209 56.7806 78.7386 62.2469 62.3465 49.6221 25.2733 56.7840 59.7285 53.3403 55.2963 54.2705 64.9794 54.9167 55.4190 56.0019 62.9457 58.9910 70.7647 56.2921 46.3546 41.5524 60.4848 30.5393 40.1716 45.7856 53.2450 48.6402 51.2444 39.8269 45.4632 38.0330 38.1624 32.9954 56.0357 40.9340 39.3166 59.8994 68.9541 68.1885 79.0368 29.4835 44.8987 52.9232 59.5755 59.9284 30.3404 28.7982 34.7331 51.3485 46.9100 27.0852 48.7453 46.0383 49.9331 46.0683 27.5687 38.6097 46.6770 30.0934 37.5230 46.8724 44.2390 34.5548 47.3742 30.7499 42.1662 28.9506 39.9615 27.3258 44.1958 52.7152 46.5659 30.0293
11 30.7898 71.6823 11.6964 15.4393 15.2311 6.4437 6.5857 7.6995 6.9554 48.3054 39.5278 0.0000 36.7046 52.5905 23.7251 54.4900 8.7194 51.2370 9.3245 4.2146 47.7569 37.7432 36.8259 42.9264 20.8224 42.0198 25.5449 10.7409 19.7456 31.2176 15.3005 40.7559 9.5842 51.6175 4.1248 50.3539 45.5581 12.5153 28.7182 37.8703 59.1127 75.1726 60.9319 64.1181 56.9606 15.5276 18.3710 35.8461 41.3286 44.1066 29.7371 53.5049 36.0370 31.8137 39.5998 47.5986 39.6180 58.9062 33.5834 47.7229 53.3256 49.5919 49.3488 52.7607 50.9586 48.1260 37.5490 43.4386 43.0648 35.7008 67.1449 45.4507 43.9289 49.4341 49.2773 71.0272 92.6062 73.9302 101.4325 79.1180 56.8630 70.9589 60.8540 87.3430 74.9483 18.4737 15.9319 36.6328 30.0923 21.9985 44.3535 25.4508 28.3417 31.6446 18.4787 42.9422 10.1095 20.7786 42.0344 12.5034 29.2865 27.9626 24.7744 31.9711 39.1675 17.3221 15.9509 26.4465 40.4985 25.2939 29.1654 31.0060 28.1906
12 35.0673 72.0853 29.7161 24.4885 24.8757 30.7002 30.3731 29.0327 36.6448 25.3022 7.6076 36.7046 0.0000 26.2059 18.8544 35.5639 33.8563 29.6390 27.3970 33.7933 22.1057 19.8835 11.0708 20.5985 16.4047 27.7864 11.3897 27.8907 16.9684 16.0933 33.6898 25.2393 37.1929 21.1747 33.7128 21.6678 17.7123 28.6251 53.5707 27.3206 62.4990 84.1263 67.6178 68.1279 55.7788 24.3258 54.7323 61.3134 56.7682 58.9467 55.5018 68.9152 57.2268 56.8807 58.7990 66.1821 61.3845 74.7871 57.9617 51.5716 47.9962 64.3765 37.4054 46.6661 51.5242 57.7788 51.9801 55.2667 44.9795 48.8322 45.6324 43.8383 38.9020 60.4479 46.9036 46.7953 67.1254 75.2424 75.2904 84.8954 37.0474 52.4986 59.2410 67.1542 67.0692 31.2478 28.8886 39.2663 53.0435 47.6329 33.5493 49.9022 48.0385 52.0871 46.2133 33.7742 37.7419 47.1942 35.9450 37.1593 48.9537 46.3564 36.8132 49.8827 36.0590 42.4797 29.0654 42.1866 33.1410 45.8261 54.0561 48.9908 33.2136
13 32.2904 53.8145 41.6347 37.1661 37.3962 46.2195 46.1960 46.2211 49.1091 5.2922 18.6568 52.5905 26.2059 0.0000 43.2463 12.1205 45.9187 6.6698 44.2716 48.5628 4.9134 15.0945 17.5735 9.7151 33.5792 15.1136 33.6509 41.8604 36.5095 42.1485 55.7933 51.1487 57.0069 6.9331 51.2352 4.9100 8.6107 40.5878 76.1014 53.5062 47.6726 69.8132 54.0589 52.7003 39.3141 37.0715 67.5358 62.5613 51.8303 52.9920 58.3231 61.1996 56.2813 58.8423 56.0108 61.2868 59.8457 66.4337 59.1509 39.9041 30.7415 57.1064 19.2086 29.2812 37.4754 48.4335 47.8096 48.1863 34.4188 44.8922 19.5456 31.0570 25.8893 51.3889 32.2564 20.7117 41.7281 57.1425 50.2561 68.4932 12.5029 26.8437 41.7237 40.9592 44.7164 37.9405 38.2313 32.2930 54.5309 52.7249 18.9220 53.4205 48.9804 52.1124 53.1969 20.5280 48.4401 52.9611 23.9034 46.5337 49.5287 47.0902 38.4309 48.9020 26.5267 49.3211 38.3122 43.0814 22.0908 48.2233 56.6296 48.3919 32.5227
14 38.4314 80.2745 23.0570 19.8826 20.1882 19.8153 19.2724 16.8702 26.9963 40.9124 25.2204 23.7251 18.8544 43.2463 0.0000 50.2491 25.4408 45.0134 16.3032 22.6820 38.5628 32.1157 25.7773 35.3557 13.7928 39.5393 9.7907 19.9281 10.3815 7.5066 15.4635 18.0045 20.4496 39.3316 19.7575 39.2751 34.6945 22.4318 34.7933 16.4620 68.9366 88.6979 72.7310 74.5212 63.9746 19.7536 41.8210 56.4894 57.0107 59.6267 50.2297 69.7891 54.5274 52.0702 57.2360 65.3032 58.6002 75.6317 53.5875 57.1393 57.5936 65.3710 49.1737 56.5176 58.6437 60.9641 52.3833 57.2173 50.9137 49.6098 61.7927 51.3616 47.5584 63.1210 55.0543 63.8950 84.9113 83.1242 93.3083 90.9966 52.1874 67.7900 67.8149 83.3982 78.6789 28.8032 25.1369 44.1767 49.1390 41.8609 44.3798 44.9591 45.4024 49.4275 39.1848 43.8348 29.4415 40.9651 44.7679 30.2235 46.4228 44.2078 36.4256 48.3390 43.4113 36.3505 25.3175 40.8489 42.2143 42.5198 49.1779 47.3262 35.7742
15 28.2344 41.8401 42.8572 39.4253 39.5467 48.5252 48.6450 49.3039 49.7024 10.3714 28.0625 54.4900 35.5639 12.1205 50.2491 0.0000 46.6649 6.1219 47.4106 50.2844 14.0216 18.3026 25.1007 15.1630 38.3840 12.4737 40.4665 43.9748 41.7965 50.6530 60.7212 60.7925 60.5889 18.9957 54.0360 16.6462 18.4584 41.9807 80.5831 62.5825 36.5644 58.4260 43.1490 41.3027 27.9920 39.3770 66.9879 56.9948 44.2627 44.9219 53.7082 52.0434 50.1387 53.8106 49.0899 53.2144 53.2316 56.8751 53.7587 30.3517 19.5858 48.2896 9.3062 18.1826 27.1158 39.2518 40.8827 39.9591 25.9485 38.3399 12.6573 21.9385 17.6134 42.1558 22.0823 17.0932 38.3112 45.1691 47.1669 56.6993 2.4230 17.5537 30.0437 33.5290 32.7531 37.3658 38.8205 26.0249 49.5890 49.5668 11.9933 49.4844 44.2634 46.7040 50.8680 13.8847 48.2821 50.0925 16.7996 45.9718 44.5924 42.4657 35.3688 43.3153 20.1892 47.2881 38.8440 38.9943 16.3237 44.2499 52.0206 43.0263 29.4868
16 22.0818 63.1606 4.4407 9.6599 9.3097 6.1703 6.7363 9.2984 3.1968 41.3043 35.0790 8.7194 33.8563 45.9187 25.4408 46.6649 0.0000 43.8763 9.2237 4.9937 41.2285 30.8412 31.5359 36.2065 17.4840 34.2172 23.7940 6.1046 17.9844 32.4391 22.0223 43.4050 17.6734 45.8042 10.6011 44.2353 39.5981 5.5718 37.3971 41.3111 50.6626 67.4788 52.7861 55.7714 48.2789 9.8076 21.9198 31.1066 33.9491 36.7128 24.8374 46.4871 29.8172 26.7317 32.9886 41.1155 33.7278 52.1028 28.3193 39.1543 44.6222 42.3536 41.0125 44.0755 42.2873 40.0667 29.8342 35.5336 34.3688 27.6990 59.3074 36.7326 35.3027 41.5820 40.5580 63.4653 84.9438 65.4791 93.7937 71.0895 49.0679 62.7498 52.1808 79.1231 66.2303 9.8452 7.8660 27.9137 24.1174 16.4945 36.0836 19.7202 21.2403 24.9710 13.7536 34.5904 4.1011 15.5445 33.5004 4.9941 22.2448 20.5033 16.1331 24.6663 30.5494 11.0460 7.8298 18.3352 32.0985 18.1801 23.8667 23.6591 19.5098
17 27.7032 47.2599 39.8142 35.8851 36.0549 45.0532 45.1123 45.5085 47.0095 4.3374 22.0835 51.2370 29.6390 6.6698 45.0134 6.1219 43.8763 0.0000 43.5774 47.0817 7.9002 13.7915 19.4711 9.6578 33.8114 10.4114 35.2284 40.5463 37.0832 44.9842 56.2580 54.8777 56.6546 13.2239 50.3908 10.7271 12.3489 38.8515 76.3568 56.7990 41.0110 63.1436 47.4185 46.0306 32.6444 35.8163 64.9357 57.5936 46.0530 47.0498 53.7395 54.9461 51.0540 54.0824 50.4841 55.3709 54.4502 60.0784 54.2410 33.4859 24.0718 50.9426 12.5771 22.6117 30.8891 42.1401 42.2397 42.1735 28.2475 39.4418 16.8373 24.6880 19.6682 45.0905 25.6826 19.8656 41.4793 50.5849 50.2639 61.8602 7.4105 22.9799 35.0811 38.3907 38.8159 35.1099 36.0238 26.8171 49.7869 48.7640 12.8724 49.1090 44.2974 47.1594 49.6318 14.6337 45.9347 49.1373 17.9758 43.8016 44.7563 42.4328 34.3834 43.8561 20.9178 45.8719 36.0745 38.6228 16.5528 43.8593 52.0399 43.4328 28.3970
18 27.1718 69.5042 7.9487 8.2347 8.2289 3.6308 3.1575 1.9496 10.7345 40.3101 30.3121 9.3245 27.3970 44.2716 16.3032 47.4106 9.2237 43.5774 0.0000 6.7306 39.3780 29.8293 27.8876 34.7569 11.5764 35.1030 16.3371 4.8415 10.4680 23.4808 14.8806 34.2126 13.1877 42.7821 6.9880 41.6868 36.8436 7.8637 33.3916 32.0913 57.3409 75.3993 60.1429 62.6865 53.8907 8.2408 27.4377 40.3291 42.3963 45.1203 34.0595 55.0923 38.8748 35.9545 41.8911 50.0219 42.8458 60.8076 37.5339 45.5533 49.0559 50.8342 43.3769 48.2798 48.0652 47.6881 38.0324 43.4305 40.0470 35.5928 59.9683 41.6530 39.1613 49.4775 45.5245 63.4423 85.0544 72.0447 93.8233 78.5410 49.7109 64.4418 57.8259 80.7582 70.8065 15.2422 11.6036 33.2522 33.2650 25.7177 38.3018 28.9230 30.0447 33.9188 22.9105 37.1367 13.1535 24.7624 36.8604 14.1466 31.0637 29.0992 22.8994 33.2912 34.4703 20.2541 11.7286 26.3295 34.8928 27.0355 33.0861 32.2722 24.3818
19 26.8129 68.1422 7.4846 11.4035 11.1667 3.1406 3.5733 5.8119 4.6208 44.2074 36.0768 4.2146 33.7933 48.5628 22.6820 50.2844 4.9937 47.0817 6.7306 0.0000 43.7545 33.6488 33.1099 38.8758 17.5555 37.8127 22.9483 6.7335 17.0332 30.0173 17.2327 40.3455 12.6817 47.7978 5.6409 46.4527 41.6881 8.3047 32.5360 37.8715 55.6542 72.3606 57.7598 60.7646 53.1835 11.5044 20.9415 34.7381 38.7112 41.4840 28.4999 51.1421 34.1170 30.4971 37.4626 45.5583 37.9007 56.6863 32.1816 44.1285 49.3175 47.0804 45.1515 48.7196 47.2053 45.0220 34.6954 40.4524 39.2596 32.6334 62.9403 41.5036 39.8330 46.4922 45.3481 66.8517 88.4219 70.4699 97.2520 76.0471 52.6601 66.7471 57.0938 83.1310 70.9890 14.4307 11.7405 32.7290 28.2783 20.3520 40.1496 23.7300 25.8632 29.4398 17.1546 38.7494 7.6722 19.2502 37.8899 9.5677 26.8492 25.2574 21.0929 29.3801 35.0693 15.1789 11.7661 23.2816 36.3157 22.7900 27.7121 28.3847 24.1669
20 28.8579 54.4247 36.9073 32.3515 32.5906 41.3697 41.3363 41.3271 44.4238 3.8439 14.4985 47.7569 22.1057 4.9134 38.5628 14.0216 41.2285 7.9002 39.3780 43.7545 0.0000 10.5559 12.8025 5.1360 28.6685 12.4740 28.8998 37.0389 31.6192 37.8176 50.9096 47.2833 52.0942 6.8588 46.3473 4.2015 4.4901 35.8460 71.2090 49.4062 47.2327 69.4834 53.3844 52.4904 39.1841 32.2531 62.9455 59.1752 49.2870 50.6548 54.6740 59.3167 53.1410 55.3142 53.1610 58.8711 56.8451 64.7363 55.7336 38.5126 30.6455 55.0829 18.9480 29.1825 36.6262 46.6979 45.0568 45.9809 32.6045 42.0383 23.5807 29.6712 24.3311 49.6436 31.4218 25.3339 46.5427 57.7322 55.1122 68.6934 15.1507 30.4143 41.9525 45.1816 46.6482 33.5244 33.6135 29.6183 51.0113 48.7271 17.3669 49.6193 45.4485 48.7640 49.0015 18.6795 43.8660 48.8912 21.9626 42.0381 46.0579 43.5525 34.5759 45.6488 24.1202 45.0903 33.7025 39.4380 19.7568 44.4829 52.9920 45.0716 28.7833
21 19.4658 52.2349 26.5911 22.3115 22.5122 31.4570 31.4825 31.7677 34.0277 10.5623 13.7296 37.7432 19.8835 15.0945 32.1157 18.3026 30.8412 13.7915 29.8293 33.6488 10.5559 0.0000 8.8910 5.4292 20.1280 7.9746 22.3929 27.0057 23.5025 33.2808 42.5434 44.2582 42.8721 16.2722 36.6917 14.1242 10.3176 25.5634 62.5822 45.4458 43.0527 65.0227 48.5417 48.6251 35.9974 22.2302 52.4480 49.4616 40.9708 42.6778 44.6572 52.0195 43.8114 45.4395 44.2796 50.6412 47.6927 57.7036 45.9981 32.7157 28.1149 47.5956 17.7591 26.7826 32.0566 39.9266 36.4516 38.3366 26.2429 33.3163 30.4683 24.4356 19.2733 42.7807 27.2330 33.6339 55.2375 55.4132 63.9960 65.3322 20.4084 35.8378 39.3931 51.7880 47.6070 22.9694 23.1368 21.6497 41.1712 38.3759 13.6699 39.4543 35.6317 39.1714 38.5109 13.9355 33.3552 38.4819 16.3643 31.4913 36.3186 33.7443 24.4420 36.2259 17.1610 34.5853 23.2181 29.5271 13.5975 34.4112 42.9961 35.5556 18.8886
22 26.2346 61.1222 27.0956 21.9824 22.2990 30.3873 30.2501 29.8038 34.6744 15.2426 5.2002 36.8259 11.0708 17.5735 25.7773 25.1007 31.5359 19.4711 27.8876 33.1099 12.8025 8.8910 0.0000 9.9377 16.5578 16.7262 16.0976 26.4370 19.1585 25.5553 38.3481 35.9279 40.0505 14.9202 34.8524 14.0924 9.2583 25.9645 58.6808 37.5078 51.8553 73.7218 57.2167 57.4490 44.8857 21.8509 53.4292 54.8686 48.1640 50.1047 49.5270 59.7792 49.8986 50.6047 50.8961 57.7801 53.9493 65.5653 51.4190 41.2729 36.9847 55.2850 26.3402 35.6391 40.8567 48.0663 43.4755 46.0442 34.7232 40.2990 36.1004 33.1995 28.1133 50.8490 36.0945 38.1330 59.3013 64.3036 67.8163 74.1790 26.8165 42.4398 48.2818 57.7328 56.0568 25.8976 24.7382 29.5429 46.4839 42.3687 22.5149 44.0481 41.1145 44.9603 41.7520 22.8264 34.8268 42.2122 25.1806 33.5149 41.9259 39.2935 29.6234 42.3339 25.6637 37.8148 24.8757 35.0082 22.3898 39.3785 47.9448 41.5444 24.9265
23 24.0751 52.8941 31.9197 27.4902 27.7121 36.5817 36.5762 36.7051 39.3980 5.6891 13.3281 42.9264 20.5985 9.7151 35.3557 15.1630 36.2065 9.6578 34.7569 38.8758 5.1360 5.4292 9.9377 0.0000 24.4480 8.9213 25.5716 32.1882 27.6070 35.4910 46.8664 45.7445 47.6492 11.2765 41.6880 8.9100 6.0195 30.8743 67.0736 47.4330 44.7381 66.9451 50.6188 50.1676 37.0873 27.3995 57.8635 54.3287 44.9928 46.5059 49.7083 55.4802 48.4409 50.4026 48.6422 54.6336 52.2211 61.0273 50.8760 35.2380 28.7520 51.1539 17.3870 27.3261 33.8764 43.0489 40.6330 41.9571 29.0358 37.5588 26.4641 26.5463 21.1850 45.9668 28.7821 29.0519 50.5562 56.1551 59.2433 66.6636 16.9154 32.5501 40.1713 48.0457 46.6003 28.3916 28.5407 25.3693 46.1097 43.6408 14.5604 44.5969 40.5504 43.9551 43.8744 15.4866 38.7744 43.7867 18.5302 36.9204 41.1896 38.6555 29.5531 40.9013 20.1920 39.9596 28.6254 34.4983 16.0313 39.4907 48.0332 40.2872 23.8290
24 24.8246 66.4818 13.4782 8.4750 8.8665 14.5445 14.2888 13.4243 20.2401 30.1300 18.7356 20.8224 16.4047 33.5792 13.7928 38.3840 17.4840 33.8114 11.5764 17.5555 28.6685 20.1280 16.5578 24.4480 0.0000 26.7792 6.9757 11.4862 3.6008 18.2954 22.4475 30.2917 23.5176 31.4724 18.4287 30.5758 25.7149 12.4374 42.6265 29.7526 55.1993 75.2671 59.1518 60.8012 50.1880 8.3100 38.4696 46.3794 44.5075 47.0046 40.3127 57.2009 43.2340 41.8957 45.4504 53.3210 47.4027 63.0977 43.1769 43.4347 43.9335 52.7046 36.0892 42.8994 44.8542 47.6625 39.7605 44.1823 37.1531 36.8197 50.5816 37.5749 33.8670 49.9566 41.2823 53.4920 75.0001 69.3361 83.6662 77.3437 40.5296 55.8568 54.0357 71.9025 65.2216 16.6837 13.5321 30.4537 38.3953 32.1317 31.1477 34.7529 33.9216 38.0343 30.3012 30.4293 21.4341 31.5326 31.1275 21.0854 34.9108 32.4664 23.7351 36.4066 29.6445 26.7543 13.7217 28.6638 28.6522 31.3209 39.0022 35.4280 22.2498
25 17.3736 44.5002 30.3836 27.0317 27.1377 36.0906 36.2247 36.9724 37.2768 9.8546 21.2393 42.0198 27.7864 15.1136 39.5393 12.4737 34.2172 10.4114 35.1030 37.8127 12.4740 7.9746 16.7262 8.9213 26.7792 0.0000 29.9582 31.5386 30.3188 41.1399 48.7901 52.2195 48.2904 19.3254 41.6376 16.6737 14.8798 29.5084 68.4093 53.3299 35.8899 58.0641 41.7090 41.3651 28.4332 26.9905 54.8262 47.5081 36.8860 38.1976 43.4514 46.8648 41.1703 43.8727 40.9301 46.4354 44.7368 52.3262 44.1159 26.3412 20.3163 42.6136 9.8162 18.9456 24.9850 34.3023 32.7555 33.5077 20.2297 29.8030 25.1310 17.6254 12.2640 37.2385 19.9353 29.3008 50.7273 47.7160 59.5784 57.9496 14.8613 29.3673 31.6858 45.6566 39.6683 25.0565 26.3627 17.2498 39.5653 38.3529 5.8477 38.7368 34.0406 37.0563 39.2499 6.5722 35.9607 38.7282 9.6405 33.7221 34.5434 32.1621 23.9720 33.8164 11.6497 35.5182 26.3902 28.2750 7.2894 33.4937 41.7526 33.3302 17.9856
26 31.0504 71.8326 20.0986 15.3482 15.7344 19.8106 19.4243 17.8454 26.2785 31.1474 16.2312 25.5449 11.3897 33.6509 9.7907 40.4665 23.7940 35.2284 16.3371 22.9483 28.8998 22.3929 16.0976 25.5716 6.9757 29.9582 0.0000 17.6895 5.9220 11.9923 22.8817 23.9480 25.8731 30.1756 22.3876 29.8751 25.1800 19.1266 43.1130 24.0085 60.9654 81.5089 65.2431 66.6063 55.4238 15.1852 43.7746 53.3173 51.3166 53.7726 47.2231 63.9595 50.2060 48.8327 52.3881 60.2240 54.3759 69.8643 50.1324 49.3395 48.6182 59.4454 39.6837 47.4722 50.3600 54.0837 46.5474 50.7873 42.9045 43.5596 52.0207 42.8686 38.7028 56.4687 46.4297 54.2263 75.3727 74.7885 83.8453 83.2735 42.3970 58.0029 59.1872 73.6169 69.3722 23.6494 20.4955 36.3866 45.3633 38.9956 35.0036 41.6794 40.8925 45.0057 37.0196 34.6011 27.8525 38.3514 35.8278 27.7619 41.8797 39.4250 30.5705 43.3409 34.8355 33.5706 20.6854 35.5828 33.1713 38.2963 45.9346 42.3678 28.6155
27 22.4355 64.6975 3.2349 4.6986 4.4966 4.5521 4.7161 6.1307 8.7544 37.5678 29.5867 10.7409 27.8907 41.8604 19.9281 43.9748 6.1046 40.5463 4.8415 6.7335 37.0389 27.0057 26.4370 32.1882 11.4862 31.5386 17.6895 0.0000 11.8913 26.6569 19.6372 37.9286 17.1704 41.0758 10.1728 39.7192 34.9574 3.0222 37.4982 36.1560 52.5079 70.6094 55.3074 57.8467 49.1548 4.7892 27.2035 36.6290 37.7672 40.4713 30.3899 50.5037 34.6554 32.1862 37.5071 45.6210 38.7004 56.2599 33.6755 40.7296 44.5166 46.2012 39.3589 43.7879 43.3006 42.8767 33.3369 38.6601 35.2811 30.8366 56.6104 37.0010 34.7157 44.6996 40.8746 60.3693 81.9676 67.2221 90.7814 73.7065 46.3248 60.7156 53.0899 77.0821 66.2738 10.4025 6.7989 28.5103 29.2126 22.0219 34.3015 25.0508 25.6422 29.6047 19.6102 33.0285 10.1779 21.2007 32.5249 10.4169 26.6646 24.5854 18.0654 28.7680 29.9866 16.5006 6.9148 21.6311 30.6974 22.6919 29.2857 27.7482 19.6564
28 28.0589 69.9454 14.5043 10.2128 10.5726 13.8985 13.5230 12.0646 20.3866 33.2958 20.6050 19.7456 16.9684 36.5095 10.3815 41.7965 17.9844 37.0832 10.4680 17.0332 31.6192 23.5025 19.1585 27.6070 3.6008 30.3188 5.9220 11.8913 0.0000 15.6116 19.2954 27.4772 21.0674 33.9462 16.7985 33.2509 28.4105 13.6125 39.5919 26.6119 58.5567 78.3938 62.3731 64.1398 53.6866 10.0612 37.8947 48.0404 47.1393 49.6959 41.8742 59.8883 45.3414 43.5615 47.7674 55.7369 49.4841 65.7659 44.9378 46.7578 47.5097 55.4237 39.6748 46.4843 48.2997 50.7041 42.4405 47.0748 40.5417 39.5765 53.8946 41.0766 37.4372 52.9229 44.8050 56.6516 78.0927 72.7741 86.7140 80.6223 43.9085 59.3032 57.5466 75.2888 68.8200 19.0052 15.5376 33.7964 40.2639 33.5676 34.7423 36.3912 36.0707 40.1642 31.4038 34.0301 22.0685 32.8512 34.7114 22.1464 37.0777 34.7216 26.4043 38.7612 33.1768 28.0846 15.7265 31.1034 32.2476 33.3371 40.6540 37.7641 25.4180
29 42.9579 83.7623 29.6388 25.7928 26.1416 27.0658 26.5400 24.2199 34.2153 40.6996 23.5009 31.2176 16.0933 42.1485 7.5066 50.6530 32.4391 44.9842 23.4808 30.0173 37.8176 33.2808 25.5553 35.4910 18.2954 41.1399 11.9923 26.6569 15.6116 0.0000 22.0240 12.0118 27.6375 37.2641 27.2632 37.7192 33.5638 28.8833 39.9556 12.2077 72.9571 93.4367 77.2091 78.5985 67.3393 25.6453 49.3247 63.2724 62.7144 65.2464 57.0429 75.4433 60.8836 58.8171 63.3701 71.3481 65.0091 81.3308 60.2672 61.3269 60.3664 70.9612 50.9517 59.1789 62.3331 65.9190 57.9938 62.4777 54.8968 55.0867 61.3944 54.8140 50.5415 68.2421 58.3363 62.8165 83.2157 86.7394 91.3517 95.2632 52.3588 67.9640 71.0750 82.9973 80.7838 34.6164 31.1263 48.3661 55.6876 48.6777 46.4662 51.6614 51.6412 55.7223 46.1814 46.2153 36.5024 47.8507 47.6362 37.0665 52.6523 50.3201 41.9512 54.3708 46.7763 43.1567 31.3142 46.7128 44.9341 48.8624 55.9115 53.3724 40.4616
30 42.0491 84.3236 22.4930 22.8696 22.9346 16.1778 15.6908 13.5567 21.6336 52.5543 39.1042 15.3005 33.6898 55.7933 15.4635 60.7212 22.0223 56.2580 14.8806 17.2327 50.9096 42.5434 38.3481 46.8664 22.4475 48.7901 22.8817 19.6372 19.2954 22.0240 0.0000 28.3632 6.9595 52.9273 11.7067 52.4119 47.6032 22.6228 20.3338 24.6301 72.0722 89.4921 74.6113 77.3504 68.7698 22.8422 30.1641 51.1404 55.9345 58.7049 45.0371 68.3701 51.1850 47.1112 54.6309 62.6963 54.8498 73.8911 48.8748 60.3323 63.8518 64.3118 57.6041 63.0369 62.9335 61.9846 51.8564 57.5249 54.9141 49.6766 73.0111 56.5208 53.8931 63.5792 60.3904 75.9182 97.3843 86.8206 106.0093 92.9732 62.9102 78.0966 72.7051 94.2487 85.5815 29.9820 26.4361 48.1288 45.2758 37.2178 52.5433 40.6572 43.0928 46.6205 33.7570 51.5203 24.8173 36.0254 51.4956 26.7967 44.0756 42.4791 37.4632 46.6110 49.2438 32.2939 26.5506 40.3100 49.3911 40.0197 44.4456 45.6138 39.2607
31 54.9637 95.4940 41.0385 37.5539 37.8873 37.6307 37.0725 34.5770 44.7978 50.5406 32.8113 40.7559 25.2393 51.1487 18.0045 60.7925 43.4050 54.8777 34.2126 40.3455 47.2833 44.2582 35.9279 45.7445 30.2917 52.2195 23.9480 37.9286 27.4772 12.0118 28.3632 0.0000 35.0562 45.4131 36.6405 46.4056 42.8358 40.3766 41.8685 4.6782 84.8601 105.4401 89.1910 90.5086 79.0600 37.4127 58.0223 74.4844 74.6154 77.1720 68.2214 87.3652 72.4783 70.0711 75.0993 83.1263 76.5684 93.2429 71.5919 73.2767 71.8748 82.8972 62.0171 70.6427 74.1681 77.9302 69.9167 74.4677 66.8172 67.0377 70.6826 66.5988 62.1831 80.2468 70.0539 71.3974 90.8310 98.5107 98.5594 107.2016 62.2850 77.6975 82.7480 92.0547 91.8585 46.4447 42.8767 60.3329 67.1332 59.8556 57.7406 62.9635 63.3035 67.3540 57.1231 57.6335 47.3652 58.9449 59.2501 48.2208 64.3210 62.0497 53.8774 66.1431 58.5642 54.3494 43.0621 58.5454 56.5075 60.4580 67.1804 65.1371 52.4732
32 39.2003 80.8176 19.3866 21.3386 21.2833 12.8443 12.5306 11.3322 16.4722 53.2667 41.6503 9.5842 37.1929 57.0069 20.4496 60.5889 17.6734 56.6546 13.1877 12.6817 52.0942 42.8721 40.0505 47.6492 23.5176 48.2904 25.8731 17.1704 21.0674 27.6375 6.9595 35.0562 0.0000 54.9361 7.2249 54.0931 49.2323 19.8455 20.3280 31.4782 68.3357 84.7388 70.3690 73.4346 65.7542 21.3622 23.2143 44.9339 50.9105 53.6887 38.9514 63.0752 45.5235 41.0562 49.1389 57.1024 49.0198 68.4483 42.8603 56.7976 61.5558 59.1754 56.4620 60.8743 59.7997 57.5928 47.0954 52.9505 51.8227 45.1759 73.1277 53.8856 51.8444 58.9632 57.7502 76.5059 98.1054 83.1516 106.8467 88.6084 62.8809 77.6231 69.6749 93.9449 83.2960 26.8107 23.6589 45.2011 39.5623 31.4557 51.3925 34.9109 37.9258 41.2063 27.8558 50.1663 19.6623 30.2057 49.6915 21.9641 38.8703 37.5294 33.7556 41.5522 47.0991 26.9001 23.7314 35.8649 47.8584 34.8769 38.4956 40.5846 36.4821
33 35.3515 60.4744 41.3891 36.4897 36.7750 45.1741 45.0653 44.7059 48.9900 10.1988 14.1129 51.6175 21.1747 6.9331 39.3316 18.9957 45.8042 13.2239 42.7821 47.7978 6.8588 16.2722 14.9202 11.2765 31.4724 19.3254 30.1756 41.0758 33.9462 37.2641 52.9273 45.4131 54.9361 0.0000 49.7571 2.7034 6.2349 40.2824 73.2367 48.0988 53.8013 76.0282 60.0420 58.9717 45.6108 36.3715 67.7049 65.5927 56.0765 57.4813 60.9033 66.1754 59.7128 61.6392 59.8576 65.6797 63.4768 71.5918 62.1373 45.3270 37.0353 61.9382 25.3519 35.5686 43.3162 53.5524 51.7968 52.8258 39.4585 48.7511 25.8015 36.4733 31.1503 56.4991 38.0967 25.9892 45.9516 63.7978 54.1401 74.9912 19.4336 33.3933 48.2071 46.7554 51.6477 38.8825 38.4963 36.4083 57.3537 54.6220 24.1631 55.7248 51.7986 55.2286 54.6282 25.5208 48.7721 54.6948 28.8162 47.1512 52.4499 49.9050 40.7026 52.1773 30.9640 50.6826 38.6069 45.7260 26.6118 50.6656 59.2357 51.5633 35.0588
34 31.9790 73.6503 12.1845 14.6112 14.5001 5.6963 5.4580 5.0521 9.9275 47.2090 37.1237 4.1248 33.7128 51.2352 19.7575 54.0360 10.6011 50.3908 6.9880 5.6409 46.3473 36.6917 34.8524 41.6880 18.4287 41.6376 22.3876 10.1728 16.7985 27.2632 11.7067 36.6405 7.2249 49.7571 0.0000 48.6746 43.8307 12.6968 27.4472 33.7475 61.2062 77.9960 63.3868 66.3514 58.5331 14.6591 22.1075 39.6655 44.3128 47.0880 33.4968 56.6885 39.4866 35.5462 42.9248 50.9903 43.1805 62.1906 37.2838 49.6229 54.3620 52.6635 49.5280 53.6975 52.5832 50.6584 40.3291 46.0933 44.6016 38.2737 66.6448 46.6678 44.6961 52.1326 50.5308 70.2526 91.8662 76.0150 100.6542 81.6832 56.3664 70.8716 62.4551 87.2307 76.0934 19.5862 16.4774 37.9763 33.5893 25.5557 44.4730 28.9839 31.4204 34.9164 22.1614 43.1873 13.1169 24.3856 42.5960 15.1777 32.3965 30.8651 26.5825 34.9694 39.9426 20.5873 16.5431 28.9194 40.8360 28.3486 32.8344 33.9795 29.2666
35 32.9247 57.9136 39.8507 35.0794 35.3468 43.9218 43.8435 43.6255 47.4300 7.5083 14.2552 50.3539 21.6678 4.9100 39.2751 16.6462 44.2353 10.7271 41.6868 46.4527 4.2015 14.1242 14.0924 8.9100 30.5758 16.6737 29.8751 39.7192 33.2509 37.7192 52.4119 46.4056 54.0931 2.7034 48.6746 0.0000 4.8612 38.7602 72.7453 48.8802 51.1215 73.3545 57.3487 56.3089 42.9566 34.9688 66.0823 63.2149 53.4817 54.8561 58.6183 63.5032 57.2522 59.3073 57.3250 63.0702 60.9831 68.9068 59.7659 42.6258 34.3857 59.2777 22.6921 32.9191 40.6180 50.8666 49.2361 50.1812 36.7728 46.2074 24.3705 33.7711 28.4505 53.8146 35.3997 25.1318 45.6742 61.2338 54.0333 72.3712 17.2789 31.7447 45.5916 45.6499 49.3830 36.9724 36.7855 33.8121 55.0119 52.4916 21.4610 53.4972 49.4512 52.8243 52.6188 22.8278 47.0689 52.6060 26.1309 45.3579 50.0818 47.5557 38.4559 49.7387 28.3211 48.6853 36.8873 43.4064 23.9531 48.3990 56.9431 49.1440 32.7377
36 29.7048 58.2478 35.1911 30.3415 30.6184 39.1202 39.0320 38.7802 42.7873 8.1255 10.1148 45.5581 17.7123 8.6107 34.6945 18.4584 39.5981 12.3489 36.8436 41.6881 4.4901 10.3176 9.2583 6.0195 25.7149 14.8798 25.1800 34.9574 28.4105 33.5638 47.6032 42.8358 49.2323 6.2349 43.8307 4.8612 0.0000 34.0894 67.9366 45.0324 50.5215 72.7600 56.4961 55.8918 42.6989 30.2269 61.4883 59.7789 50.9035 52.4640 54.9502 61.4911 54.0808 55.7527 54.4310 60.5580 57.9258 67.0456 56.3156 41.2203 34.2481 57.1551 22.6481 32.7991 39.7309 49.0682 46.4894 47.9469 35.0490 43.3894 27.9203 32.4888 27.1200 51.9863 34.5904 29.3221 50.2209 61.5371 58.6660 72.2766 19.6392 34.8724 45.6389 49.4643 50.9673 32.6694 32.2629 31.3243 51.4874 48.5138 20.3622 49.7070 45.9492 49.4785 48.4455 21.4107 42.5403 48.5566 24.5150 40.9170 46.6352 44.0619 34.7275 46.5062 26.2086 44.4960 32.3729 39.8424 22.0453 44.6995 53.2943 45.8507 29.2059
37 19.5086 61.7016 1.1371 4.1713 3.7991 7.0079 7.3207 9.0774 8.7232 36.0918 29.5427 12.5153 28.6251 40.5878 22.4318 41.9807 5.5718 38.8515 7.8637 8.3047 35.8460 25.5634 25.9645 30.8743 12.4374 29.5084 19.1266 3.0222 13.6125 28.8833 22.6228 40.3766 19.8455 40.2824 12.6968 38.7602 34.0894 0.0000 40.1387 38.7899 49.4927 67.6211 52.2888 54.8261 46.2126 4.3287 27.4792 34.4539 34.9025 37.5899 28.2691 47.6602 32.1034 29.9815 34.8259 42.9161 36.1929 53.4425 31.3967 37.7221 41.7226 43.3281 36.9589 41.0297 40.3383 39.8754 30.4254 35.6896 32.3202 27.8797 54.6371 34.1280 32.0048 41.7223 38.0003 58.5829 80.1390 64.2144 88.9737 70.6885 44.3581 58.4814 50.1467 74.8634 63.4724 7.3832 3.8505 25.5724 26.8078 19.9550 31.9310 22.8130 22.9773 26.9958 17.8978 30.5809 9.1535 19.2522 29.9040 8.6541 23.9987 21.8334 15.0494 25.9972 27.2555 14.4784 3.9476 18.7312 28.1913 20.0892 27.0731 24.9792 16.7440
38 59.3330 100.3178 39.6225 41.6078 41.5709 33.1310 32.8424 31.6013 35.5208 72.7526 59.3414 28.7182 53.5707 76.1014 34.7933 80.5831 37.3971 76.3568 33.3916 32.5360 71.2090 62.5822 58.6808 67.0736 42.6265 68.4093 43.1130 37.4982 39.5919 39.9556 20.3338 41.8685 20.3280 73.2367 27.4472 72.7453 67.9366 40.1387 0.0000 37.2498 87.6915 102.6108 89.1430 92.5732 85.6730 41.6225 32.5037 59.7770 68.7458 71.4821 54.5344 80.1264 62.1098 56.6417 66.0389 73.5423 65.0158 85.0559 58.5021 76.4107 81.7878 76.6344 76.7566 81.1394 79.6749 76.3040 65.4496 71.4755 71.7658 63.9351 93.0154 74.0294 72.1424 77.3388 77.8792 96.1084 117.6262 102.4905 126.2818 107.0785 82.8299 97.7753 89.5701 114.0470 103.4980 46.9313 43.9234 65.2650 56.2365 48.4040 71.6832 51.7132 55.8475 58.5284 44.6768 70.4809 38.4840 47.0829 70.0154 41.0419 56.6903 55.8299 53.4926 59.5537 67.3897 44.8964 43.9867 54.8911 68.1837 52.9490 54.5466 58.6646 56.6563
39 54.5770 95.8386 39.3463 36.3443 36.6501 35.3403 34.7711 32.2169 42.4226 52.4796 34.9209 37.8703 27.3206 53.5062 16.4620 62.5825 41.3111 56.7990 32.0913 37.8715 49.4062 45.4458 37.5078 47.4330 29.7526 53.3299 24.0085 36.1560 26.6119 12.2077 24.6301 4.6782 31.4782 48.0988 33.7475 48.8802 45.0324 38.7899 37.2498 0.0000 84.8567 104.9930 88.9043 90.4806 79.4323 36.2148 54.6286 72.4006 73.4712 76.0887 66.1311 86.2501 70.8107 68.0419 73.6154 81.7037 74.8432 92.0897 69.6249 73.1445 72.5487 81.8330 63.1446 71.3705 74.3352 77.3159 68.8449 73.6431 66.7877 66.0626 72.9526 66.8715 62.6878 79.5206 70.4379 73.9931 93.8386 98.7842 101.7200 107.0747 64.2027 79.7452 83.1930 94.4645 92.9842 45.2652 41.5936 60.1603 65.3088 57.8045 58.6737 61.0105 61.7614 65.7535 54.8953 58.4171 45.1539 56.8275 59.7954 46.2299 62.7835 60.6126 52.8756 64.7594 58.8413 52.3448 41.7735 57.3037 57.1081 58.8397 65.1770 63.7443 51.9854
40 30.6205 12.7231 49.5792 50.1121 49.9254 55.9838 56.4357 58.5209 52.2082 43.6152 56.7806 59.1127 62.4990 47.6726 68.9366 36.5644 50.6626 41.0110 57.3409 55.6542 47.2327 43.0527 51.8553 44.7381 55.1993 35.8899 60.9654 52.5079 58.5567 72.9571 72.0722 84.8601 68.3357 53.8013 61.2062 51.1215 50.5215 49.4927 87.6915 84.8567 0.0000 22.2533 6.7294 5.6570 8.6572 50.1932 61.5543 37.8304 22.2823 20.4707 38.8654 20.6372 31.1501 37.4967 27.5519 25.7937 31.4002 23.3137 36.1975 11.8534 17.0055 19.2465 28.4903 18.4432 10.9989 12.8536 23.4746 17.6632 18.0696 24.1229 41.2967 18.6685 23.7907 13.6960 15.9581 47.1826 61.0796 14.8193 68.6067 22.4281 37.6030 37.2780 8.2706 48.3527 22.8220 42.1109 45.7476 24.7605 35.1333 41.0566 30.1825 38.4825 33.0086 31.8468 44.4611 29.3454 49.2077 42.2947 26.6888 46.6640 32.4183 32.4818 34.6555 29.5221 26.5103 43.1803 45.6170 32.8164 29.4686 35.4777 37.7861 30.1798 33.3711
41 50.4795 19.4831 67.4506 69.0897 68.8383 73.3775 73.8943 76.2476 68.2704 65.8520 78.7386 75.1726 84.1263 69.8132 88.6979 58.4260 67.4788 63.1436 75.3993 72.3606 69.4834 65.0227 73.7218 66.9451 75.2671 58.0641 81.5089 70.6094 78.3938 93.4367 89.4921 105.4401 84.7388 76.0282 77.9960 73.3545 72.7600 67.6211 102.6108 104.9930 22.2533 0.0000 16.5130 17.1309 30.5070 69.1974 72.8113 45.0935 33.9204 31.1596 48.9060 23.0362 40.8540 46.9469 36.8033 30.2184 38.7371 19.6585 45.1699 32.5597 39.0718 26.0264 50.6877 40.5321 33.0801 27.7933 37.6679 31.9902 39.1529 39.8442 61.4471 40.5987 45.8661 25.9336 38.1721 67.0694 77.3008 17.0155 83.6285 7.5308 59.2403 55.9875 28.5074 63.1681 35.6216 60.4119 64.1739 45.2321 46.5236 54.2105 52.4056 50.9409 46.9163 44.0838 57.9352 51.4984 65.0765 55.5322 48.6987 62.8339 46.0203 47.2104 52.6386 43.2382 48.0990 57.9855 64.0150 49.1959 51.4331 49.9200 48.5210 44.1842 53.0173
42 34.3291 14.1049 52.2378 53.3860 53.1612 58.4341 58.9217 61.1557 53.9766 49.8431 62.2469 60.9319 67.6178 54.0589 72.7310 43.1490 52.7861 47.4185 60.1429 57.7598 53.3844 48.5417 57.2167 50.6188 59.1518 41.7090 65.2431 55.3074 62.3731 77.2091 74.6113 89.1910 70.3690 60.0420 63.3868 57.3487 56.4961 52.2888 89.1430 88.9043 6.7294 16.5130 0.0000 5.1718 15.3663 53.4829 61.3593 35.7479 21.2658 18.8828 37.8410 15.9077 29.7490 36.2077 25.8076 22.1800 29.1089 17.4124 34.6885 16.0667 23.5633 15.8644 34.8503 24.9750 16.7725 12.8396 23.7689 17.7034 22.6561 25.2460 48.0088 24.1506 29.4633 12.1487 21.9627 53.8838 67.3108 14.7695 74.6415 18.4011 44.2529 43.8246 14.7556 54.2381 27.7069 44.9505 48.6836 28.8710 34.5529 41.3618 36.1410 38.4362 33.4813 31.5307 44.9624 35.1369 50.8570 42.6581 32.2543 48.4333 32.7337 33.3321 37.2436 29.8071 31.5861 44.2603 48.5363 34.5046 34.9665 36.2572 37.0088 30.6217 36.9573
43 36.1500 9.0420 54.8703 55.5770 55.3807 61.2163 61.6808 63.8167 57.1823 48.8181 62.3465 64.1181 68.1279 52.7003 74.5212 41.3027 55.7714 46.0306 62.6865 60.7646 52.4904 48.6251 57.4490 50.1676 60.8012 41.3651 66.6063 57.8467 64.1398 78.5985 77.3504 90.5086 73.4346 58.9717 66.3514 56.3089 55.8918 54.8261 92.5732 90.4806 5.6570 17.1309 5.1718 0.0000 13.3862 55.6620 65.5845 40.5851 25.6608 23.4591 42.3429 21.0782 34.3499 40.7984 30.4993 27.2918 33.9788 22.3119 39.3479 17.3860 21.9626 20.9032 33.6198 23.4263 16.6055 16.6330 27.6262 21.5966 23.7029 28.6987 44.9407 24.2898 29.3521 16.5754 21.4415 50.7132 63.0796 10.1792 70.2007 16.7778 42.1586 40.1684 11.5576 49.7154 22.7943 47.4443 51.1163 30.3492 38.8700 45.3166 35.6088 42.5421 37.3231 35.7226 48.8340 34.8489 54.1271 46.5895 32.2701 51.6273 36.6473 36.9838 39.8891 33.7179 32.1618 47.8335 50.9806 37.7016 35.0593 39.9592 41.4143 34.4625 38.8809
44 26.7218 16.4341 46.4877 46.1497 46.0207 53.0390 53.4338 55.2787 50.2675 35.4796 49.6221 56.9606 55.7788 39.3141 63.9746 27.9920 48.2789 32.6444 53.8907 53.1835 39.1841 35.9974 44.8857 37.0873 50.1880 28.4332 55.4238 49.1548 53.6866 67.3393 68.7698 79.0600 65.7542 45.6108 58.5331 42.9566 42.6989 46.2126 85.6730 79.4323 8.6572 30.5070 15.3663 13.3862 0.0000 46.2067 61.9895 41.2038 25.4554 24.4578 40.9435 27.5151 34.0505 39.9499 31.0700 31.3717 35.2940 31.0914 38.9678 10.1964 8.5805 25.0720 20.2656 10.0460 6.0263 16.6246 24.9870 20.2976 13.9315 24.5093 32.8176 12.6131 16.9385 18.7059 9.0066 38.7393 53.6958 19.4980 61.5652 29.5834 28.9684 29.3239 3.9353 41.7457 19.2020 38.9804 42.3690 20.6445 36.8396 41.3875 22.6002 39.3674 33.5142 33.4127 44.4156 22.0673 47.5027 42.5037 19.8991 44.8690 33.1604 32.5305 32.1971 30.4977 20.6024 42.4216 42.2655 31.7231 22.6919 35.4474 39.6089 30.9093 29.5091
45 19.6396 62.0889 5.4505 0.1654 0.5581 9.2389 9.3014 10.0321 12.8719 32.7909 25.2733 15.5276 24.3258 37.0715 19.7536 39.3770 9.8076 35.8163 8.2408 11.5044 32.2531 22.2302 21.8509 27.3995 8.3100 26.9905 15.1852 4.7892 10.0612 25.6453 22.8422 37.4127 21.3622 36.3715 14.6591 34.9688 30.2269 4.3287 41.6225 36.2148 50.1932 69.1974 53.4829 55.6620 46.2067 0.0000 31.5980 38.1405 37.2698 39.8755 32.0379 50.0448 35.2817 33.6560 37.7261 45.7223 39.4273 55.8975 34.9796 38.3421 41.0181 45.6189 35.1380 40.1948 40.4965 41.4086 32.6301 37.5208 32.5178 29.8663 51.9877 33.8003 31.0514 43.4689 37.6563 55.6587 77.2659 64.7447 86.0701 71.8553 41.7079 56.2777 50.1337 72.6179 62.7400 9.0565 5.4811 25.6768 30.2548 23.8277 30.0633 26.4975 26.0100 30.1032 22.0206 28.8977 13.4821 23.2228 28.6832 12.8555 27.0176 24.6750 16.6945 28.7392 26.4064 18.4450 5.6692 21.1409 26.6677 23.2836 30.7551 27.7368 16.8547
46 39.6187 74.1860 26.3557 31.4615 31.1361 24.0351 24.3799 25.9995 18.7579 62.7349 56.7840 18.3710 54.7323 67.5358 41.8210 66.9879 21.9198 64.9357 27.4377 20.9415 62.9455 52.4480 53.4292 57.8635 38.4696 54.8262 43.7746 27.2035 37.8947 49.3247 30.1641 58.0223 23.2143 67.7049 22.1075 66.0823 61.4883 27.4792 32.5037 54.6286 61.5543 72.8113 61.3593 65.5845 61.9895 31.5980 0.0000 28.1890 40.1016 42.5957 23.9254 49.8064 32.0650 25.8645 36.1433 42.7697 34.1486 54.1294 27.6512 51.8529 60.7966 46.9740 60.0976 60.6498 56.1145 48.9722 38.0844 44.0193 49.2014 37.6924 79.4294 52.7067 52.9905 49.2110 56.1213 84.0482 105.1969 75.7636 114.0427 78.1707 69.4107 81.8380 65.5563 97.9726 81.0962 29.8258 29.3330 44.1796 26.8158 20.6347 55.5554 23.0777 28.6435 29.8655 17.6347 53.8311 19.0967 19.4883 51.9442 21.1341 29.1609 29.4713 32.3182 32.0364 48.5652 20.3164 29.2430 30.6724 51.2531 26.5422 24.4745 31.4179 37.7790
47 30.3249 49.6029 33.6451 37.9788 37.5962 37.0768 37.6483 40.2177 30.1201 57.2696 59.7285 35.8461 61.3134 62.5613 56.4894 56.9948 31.1066 57.5936 40.3291 34.7381 59.1752 49.4616 54.8686 54.3287 46.3794 47.5081 53.3173 36.6290 48.0404 63.2724 51.1404 74.4844 44.9339 65.5927 39.6655 63.2149 59.7789 34.4539 59.7770 72.4006 37.8304 45.0935 35.7479 40.5851 41.2038 38.1405 28.1890 0.0000 15.8023 17.3598 6.2700 22.1083 7.2714 4.4846 10.2952 14.8772 6.6550 26.0029 3.4665 31.5303 43.4906 20.1047 48.0589 43.9795 36.3607 25.1494 16.9101 20.9157 32.3094 18.8528 67.6255 36.6136 39.6223 24.2037 38.7128 73.2384 92.2101 50.5173 100.6935 50.9755 59.1909 67.3574 43.9598 81.9906 59.9469 30.0930 32.8614 30.9927 8.3847 14.6289 45.1745 11.6504 13.8433 10.4519 17.5836 43.2883 27.2589 15.5731 40.2045 26.2660 13.1460 15.7219 25.2753 13.7423 36.8936 20.1412 32.6731 19.9759 41.1025 15.5528 7.3879 14.1783 30.5730
48 21.9362 34.5074 34.5363 37.1367 36.8246 40.0113 40.5528 43.0125 34.4782 46.6757 53.3403 41.3286 56.7682 51.8303 57.0107 44.2627 33.9491 46.0530 42.3963 38.7112 49.2870 40.9708 48.1640 44.9928 44.5075 36.8860 51.3166 37.7672 47.1393 62.7144 55.9345 74.6154 50.9105 56.0765 44.3128 53.4817 50.9035 34.9025 68.7458 73.4712 22.2823 33.9204 21.2658 25.6608 25.4554 37.2698 40.1016 15.8023 0.0000 2.7784 16.6902 12.7798 8.8751 15.2271 5.6223 9.6704 9.9113 18.6307 13.9214 16.1004 28.5141 8.4379 34.9875 29.2041 20.9019 9.4486 4.8023 5.1749 18.3819 7.9365 53.7159 22.6012 26.6841 9.1289 23.9424 59.5293 77.4794 35.8134 85.7892 38.4485 46.2402 52.5758 28.1575 66.6505 44.1485 28.2133 31.8805 19.6698 13.2884 20.4256 33.1862 17.3116 13.0058 10.3668 24.1216 31.4268 31.2719 21.7444 28.0774 29.1438 12.1002 13.4554 20.7737 9.3590 25.3060 24.0770 31.7019 16.1900 29.7417 16.0358 15.7646 10.3365 23.5590
49 23.9557 32.4036 37.2436 39.7449 39.4388 42.7650 43.3047 45.7570 37.2563 47.9043 55.2963 44.1066 58.9467 52.9920 59.6267 44.9219 36.7128 47.0498 45.1203 41.4840 50.6548 42.6778 50.1047 46.5059 47.0046 38.1976 53.7726 40.4713 49.6959 65.2464 58.7049 77.1720 53.6887 57.4813 47.0880 54.8561 52.4640 37.5899 71.4821 76.0887 20.4707 31.1596 18.8828 23.4591 24.4578 39.8755 42.5957 17.3598 2.7784 0.0000 18.9583 10.1973 10.8934 17.3484 7.0964 8.3243 10.9981 16.0942 15.8924 15.7349 28.3159 5.7467 35.6165 29.1273 20.4001 7.9247 7.2554 4.9738 18.9795 10.2262 53.8885 23.0429 27.4810 6.9027 23.9449 59.7583 77.2009 33.5534 85.4022 35.7822 46.8126 52.3362 26.8711 66.0058 42.7624 30.8236 34.5139 21.1400 15.7967 23.1256 34.1857 19.9577 15.7798 13.0232 26.8338 32.4876 34.0500 24.4465 29.1142 31.9170 14.8673 16.2268 23.2967 12.1374 26.5533 26.8498 34.3371 18.8609 30.9666 18.8134 18.1599 13.1140 25.7473
50 26.0802 51.1948 27.4360 31.8749 31.4890 30.8109 31.3827 33.9535 23.8795 53.0427 54.2705 29.7371 55.5018 58.3231 50.2297 53.7082 24.8374 53.7395 34.0595 28.4999 54.6740 44.6572 49.5270 49.7083 40.3127 43.4514 47.2231 30.3899 41.8742 57.0429 45.0371 68.2214 38.9514 60.9033 33.4968 58.6183 54.9502 28.2691 54.5344 66.1311 38.8654 48.9060 37.8410 42.3429 40.9435 32.0379 23.9254 6.2700 16.6902 18.9583 0.0000 25.9468 8.1757 2.1265 12.2454 19.0731 10.4867 30.5699 3.9808 30.8567 41.9835 23.0583 45.1016 42.2727 35.5834 26.0193 15.9568 21.2484 30.3433 16.8954 64.9190 34.5265 36.8042 25.7777 37.1275 70.3512 90.0085 52.4800 98.6328 54.2683 55.9916 65.3512 44.0827 80.5395 60.0632 24.2583 26.8381 27.7919 4.2808 8.3715 41.7380 5.6007 9.4621 7.6436 11.3567 39.8408 20.9941 9.3041 36.9660 20.0090 9.1290 11.3089 20.2234 10.9291 33.5264 13.8913 26.6516 15.2480 37.4980 10.2525 1.6996 10.9228 25.8911
51 33.8504 29.8784 47.2698 49.9125 49.6020 52.6031 53.1527 55.6433 46.7805 56.3005 64.9794 53.5049 68.9152 61.1996 69.7891 52.0434 46.4871 54.9461 55.0923 51.1421 59.3167 52.0195 59.7792 55.4802 57.2009 46.8648 63.9595 50.5037 59.8883 75.4433 68.3701 87.3652 63.0752 66.1754 56.6885 63.5032 61.4911 47.6602 80.1264 86.2501 20.6372 23.0362 15.9077 21.0782 27.5151 50.0448 49.8064 22.1083 12.7798 10.1973 25.9468 0.0000 18.0361 23.9511 14.0926 7.2586 15.7010 5.9087 22.1552 21.6954 33.6457 4.5436 42.8463 34.7586 25.4384 12.8208 17.4500 13.7351 26.7895 20.4004 59.5594 30.2877 35.3164 9.8911 30.0767 65.5131 81.1964 30.0169 88.9640 28.9152 53.6851 56.7822 28.6357 68.8704 43.2688 40.9890 44.6603 30.3742 23.8936 31.8533 42.2818 28.4641 25.2791 21.8755 35.5736 40.7446 43.5777 33.1605 37.3976 41.5965 24.2945 26.0178 33.4927 21.8326 35.2951 36.1853 44.4818 28.9658 39.5761 28.3522 25.6757 22.8466 35.7916
52 24.3815 43.2747 31.4796 35.1290 34.7691 35.9825 36.5510 39.1154 29.5811 51.0052 54.9167 36.0370 57.2268 56.2813 54.5274 50.1387 29.8172 51.0540 38.8748 34.1170 53.1410 43.8114 49.8986 48.4409 43.2340 41.1703 50.2060 34.6554 45.3414 60.8836 51.1850 72.4783 45.5235 59.7128 39.4866 57.2522 54.0808 32.1034 62.1098 70.8107 31.1501 40.8540 29.7490 34.3499 34.0505 35.2817 32.0650 7.2714 8.8751 10.8934 8.1757 18.0361 0.0000 6.4591 4.0784 11.5875 4.1781 23.0337 5.0475 24.2851 36.2237 14.9121 41.0922 36.7256 29.1123 18.3237 9.6602 13.8334 25.1183 11.8125 60.5277 29.4305 32.6411 17.7796 31.4541 66.1890 84.9857 44.4450 93.4489 46.1078 52.2885 60.1179 36.9170 74.7197 52.9279 26.5616 29.8164 24.2703 5.9698 14.0719 38.4476 10.6206 9.3151 5.2015 17.7310 36.5799 26.4455 15.3414 33.4069 24.8232 8.3393 10.8842 20.4577 7.5981 30.1932 18.9381 29.6266 15.0513 34.5038 12.0248 7.6677 8.3543 25.0797
53 26.5520 49.7056 29.1826 33.4943 33.1118 32.7517 33.3243 35.8993 25.8768 53.5524 55.4190 31.8137 56.8807 58.8423 52.0702 53.8106 26.7317 54.0824 35.9545 30.4971 55.3142 45.4395 50.6047 50.4026 41.8957 43.8727 48.8327 32.1862 43.5615 58.8171 47.1112 70.0711 41.0562 61.6392 35.5462 59.3073 55.7527 29.9815 56.6417 68.0419 37.4967 46.9469 36.2077 40.7984 39.9499 33.6560 25.8645 4.4846 15.2271 17.3484 2.1265 23.9511 6.4591 0.0000 10.4576 17.0113 8.3994 28.4923 1.8607 29.9589 41.3978 21.1965 45.0592 41.7572 34.7367 24.6452 15.0254 19.9871 29.8839 16.3326 64.8026 34.1268 36.6894 24.2239 36.5563 70.3090 89.7197 50.9017 98.2968 52.4053 56.0610 64.9753 42.9814 79.9811 58.9886 25.6439 28.3800 27.8030 4.3114 10.2374 41.8857 7.1704 9.8693 7.1887 13.3873 39.9897 22.9457 11.2555 37.0214 21.8522 9.3304 11.7644 21.0967 10.5988 33.6267 15.7229 28.1918 15.9153 37.7091 11.2274 2.9084 10.7911 26.5805
54 24.8515 39.4733 34.2904 37.5798 37.2354 39.1551 39.7174 42.2587 32.9974 50.7814 56.0019 39.5998 58.7990 56.0108 57.2360 49.0899 32.9886 50.4841 41.8911 37.4626 53.1610 44.2796 50.8961 48.6422 45.4504 40.9301 52.3881 37.5071 47.7674 63.3701 54.6309 75.0993 49.1389 59.8576 42.9248 57.3250 54.4310 34.8259 66.0389 73.6154 27.5519 36.8033 25.8076 30.4993 31.0700 37.7261 36.1433 10.2952 5.6223 7.0964 12.2454 14.0926 4.0784 10.4576 0.0000 8.1326 4.3356 19.3094 8.8824 21.6803 34.0006 10.8356 39.8873 34.6348 26.4957 14.8575 8.2484 10.7969 23.4621 11.1301 58.9407 27.7514 31.4788 13.9875 29.3556 64.7034 82.9481 40.5438 91.3009 42.0299 51.1467 58.0423 33.7162 72.2435 49.6819 28.7974 32.2462 23.7253 9.8026 17.7874 37.6924 14.3793 11.8651 8.0257 21.4978 35.8716 29.8192 19.0874 32.5864 28.0179 10.8428 13.0527 22.0481 9.0480 29.5756 22.3398 32.0589 16.8216 33.9838 14.8559 11.7252 10.0225 25.9736
55 31.5459 36.2848 42.3996 45.5788 45.2413 47.2834 47.8463 50.3895 41.0671 56.1781 62.9457 47.5986 66.1821 61.2868 65.3032 53.2144 41.1155 55.3709 50.0219 45.5583 58.8711 50.6412 57.7801 54.6336 53.3210 46.4354 60.2240 45.6210 55.7369 71.3481 62.6963 83.1263 57.1024 65.6797 50.9903 63.0702 60.5580 42.9161 73.5423 81.7037 25.7937 30.2184 22.1800 27.2918 31.3717 45.7223 42.7697 14.8772 9.6704 8.3243 19.0731 7.2586 11.5875 17.0113 8.1326 0.0000 8.6302 11.5137 15.1737 23.6044 36.1604 6.5480 43.9082 37.0685 28.0488 14.9516 14.3056 13.2593 27.2870 17.4825 61.9373 31.3026 35.8032 12.6686 31.9811 67.8381 84.7824 36.7328 92.8349 36.1730 55.0789 60.0187 33.2072 73.1169 48.6085 36.7353 40.2508 29.2787 17.5572 25.6577 42.5043 22.2078 19.9857 16.1451 29.3166 40.7971 37.9020 26.9289 37.4259 36.1400 18.9643 21.0955 29.7049 16.9837 34.8082 30.4053 40.0650 24.6614 39.2334 22.9877 18.9998 17.9893 33.0408
56 28.2291 43.0083 35.5436 39.2738 38.9116 39.8769 40.4477 43.0204 33.3238 54.5898 58.9910 39.6180 61.3845 59.8457 58.6002 53.2316 33.7278 54.4502 42.8458 37.9007 56.8451 47.6927 53.9493 52.2211 47.4027 44.7368 54.3759 38.7004 49.4841 65.0091 54.8498 76.5684 49.0198 63.4768 43.1805 60.9831 57.9258 36.1929 65.0158 74.8432 31.4002 38.7371 29.1089 33.9788 35.2940 39.4273 34.1486 6.6550 9.9113 10.9981 10.4867 15.7010 4.1781 8.3994 4.3356 8.6302 0.0000 20.0932 6.5511 26.0015 38.3362 13.4560 44.0684 38.9666 30.8105 18.9075 12.3528 15.0778 27.7296 15.0087 63.2213 32.0298 35.6373 17.7156 33.6862 68.9662 87.2817 43.8767 95.6365 44.4438 55.3180 62.3762 37.8407 76.5599 53.7572 30.7348 33.9685 27.6368 9.6270 17.6321 41.7202 14.1966 13.4897 9.3772 21.1653 39.8785 30.2351 18.8395 36.6313 28.7381 12.5170 15.0574 24.5941 11.6172 33.5343 22.7511 33.7785 19.1995 37.9095 16.1493 10.5793 12.4398 29.0719
57 39.7199 30.4109 53.0250 55.7637 55.4494 58.2432 58.7977 61.3072 52.2657 61.6258 70.7647 58.9062 74.7871 66.4337 75.6317 56.8751 52.1028 60.0784 60.8076 56.6863 64.7363 57.7036 65.5653 61.0273 63.0977 52.3262 69.8643 56.2599 65.7659 81.3308 73.8911 93.2429 68.4483 71.5918 62.1906 68.9068 67.0456 53.4425 85.0559 92.0897 23.3137 19.6585 17.4124 22.3119 31.0914 55.8975 54.1294 26.0029 18.6307 16.0942 30.5699 5.9087 23.0337 28.4923 19.3094 11.5137 20.0932 0.0000 26.6435 26.6131 37.9768 10.4457 47.7935 39.1873 29.8955 18.0406 23.3390 19.5467 32.1341 26.3068 63.7026 35.3948 40.5594 15.0928 34.7969 69.6547 84.3902 29.8962 91.8962 26.3938 58.4011 60.3767 31.5721 71.5675 45.0823 46.8411 50.4960 36.0887 28.9922 37.0627 47.5601 33.6278 30.8627 27.2795 40.7505 46.0908 49.0745 38.3499 42.7761 47.1752 29.8609 31.7085 39.3799 27.5164 40.8383 41.6232 50.3163 34.7878 45.0513 33.9271 30.5120 28.5353 41.6889
58 26.8926 48.2936 30.6302 34.8194 34.4406 34.3782 34.9512 37.5287 27.5647 53.8587 56.2921 33.5834 57.9617 59.1509 53.5875 53.7587 28.3193 54.2410 37.5339 32.1816 55.7336 45.9981 51.4190 50.8760 43.1769 44.1159 50.1324 33.6755 44.9378 60.2672 48.8748 71.5919 42.8603 62.1373 37.2838 59.7659 56.3156 31.3967 58.5021 69.6249 36.1975 45.1699 34.6885 39.3479 38.9678 34.9796 27.6512 3.4665 13.9214 15.8924 3.9808 22.1552 5.0475 1.8607 8.8824 15.1737 6.5511 26.6435 0.0000 29.0842 40.7661 19.5081 44.8940 41.1858 33.8928 23.3697 14.2207 18.8333 29.3946 15.8483 64.5479 33.6751 36.4794 22.7920 35.9480 70.1145 89.2999 49.4163 97.8329 50.6964 55.9773 64.4952 41.9021 79.3340 57.9158 26.7801 29.6455 27.7356 4.9458 11.8542 41.8930 8.6286 10.3768 7.0846 15.1246 40.0021 24.5925 12.9325 36.9595 23.4011 9.6875 12.2563 21.8159 10.4452 33.6143 17.2802 29.4562 16.5096 37.7817 12.1516 4.4708 10.8085 27.1098
59 18.7725 24.0304 37.8493 38.2619 38.0778 44.3066 44.7442 46.7756 40.8925 35.2275 46.3546 47.7229 51.5716 39.9041 57.1393 30.3517 39.1543 33.4859 45.5533 44.1285 38.5126 32.7157 41.2729 35.2380 43.4347 26.3412 49.3395 40.7296 46.7578 61.3269 60.3323 73.2767 56.7976 45.3270 49.6229 42.6258 41.2203 37.7221 76.4107 73.1445 11.8534 32.5597 16.0667 17.3860 10.1964 38.3421 51.8529 31.5303 16.1004 15.7349 30.8567 21.6954 24.2851 29.9589 21.6803 23.6044 26.0015 26.6131 29.0842 0.0000 12.5898 18.0895 21.1935 13.4641 4.8316 8.9568 14.9362 10.9880 6.5932 14.3130 38.3484 8.8651 14.1816 11.8173 8.4533 44.2641 61.4800 26.4925 69.7272 33.9396 31.9968 36.6038 13.7088 50.5642 29.3977 30.3507 33.9511 12.9847 26.7079 31.2303 21.1663 29.1712 23.3248 23.2781 34.3256 19.8621 37.9958 32.3653 16.7080 35.3968 22.9641 22.3817 23.0426 20.3113 15.6095 32.5069 33.8247 21.8584 19.2795 25.3230 29.4825 20.7131 21.5182
60 22.5412 24.1904 42.1775 40.9861 40.9172 48.7123 49.0429 50.6180 46.9959 26.9194 41.5524 53.3256 47.9962 30.7415 57.5936 19.5858 44.6222 24.0718 49.0559 49.3175 30.6455 28.1149 36.9847 28.7520 43.9335 20.3163 48.6182 44.5166 47.5097 60.3664 63.8518 71.8748 61.5558 37.0353 54.3620 34.3857 34.2481 41.7226 81.7878 72.5487 17.0055 39.0718 23.5633 21.9626 8.5805 41.0181 60.7966 43.4906 28.5141 28.3159 41.9835 33.6457 36.2237 41.3978 34.0006 36.1604 38.3362 37.9768 40.7661 12.5898 0.0000 30.4253 11.7036 1.4667 8.2217 21.3156 26.5900 23.4997 11.7838 25.0973 25.9332 8.1139 10.0836 23.9918 4.8584 31.8809 48.9654 27.4244 57.3024 38.0549 20.7525 24.0634 11.4194 38.5834 21.7575 34.8868 37.8973 16.9180 37.7135 40.6887 14.4800 39.3092 33.4117 34.3518 43.2196 14.2785 44.5447 41.6364 12.8265 41.9066 33.3145 32.0422 29.1615 31.0732 14.6130 40.5915 37.8246 30.1398 15.4474 34.6915 40.4590 31.2130 25.1506
61 29.3142 29.9338 42.9713 45.4888 45.1836 48.4330 48.9766 51.4433 42.7919 52.1428 60.4848 49.5919 64.3765 57.1064 65.3710 48.2896 42.3536 50.9426 50.8342 47.0804 55.0829 47.5956 55.2850 51.1539 52.7046 42.6136 59.4454 46.2012 55.4237 70.9612 64.3118 82.8972 59.1754 61.9382 52.6635 59.2777 57.1551 43.3281 76.6344 81.8330 19.2465 26.0264 15.8644 20.9032 25.0720 45.6189 46.9740 20.1047 8.4379 5.7467 23.0583 4.5436 14.9121 21.1965 10.8356 6.5480 13.4560 10.4457 19.5081 18.0895 30.4253 0.0000 39.0279 31.4404 22.2170 9.1440 12.9908 9.2625 22.7025 15.8882 56.3420 26.3961 31.2758 6.4672 26.5422 62.2785 78.6717 30.5702 86.6260 31.2129 50.0208 54.0217 26.7369 66.7781 42.0637 36.5683 40.2605 25.9465 20.4982 28.2360 38.1880 24.9302 21.2601 18.1290 31.9659 36.5985 39.5839 29.5556 33.2336 37.5151 20.3059 21.8503 29.0199 17.7009 30.9985 32.2827 40.0838 24.6026 35.3264 24.3245 22.5548 18.7004 31.2481
62 20.5545 35.6024 37.6775 35.1501 35.1864 43.8547 44.0702 45.1556 43.8496 15.2164 30.5393 49.3488 37.4054 19.2086 49.1737 9.3062 41.0125 12.5771 43.3769 45.1515 18.9480 17.7591 26.3402 17.3870 36.0892 9.8162 39.6837 39.3589 39.6748 50.9517 57.6041 62.0171 56.4620 25.3519 49.5280 22.6921 22.6481 36.9589 76.7566 63.1446 28.4903 50.6877 34.8503 33.6198 20.2656 35.1380 60.0976 48.0589 34.9875 35.6165 45.1016 42.8463 41.0922 45.0592 39.8873 43.9082 44.0684 47.7935 44.8940 21.1935 11.7036 39.0279 0.0000 10.2386 18.3309 30.0329 31.7167 30.6530 16.6472 29.2800 19.8736 12.6456 8.4513 32.9554 13.1469 25.2542 45.3970 38.8892 54.1841 49.7454 11.2624 21.8280 23.0190 38.1508 29.8538 31.2746 33.4170 17.3137 40.9082 41.6234 5.0757 41.1953 35.7355 37.8955 43.3051 6.4225 42.0047 42.2772 8.3044 39.5226 35.9755 34.0053 27.8734 34.4862 11.8004 39.9598 33.4006 30.8467 8.9480 36.0342 43.4334 34.2756 22.3356
63 22.0233 25.5884 41.5170 40.1677 40.1105 48.0311 48.3491 49.8710 46.5127 25.4538 40.1716 52.7607 46.6661 29.2812 56.5176 18.1826 44.0755 22.6117 48.2798 48.7196 29.1825 26.7826 35.6391 27.3261 42.8994 18.9456 47.4722 43.7879 46.4843 59.1789 63.0369 70.6427 60.8743 35.5686 53.6975 32.9191 32.7991 41.0297 81.1394 71.3705 18.4432 40.5321 24.9750 23.4263 10.0460 40.1948 60.6498 43.9795 29.2041 29.1273 42.2727 34.7586 36.7256 41.7572 34.6348 37.0685 38.9666 39.1873 41.1858 13.4641 1.4667 31.4404 10.2386 0.0000 9.3263 22.3058 27.0697 24.2577 11.9454 25.4274 24.9066 7.9772 9.1549 25.0366 5.2833 30.8385 48.3187 28.8347 56.7287 39.5148 19.4038 23.4178 12.8506 38.2705 22.5469 34.2954 37.2210 16.5828 37.9945 40.6872 13.1244 39.4246 33.5525 34.6624 43.1207 13.0129 44.1261 41.6014 11.7731 41.4965 33.4997 32.1259 28.8059 31.3455 13.8103 40.3911 37.1545 30.0443 14.3151 34.7112 40.7230 31.4384 24.5703
64 20.9061 21.6609 40.5810 40.4327 40.2876 47.1201 47.5244 49.4137 44.2496 33.1212 45.7856 50.9586 51.5242 37.4754 58.6437 27.1158 42.2873 30.8891 48.0652 47.2053 36.6262 32.0566 40.8567 33.8764 44.8542 24.9850 50.3600 43.3006 48.2997 62.3331 62.9335 74.1681 59.7997 43.3162 52.5832 40.6180 39.7309 40.3383 79.6749 74.3352 10.9989 33.0801 16.7725 16.6055 6.0263 40.4965 56.1145 36.3607 20.9019 20.4001 35.5834 25.4384 29.1123 34.7367 26.4957 28.0488 30.8105 29.8955 33.8928 4.8316 8.2217 22.2170 18.3309 9.3263 0.0000 13.1365 19.7124 15.7606 8.0195 18.8745 34.1549 7.6869 12.8085 15.7738 5.2257 40.1022 56.8154 24.4825 65.0030 33.3720 28.5394 31.9866 9.8954 45.7494 24.9833 33.0629 36.5046 14.8317 31.4004 35.5569 19.3711 33.6697 27.7755 27.9733 38.5088 18.4182 41.4773 36.6455 15.6923 38.8444 27.4835 26.7022 26.1879 24.9196 15.6361 36.4354 36.3956 25.7349 18.4697 29.5835 34.1769 25.2565 23.7017
65 23.0887 25.2601 39.7467 41.2998 41.0464 45.8146 46.3156 48.6092 41.1711 43.5916 53.2450 48.1260 57.7788 48.4335 60.9641 39.2518 40.0667 42.1401 47.6881 45.0220 46.6979 39.9266 48.0663 43.0489 47.6625 34.3023 54.0837 42.8767 50.7041 65.9190 61.9846 77.9302 57.5928 53.5524 50.6584 50.8666 49.0682 39.8754 76.3040 77.3159 12.8536 27.7933 12.8396 16.6330 16.6246 41.4086 48.9722 25.1494 9.4486 7.9247 26.0193 12.8208 18.3237 24.6452 14.8575 14.9516 18.9075 18.0406 23.3697 8.9568 21.3156 9.1440 30.0329 22.3058 13.1365 0.0000 11.0116 4.9636 14.0940 12.4253 47.2116 17.4686 22.5450 2.9556 17.4046 53.1439 69.8323 26.8045 77.9097 31.0252 40.9360 45.0730 18.9465 58.3102 34.8521 32.6289 36.3893 18.5545 22.3522 28.6939 29.5354 25.9140 20.7294 19.1326 32.2383 28.0510 38.0383 29.9730 24.7362 35.6375 20.0284 20.5056 24.8585 17.0968 22.8926 31.4269 36.2320 21.7410 27.0403 23.4467 24.9702 17.8656 25.4697
66 17.2427 36.1080 30.1199 32.5006 32.1975 35.8027 36.3319 38.7438 30.6233 42.5971 48.6402 37.5490 51.9801 47.8096 52.3833 40.8827 29.8342 42.2397 38.0324 34.6954 45.0568 36.4516 43.4755 40.6330 39.7605 32.7555 46.5474 33.3369 42.4405 57.9938 51.8564 69.9167 47.0954 51.7968 40.3291 49.2361 46.4894 30.4254 65.4496 68.8449 23.4746 37.6679 23.7689 27.6262 24.9870 32.6301 38.0844 16.9101 4.8023 7.2554 15.9568 17.4500 9.6602 15.0254 8.2484 14.3056 12.3528 23.3390 14.2207 14.9362 26.5900 12.9908 31.7167 27.0697 19.7124 11.0116 0.0000 6.0699 15.4935 3.1770 50.9644 19.8080 23.2846 11.9096 21.8030 56.6717 75.3271 37.7821 83.7896 41.6541 42.9652 50.4577 28.1583 65.1307 44.1167 23.5828 27.2864 15.5171 11.8987 17.6906 29.4442 15.0087 9.7216 8.4989 21.2273 27.6238 27.4407 18.9645 24.3390 25.1672 9.0211 9.6345 16.0428 6.0922 21.3386 20.5571 27.1112 11.7069 25.7553 12.5062 14.6509 6.8582 18.7803
67 20.2126 30.1848 35.4831 37.4025 37.1265 41.3919 41.9066 44.2579 36.4924 43.1420 51.2444 43.4386 55.2667 48.1863 57.2173 39.9591 35.5336 42.1735 43.4305 40.4524 45.9809 38.3366 46.0442 41.9571 44.1823 33.5077 50.7873 38.6601 47.0748 62.4777 57.5249 74.4677 52.9505 52.8258 46.0933 50.1812 47.9469 35.6896 71.4755 73.6431 17.6632 31.9902 17.7034 21.5966 20.2976 37.5208 44.0193 20.9157 5.1749 4.9738 21.2484 13.7351 13.8334 19.9871 10.7969 13.2593 15.0778 19.5467 18.8333 10.9880 23.4997 9.2625 30.6530 24.2577 15.7606 4.9636 6.0699 0.0000 14.0282 7.8543 48.9534 18.0696 22.5605 6.0573 19.0396 54.8123 72.4479 31.7670 80.7139 35.6869 41.8413 47.5565 23.0841 61.4992 39.0945 28.5827 32.3397 16.6902 17.4703 23.7350 29.3269 20.9543 15.7907 14.2046 27.2924 27.6610 33.3325 25.0171 24.2848 30.9881 15.0733 15.6461 20.8346 12.1414 21.8619 26.5798 32.1740 17.2152 26.2396 18.5561 20.1291 12.9278 22.3044
68 12.8984 29.5761 32.5712 32.4506 32.2982 39.1164 39.5162 41.3949 36.4277 29.5168 39.8269 43.0648 44.9795 34.4188 50.9137 25.9485 34.3688 28.2475 40.0470 39.2596 32.6045 26.2429 34.7232 29.0358 37.1531 20.2297 42.9045 35.2811 40.5417 54.8968 54.9141 66.8172 51.8227 39.4585 44.6016 36.7728 35.0490 32.3202 71.7658 66.7877 18.0696 39.1529 22.6561 23.7029 13.9315 32.5178 49.2014 32.3094 18.3819 18.9795 30.3433 26.7895 25.1183 29.8839 23.4621 27.2870 27.7296 32.1341 29.3946 6.5932 11.7838 22.7025 16.6472 11.9454 8.0195 14.0940 15.4935 14.0282 0.0000 13.5604 35.4939 4.3146 8.5804 17.0423 6.9694 41.2415 59.9126 32.2893 68.4394 40.3896 27.8766 35.1041 17.8548 50.2132 32.2279 25.0572 28.4854 6.8418 26.0631 28.9430 15.4969 27.5265 21.6339 22.7526 31.5789 13.9647 33.7396 29.9193 10.6423 31.0955 21.5594 20.2604 18.3430 19.4142 9.0857 29.1491 28.3767 18.5394 13.0046 22.9362 28.7837 19.4934 15.6942
69 14.0673 36.8449 27.6485 29.7421 29.4522 33.5382 34.0524 36.4053 28.7462 39.6560 45.4632 35.7008 48.8322 44.8922 49.6098 38.3399 27.6990 39.4418 35.5928 32.6334 42.0383 33.3163 40.2990 37.5588 36.8197 29.8030 43.5596 30.8366 39.5765 55.0867 49.6766 67.0377 45.1759 48.7511 38.2737 46.2074 43.3894 27.8797 63.9351 66.0626 24.1229 39.8442 25.2460 28.6987 24.5093 29.8663 37.6924 18.8528 7.9365 10.2262 16.8954 20.4004 11.8125 16.3326 11.1301 17.4825 15.0087 26.3068 15.8483 14.3130 25.0973 15.8882 29.2800 25.4274 18.8745 12.4253 3.1770 7.8543 13.5604 0.0000 48.7735 17.8287 20.8292 13.9117 20.2455 54.4023 73.4526 38.7489 81.9967 43.4326 40.4792 48.6637 27.9366 63.6714 43.7106 20.8606 24.6014 12.6329 12.6394 17.0674 26.7255 14.8613 9.0590 9.2561 20.3653 24.8764 25.6141 18.2616 21.6512 23.2156 8.6526 8.3611 13.1879 6.0553 18.5256 19.1350 24.4315 9.3677 22.9056 11.3578 15.4032 6.4003 15.6226
70 40.2261 42.8549 55.5144 52.0396 52.1692 61.1585 61.2696 61.8740 62.3312 20.8827 38.0330 67.1449 45.6324 19.5456 61.7927 12.6573 59.3074 16.8373 59.9683 62.9403 23.5807 30.4683 36.1004 26.4641 50.5816 25.1310 52.0207 56.6104 53.8946 61.3944 73.0111 70.6826 73.1277 25.8015 66.6448 24.3705 27.9203 54.6371 93.0154 72.9526 41.2967 61.4471 48.0088 44.9407 32.8176 51.9877 79.4294 67.6255 53.7159 53.8885 64.9190 59.5594 60.5277 64.8026 58.9407 61.9373 63.2213 63.7026 64.5479 38.3484 25.9332 56.3420 19.8736 24.9066 34.1549 47.2116 50.9644 48.9534 35.4939 48.7735 0.0000 31.1918 28.1206 49.9214 29.9615 5.9561 25.7678 46.0356 34.6169 58.2123 10.2860 7.9951 33.4442 21.6339 29.7208 49.9408 51.4698 37.1623 60.7004 61.4477 23.9438 61.0689 55.5885 57.6187 62.9954 25.7451 60.8495 62.0644 28.1531 58.5001 55.8034 53.8715 47.4926 54.2060 31.6515 59.5275 51.4914 50.7021 28.3050 55.9026 63.2601 54.0475 41.7347
71 14.6971 28.9697 34.5062 33.7524 33.6460 41.0673 41.4261 43.1295 39.0176 26.3629 38.1624 45.4507 43.8383 31.0570 51.3616 21.9385 36.7326 24.6880 41.6530 41.5036 29.6712 24.4356 33.1995 26.5463 37.5749 17.6254 42.8686 37.0010 41.0766 54.8140 56.5208 66.5988 53.8856 36.4733 46.6678 33.7711 32.4888 34.1280 74.0294 66.8715 18.6685 40.5987 24.1506 24.2898 12.6131 33.8003 52.7067 36.6136 22.6012 23.0429 34.5265 30.2877 29.4305 34.1268 27.7514 31.3026 32.0298 35.3948 33.6751 8.8651 8.1139 26.3961 12.6456 7.9772 7.6869 17.4686 19.8080 18.0696 4.3146 17.8287 31.1918 0.0000 5.3698 20.4129 3.8735 36.9572 55.6248 31.9255 64.1730 41.0588 23.7764 30.8488 16.4743 46.1181 29.4977 27.1012 30.2799 8.8657 30.2464 32.7118 12.3103 31.4967 25.6505 26.9715 35.1550 11.0795 36.5038 33.6243 8.1041 33.8608 25.6406 24.1843 21.0887 23.6064 8.0383 32.4818 30.1931 22.0753 10.8386 26.7409 32.9444 23.6324 17.4046
72 13.5294 33.3519 32.5384 31.0265 30.9754 39.0126 39.3137 40.7758 37.8778 21.0848 32.9954 43.9289 38.9020 25.8893 47.5584 17.6134 35.3027 19.6682 39.1613 39.8330 24.3311 19.2733 28.1133 21.1850 33.8670 12.2640 38.7028 34.7157 37.4372 50.5415 53.8931 62.1831 51.8444 31.1503 44.6961 28.4505 27.1200 32.0048 72.1424 62.6878 23.7907 45.8661 29.4633 29.3521 16.9385 31.0514 52.9905 39.6223 26.6841 27.4810 36.8042 35.3164 32.6411 36.6894 31.4788 35.8032 35.6373 40.5594 36.4794 14.1816 10.0836 31.2758 8.4513 9.1549 12.8085 22.5450 23.2846 22.5605 8.5804 20.8292 28.1206 5.3698 0.0000 25.5005 8.0017 33.6356 53.3357 36.4365 62.0472 46.0663 19.6815 29.0593 20.5665 45.0085 31.6990 25.4658 28.2271 9.1525 32.5802 33.8034 7.0077 33.1148 27.5172 29.5108 35.7838 5.7098 35.6709 34.5553 2.9628 33.0804 27.6987 25.8440 20.7075 26.0983 4.7637 32.6861 28.1702 22.9707 5.7643 28.0440 35.1509 25.9270 15.8475
73 25.5895 25.5018 41.5291 43.3540 43.0858 47.4490 47.9639 50.3140 42.4962 46.5456 56.0357 49.4341 60.4479 51.3889 63.1210 42.1558 41.5820 45.0905 49.4775 46.4922 49.6436 42.7807 50.8490 45.9668 49.9566 37.2385 56.4687 44.6996 52.9229 68.2421 63.5792 80.2468 58.9632 56.4991 52.1326 53.8146 51.9863 41.7223 77.3388 79.5206 13.6960 25.9336 12.1487 16.5754 18.7059 43.4689 49.2110 24.2037 9.1289 6.9027 25.7777 9.8911 17.7796 24.2239 13.9875 12.6686 17.7156 15.0928 22.7920 11.8173 23.9918 6.4672 32.9554 25.0366 15.7738 2.9556 11.9096 6.0573 17.0423 13.9117 49.9214 20.4129 25.5005 0.0000 20.2339 55.8642 72.2272 26.7024 80.2155 29.7476 43.8142 47.5569 20.6241 60.4493 36.2823 34.5759 38.3370 21.3086 22.4088 29.2897 32.4908 26.3083 21.5148 19.3893 32.9275 31.0027 39.3247 30.5952 27.6837 37.0082 20.7180 21.5437 26.8108 17.8133 25.7942 32.4582 38.1735 23.2709 29.9698 24.3908 24.8908 18.6791 27.8705
74 18.5539 25.4401 38.3739 37.6100 37.5072 44.9359 45.2965 47.0031 42.8022 27.9000 40.9340 49.2773 46.9036 32.2564 55.0543 22.0823 40.5580 25.6826 45.5245 45.3481 31.4218 27.2330 36.0945 28.7821 41.2823 19.9353 46.4297 40.8746 44.8050 58.3363 60.3904 70.0539 57.7502 38.0967 50.5308 35.3997 34.5904 38.0003 77.8792 70.4379 15.9581 38.1721 21.9627 21.4415 9.0066 37.6563 56.1213 38.7128 23.9424 23.9449 37.1275 30.0767 31.4541 36.5563 29.3556 31.9811 33.6862 34.7969 35.9480 8.4533 4.8584 26.5422 13.1469 5.2833 5.2257 17.4046 21.8030 19.0396 6.9694 20.2455 29.9615 3.8735 8.0017 20.2339 0.0000 35.8569 53.6016 28.4810 62.0082 38.1030 23.6270 28.7011 12.7698 43.4274 25.6853 30.9574 34.1518 12.6514 32.8565 35.9109 14.2336 34.4742 28.5705 29.4980 38.5133 13.4075 40.2428 36.8806 10.9614 37.5969 28.4624 27.2235 24.8080 26.2152 11.6440 35.9904 34.0643 25.4489 13.7650 29.9051 35.6010 26.3558 21.2723
75 45.2507 48.2512 59.5138 55.7242 55.8852 64.8898 64.9590 65.3740 66.5520 23.3643 39.3166 71.0272 46.7953 20.7117 63.8950 17.0932 63.4653 19.8656 63.4423 66.8517 25.3339 33.6339 38.1330 29.0519 53.4920 29.3008 54.2263 60.3693 56.6516 62.8165 75.9182 71.3974 76.5059 25.9892 70.2526 25.1318 29.3221 58.5829 96.1084 73.9931 47.1826 67.0694 53.8838 50.7132 38.7393 55.6587 84.0482 73.2384 59.5293 59.7583 70.3512 65.5131 66.1890 70.3090 64.7034 67.8381 68.9662 69.6547 70.1145 44.2641 31.8809 62.2785 25.2542 30.8385 40.1022 53.1439 56.6717 54.8123 41.2415 54.4023 5.9561 36.9572 33.6356 55.8642 35.8569 0.0000 21.6141 51.3731 30.4123 63.5902 14.6803 11.8607 39.2621 20.9314 34.3779 54.3457 55.5997 42.5594 66.1623 66.5643 28.9324 66.3425 60.9655 63.1388 67.9432 30.7913 65.2567 67.1241 33.4258 62.9901 61.2233 59.2138 52.4353 59.7275 36.9063 64.3791 55.6363 55.9027 33.3028 61.1376 68.6799 59.5286 46.5739
76 65.9038 57.8428 81.0537 77.3300 77.4875 86.4933 86.5671 86.9870 88.0006 44.8864 59.8994 92.6062 67.1254 41.7281 84.9113 38.3112 84.9438 41.4793 85.0544 88.4219 46.5427 55.2375 59.3013 50.5562 75.0001 50.7273 75.3727 81.9676 78.0927 83.2157 97.3843 90.8310 98.1054 45.9516 91.8662 45.6742 50.2209 80.1390 117.6262 93.8386 61.0796 77.3008 67.3108 63.0796 53.6958 77.2659 105.1969 92.2101 77.4794 77.2009 90.0085 81.1964 84.9857 89.7197 82.9481 84.7824 87.2817 84.3902 89.2999 61.4800 48.9654 78.6717 45.3970 48.3187 56.8154 69.8323 75.3271 72.4479 59.9126 73.4526 25.7678 55.6248 53.3357 72.2272 53.6016 21.6141 0.0000 60.3532 8.8560 72.1128 35.8957 24.9062 52.8182 14.5936 41.6923 75.6725 77.0857 62.4813 85.7452 87.0091 49.6815 86.4493 80.8275 82.5414 88.6784 51.4564 86.5872 87.6739 53.6991 84.2554 80.9616 79.1764 73.1980 79.1478 57.1900 85.2570 77.1155 76.2073 54.0270 81.3508 88.3829 79.0866 67.4828
77 45.1084 3.3292 64.3321 64.6708 64.5008 70.7649 71.2107 73.2644 67.0214 53.9232 68.9541 73.9302 75.2424 57.1425 83.1242 45.1691 65.4791 50.5849 72.0447 70.4699 57.7322 55.4132 64.3036 56.1551 69.3361 47.7160 74.7885 67.2221 72.7741 86.7394 86.8206 98.5107 83.1516 63.7978 76.0150 61.2338 61.5371 64.2144 102.4905 98.7842 14.8193 17.0155 14.7695 10.1792 19.4980 64.7447 75.7636 50.5173 35.8134 33.5534 52.4800 30.0169 44.4450 50.9017 40.5438 36.7328 43.8767 29.8962 49.4163 26.4925 27.4244 30.5702 38.8892 28.8347 24.4825 26.8045 37.7821 31.7670 32.2893 38.7489 46.0356 31.9255 36.4365 26.7024 28.4810 51.3731 60.3532 0.0000 66.6131 12.2295 45.5114 39.8807 16.0312 46.1610 18.6628 56.8409 60.4417 39.1157 49.0429 55.4709 41.8691 52.7175 47.4618 45.9018 58.9678 41.4809 64.0099 56.7383 39.3970 61.4745 46.8010 47.0722 49.4493 43.8742 39.9636 57.8723 60.3162 47.6020 42.1886 50.0571 51.5749 44.6048 47.8900
78 74.7119 64.3308 89.8930 86.1360 86.2975 95.3020 95.3699 95.7593 96.8534 53.5916 68.1885 101.4325 75.2904 50.2561 93.3083 47.1669 93.7937 50.2639 93.8233 97.2520 55.1122 63.9960 67.8163 59.2433 83.6662 59.5784 83.8453 90.7814 86.7140 91.3517 106.0093 98.5594 106.8467 54.1401 100.6542 54.0333 58.6660 88.9737 126.2818 101.7200 68.6067 83.6285 74.6415 70.2007 61.5652 86.0701 114.0427 100.6935 85.7892 85.4022 98.6328 88.9640 93.4489 98.2968 91.3009 92.8349 95.6365 91.8962 97.8329 69.7272 57.3024 86.6260 54.1841 56.7287 65.0030 77.9097 83.7896 80.7139 68.4394 81.9967 34.6169 64.1730 62.0472 80.2155 62.0082 30.4123 8.8560 66.6131 0.0000 78.0082 44.7510 33.3394 60.3994 20.5410 48.1082 84.5284 85.9343 71.1988 94.3620 95.7726 58.5140 95.1589 89.5024 91.1300 97.4823 60.2802 95.4430 96.4526 62.4803 93.1098 89.6146 87.8709 82.0132 87.7467 65.9659 94.0798 85.9649 84.9595 62.8531 90.0834 97.0182 87.7107 76.3161
79 52.5652 15.3574 70.6302 71.7606 71.5407 76.7959 77.2886 79.5402 72.1672 64.9444 79.0368 79.1180 84.8954 68.4932 90.9966 56.6993 71.0895 61.8602 78.5410 76.0471 68.6934 65.3322 74.1790 66.6636 77.3437 57.9496 83.2735 73.7065 80.6223 95.2632 92.9732 107.2016 88.6084 74.9912 81.6832 72.3712 72.2766 70.6885 107.0785 107.0747 22.4281 7.5308 18.4011 16.7778 29.5834 71.8553 78.1707 50.9755 38.4485 35.7822 54.2683 28.9152 46.1078 52.4053 42.0299 36.1730 44.4438 26.3938 50.6964 33.9396 38.0549 31.2129 49.7454 39.5148 33.3720 31.0252 41.6541 35.6869 40.3896 43.4326 58.2123 41.0588 46.0663 29.7476 38.1030 63.5902 72.1128 12.2295 78.0082 0.0000 57.2201 52.1093 26.7851 57.7356 30.5757 63.3515 67.0836 46.9180 51.5134 58.8712 52.1428 55.7395 51.2345 48.8007 62.5560 51.4863 69.0156 60.1885 49.0006 66.6462 50.4079 51.2884 55.6417 47.5283 48.9382 62.2056 66.9367 52.7661 51.7972 54.1358 53.7122 48.4140 55.2393
80 30.6107 42.1896 45.2420 41.7587 41.8860 50.8733 50.9862 51.6111 52.1112 11.7455 29.4835 56.8630 37.0474 12.5029 52.1874 2.4230 49.0679 7.4105 49.7109 52.6601 15.1507 20.4084 26.8165 16.9154 40.5296 14.8613 42.3970 46.3248 43.9085 52.3588 62.9102 62.2850 62.8809 19.4336 56.3664 17.2789 19.6392 44.3581 82.8299 64.2027 37.6030 59.2403 44.2529 42.1586 28.9684 41.7079 69.4107 59.1909 46.2402 46.8126 55.9916 53.6851 52.2885 56.0610 51.1467 55.0789 55.3180 58.4011 55.9773 31.9968 20.7525 50.0208 11.2624 19.4038 28.5394 40.9360 42.9652 41.8413 27.8766 40.4792 10.2860 23.7764 19.6815 43.8142 23.6270 14.6803 35.8957 45.5114 44.7510 57.2201 0.0000 15.6350 30.7549 31.3803 32.2416 39.7855 41.2195 28.2598 51.8545 51.9403 14.3296 51.8192 46.5571 48.9360 53.2691 16.2119 50.7020 52.4769 19.0402 48.3942 46.8690 44.7701 37.7654 45.5397 22.4653 49.6988 41.2446 41.3399 18.6810 46.5912 54.3072 45.2715 31.8942
81 42.2218 36.8486 59.2628 56.3097 56.3919 65.2562 65.4274 66.2936 65.6331 27.2752 44.8987 70.9589 52.4986 26.8437 67.7900 17.5537 62.7498 22.9799 64.4418 66.7471 30.4143 35.8378 42.4398 32.5501 55.8568 29.3673 58.0029 60.7156 59.3032 67.9640 78.0966 77.6975 77.6231 33.3933 70.8716 31.7447 34.8724 58.4814 97.7753 79.7452 37.2780 55.9875 43.8246 40.1684 29.3239 56.2777 81.8380 67.3574 52.5758 52.3362 65.3512 56.7822 60.1179 64.9753 58.0423 60.0187 62.3762 60.3767 64.4952 36.6038 24.0634 54.0217 21.8280 23.4178 31.9866 45.0730 50.4577 47.5565 35.1041 48.6637 7.9951 30.8488 29.0593 47.5569 28.7011 11.8607 24.9062 39.8807 33.3394 52.1093 15.6350 0.0000 29.0713 16.3842 22.5287 53.0689 55.0585 38.1774 61.0745 62.8560 26.6687 62.0421 56.3096 57.8184 64.8127 28.2236 63.8307 63.6146 29.8937 61.3505 56.3804 54.7261 49.5352 54.4451 33.2930 61.6083 55.0545 52.0241 30.7720 57.0512 63.7509 54.4361 44.1337
82 30.6571 12.8443 50.4185 50.0775 49.9503 56.9682 57.3645 59.2135 54.1396 38.1829 52.9232 60.8540 59.2410 41.7237 67.8149 30.0437 52.1808 35.0811 57.8259 57.0938 41.9525 39.3931 48.2818 40.1713 54.0357 31.6858 59.1872 53.0899 57.5466 71.0750 72.7051 82.7480 69.6749 48.2071 62.4551 45.5916 45.6389 50.1467 89.5701 83.1930 8.2706 28.5074 14.7556 11.5576 3.9353 50.1337 65.5563 43.9598 28.1575 26.8711 44.0827 28.6357 36.9170 42.9814 33.7162 33.2072 37.8407 31.5721 41.9021 13.7088 11.4194 26.7369 23.0190 12.8506 9.8954 18.9465 28.1583 23.0841 17.8548 27.9366 33.4442 16.4743 20.5665 20.6241 12.7698 39.2621 52.8182 16.0312 60.3994 26.7851 30.7549 29.0713 0.0000 40.2350 16.0137 42.9091 46.3036 24.5796 40.0554 44.9276 25.8386 42.7871 36.9855 36.6438 48.0334 25.4681 51.3506 46.0703 23.5094 48.7217 36.5803 36.0857 36.0829 33.8487 24.4110 46.1469 46.1998 35.4607 26.2783 39.0314 42.8088 34.3177 33.4444
83 58.3724 43.8144 75.6468 72.6529 72.7418 81.6257 81.7913 82.6216 81.9917 42.5050 59.5755 87.3430 67.1542 40.9592 83.3982 33.5290 79.1231 38.3907 80.7582 83.1310 45.1816 51.7880 57.7328 48.0457 71.9025 45.6566 73.6169 77.0821 75.2888 82.9973 94.2487 92.0547 93.9449 46.7554 87.2307 45.6499 49.4643 74.8634 114.0470 94.4645 48.3527 63.1681 54.2381 49.7154 41.7457 72.6179 97.9726 81.9906 66.6505 66.0058 80.5395 68.8704 74.7197 79.9811 72.2435 73.1169 76.5599 71.5675 79.3340 50.5642 38.5834 66.7781 38.1508 38.2705 45.7494 58.3102 65.1307 61.4992 50.2132 63.6714 21.6339 46.1181 45.0085 60.4493 43.4274 20.9314 14.5936 46.1610 20.5410 57.7356 31.3803 16.3842 40.2350 0.0000 27.5887 69.4207 71.4416 54.0044 76.2628 78.6410 43.0396 77.6001 71.7682 72.9199 80.7745 44.5650 80.1452 79.4636 46.0831 77.6444 71.7498 70.2782 65.6559 69.6145 49.4160 77.6862 71.4370 67.8425 47.0982 72.7437 78.9934 69.7059 60.3803
84 44.1763 16.2257 63.9113 62.7119 62.6514 70.4553 70.7916 72.3751 68.4860 42.8577 59.9284 74.9483 67.0692 44.7164 78.6789 32.7531 66.2303 38.8159 70.8065 70.9890 46.6482 47.6070 56.0568 46.6003 65.2216 39.6683 69.3722 66.2738 68.8200 80.7838 85.5815 91.8585 83.2960 51.6477 76.0934 49.3830 50.9673 63.4724 103.4980 92.9842 22.8220 35.6216 27.7069 22.7943 19.2020 62.7400 81.0962 59.9469 44.1485 42.7624 60.0632 43.2688 52.9279 58.9886 49.6819 48.6085 53.7572 45.0823 57.9158 29.3977 21.7575 42.0637 29.8538 22.5469 24.9833 34.8521 44.1167 39.0945 32.2279 43.7106 29.7208 29.4977 31.6990 36.2823 25.6853 34.3779 41.6923 18.6628 48.1082 30.5757 32.2416 22.5287 16.0137 27.5887 0.0000 56.5694 59.6416 38.3361 56.0002 60.5351 34.3704 58.5664 52.7032 52.5787 63.4827 34.8448 65.8994 61.6286 34.2175 63.2526 52.3607 51.6779 50.4628 49.6970 36.3414 61.3023 59.5660 50.6193 36.5799 54.5666 58.7629 50.1108 46.8419
85 12.4042 54.3472 7.5224 8.9235 8.6153 14.0593 14.4618 16.4255 12.5768 33.0074 30.3404 18.4737 31.2478 37.9405 28.8032 37.3658 9.8452 35.1099 15.2422 14.4307 33.5244 22.9694 25.8976 28.3916 16.6837 25.0565 23.6494 10.4025 19.0052 34.6164 29.9820 46.4447 26.8107 38.8825 19.5862 36.9724 32.6694 7.3832 46.9313 45.2652 42.1109 60.4119 44.9505 47.4443 38.9804 9.0565 29.8258 30.0930 28.2133 30.8236 24.2583 40.9890 26.5616 25.6439 28.7974 36.7353 30.7348 46.8411 26.7801 30.3507 34.8868 36.5683 31.2746 34.2954 33.0629 32.6289 23.5828 28.5827 25.0572 20.8606 49.9408 27.1012 25.4658 34.5759 30.9574 54.3457 75.6725 56.8409 84.5284 63.3515 39.7855 53.0689 42.9091 69.4207 56.5694 0.0000 3.7626 18.3912 21.9047 16.5851 26.4115 18.6616 17.2466 21.3603 15.8829 24.8562 10.9166 16.3400 23.6629 8.6917 18.2309 15.7858 7.7736 19.7697 20.7089 11.9327 3.6032 12.1020 22.3350 14.7328 22.8094 18.7793 9.7363
86 15.6596 57.9038 4.3156 5.3337 4.9909 10.8150 11.1531 12.9109 10.9862 33.5266 28.7982 15.9319 28.8886 38.2313 25.1369 38.8205 7.8660 36.0238 11.6036 11.7405 33.6135 23.1368 24.7382 28.5407 13.5321 26.3627 20.4955 6.7989 15.5376 31.1263 26.4361 42.8767 23.6589 38.4963 16.4774 36.7855 32.2629 3.8505 43.9234 41.5936 45.7476 64.1739 48.6836 51.1163 42.3690 5.4811 29.3330 32.8614 31.8805 34.5139 26.8381 44.6603 29.8164 28.3800 32.2462 40.2508 33.9685 50.4960 29.6455 33.9511 37.8973 40.2605 33.4170 37.2210 36.5046 36.3893 27.2864 32.3397 28.4854 24.6014 51.4698 30.2799 28.2271 38.3370 34.1518 55.5997 77.0857 60.4417 85.9343 67.0836 41.2195 55.0585 46.3036 71.4416 59.6416 3.7626 0.0000 21.7266 24.8682 18.7796 28.4280 21.2569 20.5345 24.6321 17.3942 27.0109 10.2838 18.3064 26.1908 8.7767 21.5404 19.1945 11.5361 23.2671 23.4697 13.5988 0.1902 15.7123 24.5756 17.8368 25.4938 22.2626 12.8935
87 6.0805 36.4175 25.8715 25.6103 25.4603 32.4322 32.8155 34.6349 30.1572 27.0824 34.7331 36.6328 39.2663 32.2930 44.1767 26.0249 27.9137 26.8171 33.2522 32.7290 29.6183 21.6497 29.5429 25.3693 30.4537 17.2498 36.3866 28.5103 33.7964 48.3661 48.1288 60.3329 45.2011 36.4083 37.9763 33.8121 31.3243 25.5724 65.2650 60.1603 24.7605 45.2321 28.8710 30.3492 20.6445 25.6768 44.1796 30.9927 19.6698 21.1400 27.7919 30.3742 24.2703 27.8030 23.7253 29.2787 27.6368 36.0887 27.7356 12.9847 16.9180 25.9465 17.3137 16.5828 14.8317 18.5545 15.5171 16.6902 6.8418 12.6329 37.1623 8.8657 9.1525 21.3086 12.6514 42.5594 62.4813 39.1157 71.1988 46.9180 28.2598 38.1774 24.5796 54.0044 38.3361 18.3912 21.7266 0.0000 23.6149 24.6816 14.1915 23.9685 18.4265 20.6797 26.7897 12.3146 27.6410 25.4672 9.2255 24.9993 18.6639 16.7184 12.2438 17.2911 5.9230 23.8742 21.6249 13.8544 10.2730 18.8928 26.1210 17.0123 8.8737
88 22.2406 47.6091 26.0991 30.0966 29.7230 30.2579 30.8293 33.4038 23.7105 49.2411 51.3485 30.0923 53.0435 54.5309 49.1390 49.5890 24.1174 49.7869 33.2650 28.2783 51.0113 41.1712 46.4839 46.1097 38.3953 39.5653 45.3633 29.2126 40.2639 55.6876 45.2758 67.1332 39.5623 57.3537 33.5893 55.0119 51.4874 26.8078 56.2365 65.3088 35.1333 46.5236 34.5529 38.8700 36.8396 30.2548 26.8158 8.3847 13.2884 15.7967 4.2808 23.8936 5.9698 4.3114 9.8026 17.5572 9.6270 28.9922 4.9458 26.7079 37.7135 20.4982 40.9082 37.9945 31.4004 22.3522 11.8987 17.4703 26.0631 12.6394 60.7004 30.2464 32.5802 22.4088 32.8565 66.1623 85.7452 49.0429 94.3620 51.5134 51.8545 61.0745 40.0554 76.2628 56.0002 21.9047 24.8682 23.6149 0.0000 8.1068 37.6428 4.6526 5.5628 3.4298 11.7623 35.7458 20.6102 9.3717 32.8163 19.1341 5.0311 7.4588 16.8991 6.6493 29.3998 13.1243 24.6782 11.6459 33.4429 7.2186 2.7765 6.6626 22.2970
89 21.3327 53.7451 19.0946 23.6633 23.2738 22.5264 23.0993 25.6763 15.7449 47.5236 46.9100 21.9985 47.6329 52.7249 41.8609 49.5668 16.4945 48.7640 25.7177 20.3520 48.7271 38.3759 42.3687 43.6408 32.1317 38.3529 38.9956 22.0219 33.5676 48.6777 37.2178 59.8556 31.4557 54.6220 25.5557 52.4916 48.5138 19.9550 48.4040 57.8045 41.0566 54.2105 41.3618 45.3166 41.3875 23.8277 20.6347 14.6289 20.4256 23.1256 8.3715 31.8533 14.0719 10.2374 17.7874 25.6577 17.6321 37.0627 11.8542 31.2303 40.6887 28.2360 41.6234 40.6872 35.5569 28.6939 17.6906 23.7350 28.9430 17.0674 61.4477 32.7118 33.8034 29.2897 35.9109 66.5643 87.0091 55.4709 95.7726 58.8712 51.9403 62.8560 44.9276 78.6410 60.5351 16.5851 18.7796 24.6816 8.1068 0.0000 37.6326 3.4554 8.0504 10.1271 3.7303 35.7747 12.7397 1.3220 33.3192 11.6382 8.6700 8.8583 14.3819 11.5989 29.8234 5.5214 18.5980 10.8327 33.2652 6.0123 7.3864 10.8813 20.3676
90 16.3235 38.6565 32.6687 30.0760 30.1142 38.8058 39.0150 40.0828 38.9671 14.0771 27.0852 44.3535 33.5493 18.9220 44.3798 11.9933 36.0836 12.8724 38.3018 40.1496 17.3669 13.6699 22.5149 14.5604 31.1477 5.8477 35.0036 34.3015 34.7423 46.4662 52.5433 57.7406 51.3925 24.1631 44.4730 21.4610 20.3622 31.9310 71.6832 58.6737 30.1825 52.4056 36.1410 35.6088 22.6002 30.0633 55.5554 45.1745 33.1862 34.1857 41.7380 42.2818 38.4476 41.8857 37.6924 42.5043 41.7202 47.5601 41.8930 21.1663 14.4800 38.1880 5.0757 13.1244 19.3711 29.5354 29.4442 29.3269 15.4969 26.7255 23.9438 12.3103 7.0077 32.4908 14.2336 28.9324 49.6815 41.8691 58.5140 52.1428 14.3296 26.6687 25.8386 43.0396 34.3704 26.4115 28.4280 14.1915 37.6428 37.6326 0.0000 37.4934 32.2853 34.8186 39.0651 1.8973 37.2240 38.1959 5.1142 34.7870 32.6335 30.4795 23.5555 31.4507 8.2810 35.5840 28.4175 27.0103 4.3737 32.2624 40.0474 31.1196 17.8021
91 21.4213 51.1087 22.0231 26.3354 25.9517 25.8146 26.3874 28.9657 19.1383 48.1652 48.7453 25.4508 49.9022 53.4205 44.9591 49.4844 19.7202 49.1090 28.9230 23.7300 49.6193 39.4543 44.0481 44.5969 34.7529 38.7368 41.6794 25.0508 36.3912 51.6614 40.6572 62.9635 34.9109 55.7248 28.9839 53.4972 49.7070 22.8130 51.7132 61.0105 38.4825 50.9409 38.4362 42.5421 39.3674 26.4975 23.0777 11.6504 17.3116 19.9577 5.6007 28.4641 10.6206 7.1704 14.3793 22.2078 14.1966 33.6278 8.6286 29.1712 39.3092 24.9302 41.1953 39.4246 33.6697 25.9140 15.0087 20.9543 27.5265 14.8613 61.0689 31.4967 33.1148 26.3083 34.4742 66.3425 86.4493 52.7175 95.1589 55.7395 51.8192 62.0421 42.7871 77.6001 58.5664 18.6616 21.2569 23.9685 4.6526 3.4554 37.4934 0.0000 5.9198 6.9448 7.1240 35.6075 16.0822 4.7230 32.9324 14.7810 6.2089 7.3249 15.0450 8.9939 29.4416 8.6742 21.0698 10.5139 33.1696 5.2547 4.2628 8.4695 20.8979
92 16.6933 45.7029 22.4270 25.8594 25.5046 27.3864 27.9431 30.4649 21.5333 43.6920 46.0383 28.3417 48.0385 48.9804 45.4024 44.2634 21.2403 44.2974 30.0447 25.8632 45.4485 35.6317 41.1145 40.5504 33.9216 34.0406 40.8925 25.6422 36.0707 51.6412 43.0928 63.3035 37.9258 51.7986 31.4204 49.4512 45.9492 22.9773 55.8475 61.7614 33.0086 46.9163 33.4813 37.3231 33.5142 26.0100 28.6435 13.8433 13.0058 15.7798 9.4621 25.2791 9.3151 9.8693 11.8651 19.9857 13.4897 30.8627 10.3768 23.3248 33.4117 21.2601 35.7355 33.5525 27.7755 20.7294 9.7216 15.7907 21.6339 9.0590 55.5885 25.6505 27.5172 21.5148 28.5705 60.9655 80.8275 47.4618 89.5024 51.2345 46.5571 56.3096 36.9855 71.7682 52.7032 17.2466 20.5345 18.4265 5.5628 8.0504 32.2853 5.9198 0.0000 4.1137 11.5117 30.3886 18.3257 9.2887 27.5509 16.3214 1.0225 1.8960 11.4914 3.7063 24.0946 11.0715 20.3453 6.1360 28.0368 3.0732 7.7665 2.8639 16.7479
93 19.9061 44.3865 26.4072 29.9515 29.5941 31.1396 31.7032 34.2498 24.9895 46.8210 49.9331 31.6446 52.0871 52.1124 49.4275 46.7040 24.9710 47.1594 33.9188 29.4398 48.7640 39.1714 44.9603 43.9551 38.0343 37.0563 45.0057 29.6047 40.1642 55.7223 46.6205 67.3540 41.2063 55.2286 34.9164 52.8243 49.4785 26.9958 58.5284 65.7535 31.8468 44.0838 31.5307 35.7226 33.4127 30.1032 29.8655 10.4519 10.3668 13.0232 7.6436 21.8755 5.2015 7.1887 8.0257 16.1451 9.3772 27.2795 7.0846 23.2781 34.3518 18.1290 37.8955 34.6624 27.9733 19.1326 8.4989 14.2046 22.7526 9.2561 57.6187 26.9715 29.5108 19.3893 29.4980 63.1388 82.5414 45.9018 91.1300 48.8007 48.9360 57.8184 36.6438 72.9199 52.5787 21.3603 24.6321 20.6797 3.4298 10.1271 34.8186 6.9448 4.1137 0.0000 13.8517 32.9262 21.8041 11.4490 29.9051 19.9952 3.1442 5.7340 15.3944 3.4128 26.5427 14.3441 24.4426 9.9777 30.6976 6.9138 6.2053 3.7282 20.3129
94 22.7758 57.1724 16.9258 21.8552 21.4626 19.5560 20.1246 22.6809 12.5378 48.0814 46.0683 18.4787 46.2133 53.1969 39.1848 50.8680 13.7536 49.6318 22.9105 17.1546 49.0015 38.5109 41.7520 43.8744 30.3012 39.2499 37.0196 19.6102 31.4038 46.1814 33.7570 57.1231 27.8558 54.6282 22.1614 52.6188 48.4455 17.8978 44.6768 54.8953 44.4611 57.9352 44.9624 48.8340 44.4156 22.0206 17.6347 17.5836 24.1216 26.8338 11.3567 35.5736 17.7310 13.3873 21.4978 29.3166 21.1653 40.7505 15.1246 34.3256 43.2196 31.9659 43.3051 43.1207 38.5088 32.2383 21.2273 27.2924 31.5789 20.3653 62.9954 35.1550 35.7838 32.9275 38.5133 67.9432 88.6784 58.9678 97.4823 62.5560 53.2691 64.8127 48.0334 80.7745 63.4827 15.8829 17.3942 26.7897 11.7623 3.7303 39.0651 7.1240 11.5117 13.8517 0.0000 37.2504 9.7598 2.4141 35.0271 9.2624 12.2288 12.0175 15.5121 15.1570 31.5646 3.9552 17.2268 13.0811 34.6953 9.0299 10.6889 14.3744 21.3947
95 14.4874 38.3122 31.2820 28.9020 28.9205 37.5038 37.7322 38.8859 37.4296 15.5559 27.5687 42.9422 33.7742 20.5280 43.8348 13.8847 34.5904 14.6337 37.1367 38.7494 18.6795 13.9355 22.8264 15.4866 30.4293 6.5722 34.6011 33.0285 34.0301 46.2153 51.5203 57.6335 50.1663 25.5208 43.1873 22.8278 21.4107 30.5809 70.4809 58.4171 29.3454 51.4984 35.1369 34.8489 22.0673 28.8977 53.8311 43.2883 31.4268 32.4876 39.8408 40.7446 36.5799 39.9897 35.8716 40.7971 39.8785 46.0908 40.0021 19.8621 14.2785 36.5985 6.4225 13.0129 18.4182 28.0510 27.6238 27.6610 13.9647 24.8764 25.7451 11.0795 5.7098 31.0027 13.4075 30.7913 51.4564 41.4809 60.2802 51.4863 16.2119 28.2236 25.4681 44.5650 34.8448 24.8562 27.0109 12.3146 35.7458 35.7747 1.8973 35.6075 30.3886 32.9262 37.2504 0.0000 35.6110 36.3513 3.3762 33.1462 30.7362 28.5842 21.7489 29.5610 6.3963 33.8008 26.9917 25.1308 2.5780 30.3799 38.1505 29.2254 16.0547
96 22.1725 61.8404 8.0393 13.3244 12.9495 9.8183 10.3896 12.9594 3.2081 43.6472 38.6097 10.1095 37.7419 48.4401 29.4415 48.2821 4.1011 45.9347 13.1535 7.6722 43.8660 33.3552 34.8268 38.7744 21.4341 35.9607 27.8525 10.1779 22.0685 36.5024 24.8173 47.3652 19.6623 48.7721 13.1169 47.0689 42.5403 9.1535 38.4840 45.1539 49.2077 65.0765 50.8570 54.1271 47.5027 13.4821 19.0967 27.2589 31.2719 34.0500 20.9941 43.5777 26.4455 22.9457 29.8192 37.9020 30.2351 49.0745 24.5925 37.9958 44.5447 39.5839 42.0047 44.1261 41.4773 38.0383 27.4407 33.3325 33.7396 25.6141 60.8495 36.5038 35.6709 39.3247 40.2428 65.2567 86.5872 64.0099 95.4430 69.0156 50.7020 63.8307 51.3506 80.1452 65.8994 10.9166 10.2838 27.6410 20.6102 12.7397 37.2240 16.0822 18.3257 21.8041 9.7598 35.6110 0.0000 11.6948 34.1568 2.6468 19.2930 17.8679 15.4374 21.9140 30.9929 7.5076 10.1819 16.4256 33.0587 15.2594 20.1226 20.9374 19.8642
97 21.8735 54.9915 18.3503 23.0577 22.6661 21.5087 22.0808 24.6532 14.6323 47.7869 46.6770 20.7786 47.1942 52.9611 40.9651 50.0925 15.5445 49.1373 24.7624 19.2502 48.8912 38.4819 42.2122 43.7867 31.5326 38.7282 38.3514 21.2007 32.8512 47.8507 36.0254 58.9449 30.2057 54.6948 24.3856 52.6060 48.5566 19.2522 47.0829 56.8275 42.2947 55.5322 42.6581 46.5895 42.5037 23.2228 19.4883 15.5731 21.7444 24.4465 9.3041 33.1605 15.3414 11.2555 19.0874 26.9289 18.8395 38.3499 12.9325 32.3653 41.6364 29.5556 42.2772 41.6014 36.6455 29.9730 18.9645 25.0171 29.9193 18.2616 62.0644 33.6243 34.5553 30.5952 36.8806 67.1241 87.6739 56.7383 96.4526 60.1885 52.4769 63.6146 46.0703 79.4636 61.6286 16.3400 18.3064 25.4672 9.3717 1.3220 38.1959 4.7230 9.2887 11.4490 2.4141 36.3513 11.6948 0.0000 33.9750 10.7848 9.9446 9.9847 14.7793 12.8763 30.4867 4.7812 18.1290 11.6215 33.8230 7.0620 8.4655 12.1360 20.7561
98 12.3307 36.3066 30.5045 28.6681 28.6407 36.9004 37.1747 38.5264 36.1968 18.9108 30.0934 42.0344 35.9450 23.9034 44.7679 16.7996 33.5004 17.9758 36.8604 37.8899 21.9626 16.3643 25.1806 18.5302 31.1275 9.6405 35.8278 32.5249 34.7114 47.6362 51.4956 59.2501 49.6915 28.8162 42.5960 26.1309 24.5150 29.9040 70.0154 59.7954 26.6888 48.6987 32.2543 32.2701 19.8991 28.6832 51.9442 40.2045 28.0774 29.1142 36.9660 37.3976 33.4069 37.0214 32.5864 37.4259 36.6313 42.7761 36.9595 16.7080 12.8265 33.2336 8.3044 11.7731 15.6923 24.7362 24.3390 24.2848 10.6423 21.6512 28.1531 8.1041 2.9628 27.6837 10.9614 33.4258 53.6991 39.3970 62.4803 49.0006 19.0402 29.8937 23.5094 46.0831 34.2175 23.6629 26.1908 9.2255 32.8163 33.3192 5.1142 32.9324 27.5509 29.9051 35.0271 3.3762 34.1568 33.9750 0.0000 31.6152 27.8389 25.7891 19.6500 26.5158 3.4988 31.7339 26.1485 22.5502 2.8040 27.7517 35.2859 26.2329 14.3144
99 19.5672 59.2761 7.6644 12.6910 12.3004 11.1608 11.7284 14.2925 5.5554 41.6554 37.5230 12.5034 37.1593 46.5337 30.2235 45.9718 4.9941 43.8016 14.1466 9.5677 42.0381 31.4913 33.5149 36.9204 21.0854 33.7221 27.7619 10.4169 22.1464 37.0665 26.7967 48.2208 21.9641 47.1512 15.1777 45.3579 40.9170 8.6541 41.0419 46.2299 46.6640 62.8339 48.4333 51.6273 44.8690 12.8555 21.1341 26.2660 29.1438 31.9170 20.0090 41.5965 24.8232 21.8522 28.0179 36.1400 28.7381 47.1752 23.4011 35.3968 41.9066 37.5151 39.5226 41.4965 38.8444 35.6375 25.1672 30.9881 31.0955 23.2156 58.5001 33.8608 33.0804 37.0082 37.5969 62.9901 84.2554 61.4745 93.1098 66.6462 48.3942 61.3505 48.7217 77.6444 63.2526 8.6917 8.7767 24.9993 19.1341 11.6382 34.7870 14.7810 16.3214 19.9952 9.2624 33.1462 2.6468 10.7848 31.6152 0.0000 17.3165 15.6908 12.7908 19.8143 28.4195 6.1293 8.6409 13.9433 30.5845 13.2510 18.9676 18.8176 17.3058
100 17.2423 45.0913 23.4495 26.8675 26.5137 28.3947 28.9522 31.4768 22.4994 44.2374 46.8724 29.2865 48.9537 49.5287 46.4228 44.5924 22.2448 44.7563 31.0637 26.8492 46.0579 36.3186 41.9259 41.1896 34.9108 34.5434 41.8797 26.6646 37.0777 52.6523 44.0756 64.3210 38.8703 52.4499 32.3965 50.0818 46.6352 23.9987 56.6903 62.7835 32.4183 46.0203 32.7337 36.6473 33.1604 27.0176 29.1609 13.1460 12.1002 14.8673 9.1290 24.2945 8.3393 9.3304 10.8428 18.9643 12.5170 29.8609 9.6875 22.9641 33.3145 20.3059 35.9755 33.4997 27.4835 20.0284 9.0211 15.0733 21.5594 8.6526 55.8034 25.6406 27.6987 20.7180 28.4624 61.2233 80.9616 46.8010 89.6146 50.4079 46.8690 56.3804 36.5803 71.7498 52.3607 18.2309 21.5404 18.6639 5.0311 8.6700 32.6335 6.2089 1.0225 3.1442 12.2288 30.7362 19.2930 9.9446 27.8389 17.3165 0.0000 2.6335 12.3178 2.9320 24.4056 11.9900 21.3514 6.9177 28.4199 4.0662 7.4581 2.2664 17.4306
101 14.8063 45.2023 21.3536 24.5282 24.1831 26.5930 27.1401 29.6255 21.0664 41.8024 44.2390 27.9626 46.3564 47.0902 44.2078 42.4657 20.5033 42.4328 29.0992 25.2574 43.5525 33.7443 39.2935 38.6555 32.4664 32.1621 39.4250 24.5854 34.7216 50.3201 42.4791 62.0497 37.5294 49.9050 30.8651 47.5557 44.0619 21.8334 55.8299 60.6126 32.4818 47.2104 33.3321 36.9838 32.5305 24.6750 29.4713 15.7219 13.4554 16.2268 11.3089 26.0178 10.8842 11.7644 13.0527 21.0955 15.0574 31.7085 12.2563 22.3817 32.0422 21.8503 34.0053 32.1259 26.7022 20.5056 9.6345 15.6461 20.2604 8.3611 53.8715 24.1843 25.8440 21.5437 27.2235 59.2138 79.1764 47.0722 87.8709 51.2884 44.7701 54.7261 36.0857 70.2782 51.6779 15.7858 19.1945 16.7184 7.4588 8.8583 30.4795 7.3249 1.8960 5.7340 12.0175 28.5842 17.8679 9.9847 25.7891 15.6908 2.6335 0.0000 9.6847 4.1921 22.3192 10.9337 19.0070 4.2865 26.2123 2.9968 9.6097 3.1738 14.8579
102 7.3224 47.0680 15.0063 16.5737 16.2935 21.3334 21.7931 23.9449 18.0852 33.1994 34.5548 24.7744 36.8132 38.4309 36.4256 35.3688 16.1331 34.3834 22.8994 21.0929 34.5759 24.4420 29.6234 29.5531 23.7351 23.9720 30.5705 18.0654 26.4043 41.9512 37.4632 53.8774 33.7556 40.7026 26.5825 38.4559 34.7275 15.0494 53.4926 52.8756 34.6555 52.6386 37.2436 39.8891 32.1971 16.6945 32.3182 25.2753 20.7737 23.2967 20.2234 33.4927 20.4577 21.0967 22.0481 29.7049 24.5941 39.3799 21.8159 23.0426 29.1615 29.0199 27.8734 28.8059 26.1879 24.8585 16.0428 20.8346 18.3430 13.1879 47.4926 21.0887 20.7075 26.8108 24.8080 52.4353 73.1980 49.4493 82.0132 55.6417 37.7654 49.5352 36.0829 65.6559 50.4628 7.7736 11.5361 12.2438 16.8991 14.3819 23.5555 15.0450 11.4914 15.3944 15.5121 21.7489 15.4374 14.7793 19.6500 12.7908 12.3178 9.6847 0.0000 13.0732 16.2485 12.0877 11.3765 5.4173 19.1881 9.9719 18.5727 12.1782 5.9865
103 16.8267 42.1817 25.5347 28.5954 28.2576 30.7715 31.3205 33.8118 25.1210 43.6145 47.3742 31.9711 49.8827 48.9020 48.3390 43.3153 24.6663 43.8561 33.2912 29.3801 45.6488 36.2259 42.3339 40.9013 36.4066 33.8164 43.3409 28.7680 38.7612 54.3708 46.6110 66.1431 41.5522 52.1773 34.9694 49.7387 46.5062 25.9972 59.5537 64.7594 29.5221 43.2382 29.8071 33.7179 30.4977 28.7392 32.0364 13.7423 9.3590 12.1374 10.9291 21.8326 7.5981 10.5988 9.0480 16.9837 11.6172 27.5164 10.4452 20.3113 31.0732 17.7009 34.4862 31.3455 24.9196 17.0968 6.0922 12.1414 19.4142 6.0553 54.2060 23.6064 26.0983 17.8133 26.2152 59.7275 79.1478 43.8742 87.7467 47.5283 45.5397 54.4451 33.8487 69.6145 49.6970 19.7697 23.2671 17.2911 6.6493 11.5989 31.4507 8.9939 3.7063 3.4128 15.1570 29.5610 21.9140 12.8763 26.5158 19.8143 2.9320 4.1921 13.0732 0.0000 23.1708 14.7501 23.0814 7.7791 27.3606 6.6835 9.3858 1.0198 17.4840
104 8.9576 36.9974 27.7793 26.3755 26.3109 34.2626 34.5689 36.0624 33.1491 21.3755 30.7499 39.1675 36.0590 26.5267 43.4113 20.1892 30.5494 20.9178 34.4703 35.0693 24.1202 17.1610 25.6637 20.1920 29.6445 11.6497 34.8355 29.9866 33.1768 46.7763 49.2438 58.5642 47.0991 30.9640 39.9426 28.3211 26.2086 27.2555 67.3897 58.8413 26.5103 48.0990 31.5861 32.1618 20.6024 26.4064 48.5652 36.8936 25.3060 26.5533 33.5264 35.2951 30.1932 33.6267 29.5756 34.8082 33.5343 40.8383 33.6143 15.6095 14.6130 30.9985 11.8004 13.8103 15.6361 22.8926 21.3386 21.8619 9.0857 18.5256 31.6515 8.0383 4.7637 25.7942 11.6440 36.9063 57.1900 39.9636 65.9659 48.9382 22.4653 33.2930 24.4110 49.4160 36.3414 20.7089 23.4697 5.9230 29.3998 29.8234 8.2810 29.4416 24.0946 26.5427 31.5646 6.3963 30.9929 30.4867 3.4988 28.4195 24.4056 22.3192 16.2485 23.1708 0.0000 28.3153 23.4112 19.0514 4.4360 24.2553 31.8419 22.8500 11.1355
105 19.4099 55.8968 13.5924 18.2798 17.8880 17.1507 17.7230 20.3005 10.6620 44.2299 42.1662 17.3221 42.4797 49.3211 36.3505 47.2881 11.0460 45.8719 20.2541 15.1789 45.0903 34.5853 37.8148 39.9596 26.7543 35.5182 33.5706 16.5006 28.0846 43.1567 32.2939 54.3494 26.9001 50.6826 20.5873 48.6853 44.4960 14.4784 44.8964 52.3448 43.1803 57.9855 44.2603 47.8335 42.4216 18.4450 20.3164 20.1412 24.0770 26.8498 13.8913 36.1853 18.9381 15.7229 22.3398 30.4053 22.7511 41.6232 17.2802 32.5069 40.5915 32.2827 39.9598 40.3911 36.4354 31.4269 20.5571 26.5798 29.1491 19.1350 59.5275 32.4818 32.6861 32.4582 35.9904 64.3791 85.2570 57.8723 94.0798 62.2056 49.6988 61.6083 46.1469 77.6862 61.3023 11.9327 13.5988 23.8742 13.1243 5.5214 35.5840 8.6742 11.0715 14.3441 3.9552 33.8008 7.5076 4.7812 31.7339 6.1293 11.9900 10.9337 12.0877 14.7501 28.3153 0.0000 13.4254 10.7005 31.2304 8.0804 12.8398 13.8209 17.8097
106 15.5617 57.7836 4.3682 5.5214 5.1773 10.8894 11.2347 13.0182 10.9355 33.5958 28.9506 15.9509 29.0654 38.3122 25.3175 38.8440 7.8298 36.0745 11.7286 11.7661 33.7025 23.2181 24.8757 28.6254 13.7217 26.3902 20.6854 6.9148 15.7265 31.3142 26.5506 43.0621 23.7314 38.6069 16.5431 36.8873 32.3729 3.9476 43.9867 41.7735 45.6170 64.0150 48.5363 50.9806 42.2655 5.6692 29.2430 32.6731 31.7019 34.3371 26.6516 44.4818 29.6266 28.1918 32.0589 40.0650 33.7785 50.3163 29.4562 33.8247 37.8246 40.0838 33.4006 37.1545 36.3956 36.2320 27.1112 32.1740 28.3767 24.4315 51.4914 30.1931 28.1702 38.1735 34.0643 55.6363 77.1155 60.3162 85.9649 66.9367 41.2446 55.0545 46.1998 71.4370 59.5660 3.6032 0.1902 21.6249 24.6782 18.5980 28.4175 21.0698 20.3453 24.4426 17.2268 26.9917 10.1819 18.1290 26.1485 8.6409 21.3514 19.0070 11.3765 23.0814 23.4112 13.4254 0.0000 15.5314 24.5503 17.6466 25.3060 22.0766 12.8005
107 10.9207 45.4866 18.4130 21.0031 20.6803 24.1818 24.7003 27.0770 19.4967 37.8050 39.9615 26.4465 42.1866 43.0814 40.8489 38.9943 18.3352 38.6228 26.3295 23.2816 39.4380 29.5271 35.0082 34.4983 28.6638 28.2750 35.5828 21.6311 31.1034 46.7128 40.3100 58.5454 35.8649 45.7260 28.9194 43.4064 39.8424 18.7312 54.8911 57.3037 32.8164 49.1959 34.5046 37.7016 31.7231 21.1409 30.6724 19.9759 16.1900 18.8609 15.2480 28.9658 15.0513 15.9153 16.8216 24.6614 19.1995 34.7878 16.5096 21.8584 30.1398 24.6026 30.8467 30.0443 25.7349 21.7410 11.7069 17.2152 18.5394 9.3677 50.7021 22.0753 22.9707 23.2709 25.4489 55.9027 76.2073 47.6020 84.9595 52.7661 41.3399 52.0241 35.4607 67.8425 50.6193 12.1020 15.7123 13.8544 11.6459 10.8327 27.0103 10.5139 6.1360 9.9777 13.0811 25.1308 16.4256 11.6215 22.5502 13.9433 6.9177 4.2865 5.4173 7.7791 19.0514 10.7005 15.5314 0.0000 22.6723 5.2620 13.5595 6.8369 10.6697
108 11.9501 39.0886 28.8640 26.6643 26.6649 35.1443 35.3879 36.6121 34.9116 16.9451 27.3258 40.4985 33.1410 22.0908 42.2143 16.3237 32.0985 16.5528 34.8928 36.3157 19.7568 13.5975 22.3898 16.0313 28.6522 7.2894 33.1713 30.6974 32.2476 44.9341 49.3911 56.5075 47.8584 26.6118 40.8360 23.9531 22.0453 28.1913 68.1837 57.1081 29.4686 51.4331 34.9665 35.0593 22.6919 26.6677 51.2531 41.1025 29.7417 30.9666 37.4980 39.5761 34.5038 37.7091 33.9838 39.2334 37.9095 45.0513 37.7817 19.2795 15.4474 35.3264 8.9480 14.3151 18.4697 27.0403 25.7553 26.2396 13.0046 22.9056 28.3050 10.8386 5.7643 29.9698 13.7650 33.3028 54.0270 42.1886 62.8531 51.7972 18.6810 30.7720 26.2783 47.0982 36.5799 22.3350 24.5756 10.2730 33.4429 33.2652 4.3737 33.1696 28.0368 30.6976 34.6953 2.5780 33.0587 33.8230 2.8040 30.5845 28.4199 26.2123 19.1881 27.3606 4.4360 31.2304 24.5503 22.6723 0.0000 27.9300 35.8032 26.9809 13.4768
109 16.1672 48.1977 19.4934 23.1293 22.7654 24.3332 24.8918 27.4210 18.4675 42.9590 44.1958 25.2939 45.8261 48.2233 42.5198 44.2499 18.1801 43.8593 27.0355 22.7900 44.4829 34.4112 39.3785 39.4907 31.3209 33.4937 38.2963 22.6919 33.3371 48.8624 40.0197 60.4580 34.8769 50.6656 28.3486 48.3990 44.6995 20.0892 52.9490 58.8397 35.4777 49.9200 36.2572 39.9592 35.4474 23.2836 26.5422 15.5528 16.0358 18.8134 10.2525 28.3522 12.0248 11.2274 14.8559 22.9877 16.1493 33.9271 12.1516 25.3230 34.6915 24.3245 36.0342 34.7112 29.5835 23.4467 12.5062 18.5561 22.9362 11.3578 55.9026 26.7409 28.0440 24.3908 29.9051 61.1376 81.3508 50.0571 90.0834 54.1358 46.5912 57.0512 39.0314 72.7437 54.5666 14.7328 17.8368 18.8928 7.2186 6.0123 32.2624 5.2547 3.0732 6.9138 9.0299 30.3799 15.2594 7.0620 27.7517 13.2510 4.0662 2.9968 9.9719 6.6835 24.2553 8.0804 17.6466 5.2620 27.9300 0.0000 8.6114 5.7415 15.7142
110 24.3820 50.2058 26.2758 30.5933 30.2102 29.9127 30.4856 33.0627 23.0961 51.3483 52.7152 29.1654 54.0561 56.6296 49.1779 52.0206 23.8667 52.0399 33.0861 27.7121 52.9920 42.9961 47.9448 48.0332 39.0022 41.7526 45.9346 29.2857 40.6540 55.9115 44.4456 67.1804 38.4956 59.2357 32.8344 56.9431 53.2943 27.0731 54.5466 65.1770 37.7861 48.5210 37.0088 41.4143 39.6089 30.7551 24.4745 7.3879 15.7646 18.1599 1.6996 25.6757 7.6677 2.9084 11.7252 18.9998 10.5793 30.5120 4.4708 29.4825 40.4590 22.5548 43.4334 40.7230 34.1769 24.9702 14.6509 20.1291 28.7837 15.4032 63.2601 32.9444 35.1509 24.8908 35.6010 68.6799 88.3829 51.5749 97.0182 53.7122 54.3072 63.7509 42.8088 78.9934 58.7629 22.8094 25.4938 26.1210 2.7765 7.3864 40.0474 4.2628 7.7665 6.2053 10.6889 38.1505 20.1226 8.4655 35.2859 18.9676 7.4581 9.6097 18.5727 9.3858 31.8419 12.8398 25.3060 13.5595 35.8032 8.6114 0.0000 9.3156 24.2109
111 16.2193 42.8640 24.5151 27.5926 27.2534 29.7594 30.3078 32.7969 24.1430 43.1011 46.5659 31.0060 48.9908 48.3919 47.3262 43.0263 23.6591 43.4328 32.2722 28.3847 45.0716 35.5556 41.5444 40.2872 35.4280 33.3302 42.3678 27.7482 37.7641 53.3724 45.6138 65.1371 40.5846 51.5633 33.9795 49.1440 45.8507 24.9792 58.6646 63.7443 30.1798 44.1842 30.6217 34.4625 30.9093 27.7368 31.4179 14.1783 10.3365 13.1140 10.9228 22.8466 8.3543 10.7911 10.0225 17.9893 12.4398 28.5353 10.8085 20.7131 31.2130 18.7004 34.2756 31.4384 25.2565 17.8656 6.8582 12.9278 19.4934 6.4003 54.0475 23.6324 25.9270 18.6791 26.3558 59.5286 79.0866 44.6048 87.7107 48.4140 45.2715 54.4361 34.3177 69.7059 50.1108 18.7793 22.2626 17.0123 6.6626 10.8813 31.1196 8.4695 2.8639 3.7282 14.3744 29.2254 20.9374 12.1360 26.2329 18.8176 2.2664 3.1738 12.1782 1.0198 22.8500 13.8209 22.0766 6.8369 26.9809 5.7415 9.3156 0.0000 16.7519
112 2.7960 45.2447 17.1017 16.7815 16.6173 23.6637 24.0268 25.7857 22.0316 27.2711 30.0293 28.1906 33.2136 32.5227 35.7742 29.4868 19.5098 28.3970 24.3818 24.1669 28.7833 18.8886 24.9265 23.8290 22.2498 17.9856 28.6155 19.6564 25.4180 40.4616 39.2607 52.4732 36.4821 35.0588 29.2666 32.7377 29.2059 16.7440 56.6563 51.9854 33.3711 53.0173 36.9573 38.8809 29.5091 16.8547 37.7790 30.5730 23.5590 25.7473 25.8911 35.7916 25.0797 26.5805 25.9736 33.0408 29.0719 41.6889 27.1098 21.5182 25.1506 31.2481 22.3356 24.5703 23.7017 25.4697 18.7803 22.3044 15.6942 15.6226 41.7347 17.4046 15.8475 27.8705 21.2723 46.5739 67.4828 47.8900 76.3161 55.2393 31.8942 44.1337 33.4444 60.3803 46.8419 9.7363 12.8935 8.8737 22.2970 20.3676 17.8021 20.8979 16.7479 20.3129 21.3947 16.0547 19.8642 20.7561 14.3144 17.3058 17.4306 14.8579 5.9865 17.4840 11.1355 17.8097 12.8005 10.6697 13.4768 15.7142 24.2109 16.7519 0.0000
;

end;