# Archivo de datos para el modelo de Enrutamiento de Vehículos (N=155 Clientes)

param N := 155;
param K := 46;
param T := 5;

param Q :=
1 5000
2 5000
3 5000
4 5000
5 5000
6 5000
7 5000
8 5000
9 5000
10 5000
11 5000
12 5000
13 5000
14 5000
15 10000
16 10000
17 10000
18 10000
19 10000
20 10000
21 10000
22 10000
23 10000
24 10000
25 10000
26 10000
27 10000
28 10000
29 10000
30 10000
31 15000
32 15000
33 15000
34 15000
35 15000
36 15000
37 15000
38 15000
39 15000
40 15000
41 15000
42 15000
43 15000
44 15000
45 15000
46 15000
;

# Demands
# Note i = 0 is the depot
param w :=
0 0
1 664
2 664
3 664
4 664
5 664
6 664
7 502
8 502
9 502
10 502
11 502
12 502
13 502
14 4335
15 622
16 622
17 622
18 622
19 622
20 622
21 934
22 934
23 400
24 2428
25 2428
26 2428
27 2428
28 2428
29 2428
30 2428
31 2428
32 2428
33 2428
34 2428
35 2428
36 2428
37 2428
38 2428
39 2428
40 2428
41 2428
42 2428
43 2428
44 2428
45 2428
46 2428
47 2428
48 2428
49 2428
50 2428
51 2428
52 2428
53 2428
54 2428
55 2428
56 2428
57 2428
58 2428
59 2428
60 2428
61 2428
62 3317
63 3317
64 3317
65 3317
66 3317
67 3317
68 2428
69 237
70 918
71 918
72 918
73 3675
74 3675
75 3675
76 3675
77 3675
78 3675
79 3675
80 3675
81 3675
82 3675
83 3675
84 3675
85 3675
86 601
87 601
88 601
89 766
90 766
91 766
92 766
93 766
94 766
95 766
96 766
97 3344
98 3344
99 3344
100 3344
101 3344
102 3344
103 3344
104 3344
105 3344
106 3344
107 3344
108 3344
109 3344
110 3344
111 3344
112 3344
113 4335
114 4335
115 4335
116 4335
117 4335
118 4335
119 4335
120 4335
121 4335
122 4335
123 4335
124 4335
125 4335
126 4335
127 265
128 3154
129 3154
130 3154
131 3154
132 3154
133 3154
134 3154
135 3154
136 3154
137 3154
138 3154
139 3154
140 3154
141 3154
142 3154
143 3154
144 3154
145 3154
146 3154
147 3154
148 3154
149 3154
150 3154
151 3154
152 3154
153 3154
154 3154
155 3154
;

param W :=
0 0
1 2215
2 2215
3 2215
4 2215
5 2215
6 2215
7 1672
8 1672
9 1672
10 1672
11 1672
12 1672
13 1672
14 14450
15 2074
16 2074
17 2074
18 2074
19 2074
20 2074
21 3114
22 3114
23 1335
24 8095
25 8095
26 8095
27 8095
28 8095
29 8095
30 8095
31 8095
32 8095
33 8095
34 8095
35 8095
36 8095
37 8095
38 8095
39 8095
40 8095
41 8095
42 8095
43 8095
44 8095
45 8095
46 8095
47 8095
48 8095
49 8095
50 8095
51 8095
52 8095
53 8095
54 8095
55 8095
56 8095
57 8095
58 8095
59 8095
60 8095
61 8095
62 11057
63 11057
64 11057
65 11057
66 11057
67 11057
68 8095
69 790
70 3059
71 3059
72 3059
73 12251
74 12251
75 12251
76 12251
77 12251
78 12251
79 12251
80 12251
81 12251
82 12251
83 12251
84 12251
85 12251
86 2002
87 2002
88 2002
89 2552
90 2552
91 2552
92 2552
93 2552
94 2552
95 2552
96 2552
97 11147
98 11147
99 11147
100 11147
101 11147
102 11147
103 11147
104 11147
105 11147
106 11147
107 11147
108 11147
109 11147
110 11147
111 11147
112 11147
113 14450
114 14450
115 14450
116 14450
117 14450
118 14450
119 14450
120 14450
121 14450
122 14450
123 14450
124 14450
125 14450
126 14450
127 883
128 10513
129 10513
130 10513
131 10513
132 10513
133 10513
134 10513
135 10513
136 10513
137 10513
138 10513
139 10513
140 10513
141 10513
142 10513
143 10513
144 10513
145 10513
146 10513
147 10513
148 10513
149 10513
150 10513
151 10513
152 10513
153 10513
154 10513
155 10513
;

param serv :=
0 0
1 34
2 34
3 34
4 34
5 34
6 34
7 33
8 33
9 33
10 33
11 33
12 33
13 33
14 60
15 34
16 34
17 34
18 34
19 34
20 34
21 36
22 36
23 32
24 47
25 47
26 47
27 47
28 47
29 47
30 47
31 47
32 47
33 47
34 47
35 47
36 47
37 47
38 47
39 47
40 47
41 47
42 47
43 47
44 47
45 47
46 47
47 47
48 47
49 47
50 47
51 47
52 47
53 47
54 47
55 47
56 47
57 47
58 47
59 47
60 47
61 47
62 53
63 53
64 53
65 53
66 53
67 53
68 47
69 31
70 36
71 36
72 36
73 55
74 55
75 55
76 55
77 55
78 55
79 55
80 55
81 55
82 55
83 55
84 55
85 55
86 34
87 34
88 34
89 35
90 35
91 35
92 35
93 35
94 35
95 35
96 35
97 53
98 53
99 53
100 53
101 53
102 53
103 53
104 53
105 53
106 53
107 53
108 53
109 53
110 53
111 53
112 53
113 60
114 60
115 60
116 60
117 60
118 60
119 60
120 60
121 60
122 60
123 60
124 60
125 60
126 60
127 31
128 52
129 52
130 52
131 52
132 52
133 52
134 52
135 52
136 52
137 52
138 52
139 52
140 52
141 52
142 52
143 52
144 52
145 52
146 52
147 52
148 52
149 52
150 52
151 52
152 52
153 52
154 52
155 52
;

param early :=
0 0
1 480
2 480
3 480
4 480
5 480
6 480
7 480
8 480
9 480
10 480
11 480
12 0
13 480
14 0
15 480
16 480
17 480
18 480
19 480
20 480
21 480
22 480
23 480
24 480
25 480
26 0
27 480
28 480
29 480
30 420
31 420
32 480
33 420
34 420
35 420
36 480
37 420
38 480
39 420
40 420
41 420
42 420
43 420
44 480
45 420
46 450
47 420
48 420
49 420
50 420
51 420
52 0
53 0
54 480
55 0
56 0
57 420
58 420
59 420
60 480
61 480
62 480
63 480
64 480
65 480
66 480
67 480
68 0
69 480
70 480
71 480
72 480
73 480
74 480
75 480
76 480
77 480
78 480
79 480
80 480
81 480
82 480
83 480
84 480
85 480
86 480
87 480
88 480
89 480
90 480
91 480
92 480
93 480
94 480
95 480
96 480
97 420
98 480
99 420
100 420
101 420
102 420
103 420
104 420
105 420
106 420
107 420
108 420
109 420
110 450
111 0
112 480
113 480
114 420
115 420
116 420
117 420
118 480
119 450
120 420
121 480
122 420
123 420
124 420
125 420
126 480
127 480
128 480
129 0
130 480
131 420
132 480
133 480
134 480
135 450
136 450
137 420
138 480
139 420
140 480
141 480
142 420
143 420
144 420
145 480
146 480
147 480
148 480
149 480
150 480
151 480
152 480
153 480
154 420
155 0
;

param late :=
0 1440
1 1200
2 930
3 930
4 930
5 930
6 930
7 930
8 960
9 960
10 960
11 930
12 1439
13 960
14 1439
15 960
16 1200
17 930
18 930
19 930
20 1170
21 1260
22 960
23 930
24 960
25 960
26 1439
27 960
28 1200
29 1200
30 1200
31 1170
32 930
33 1200
34 1260
35 1200
36 960
37 720
38 1200
39 870
40 1200
41 1200
42 1200
43 960
44 960
45 1200
46 1200
47 1140
48 1140
49 1200
50 1170
51 1200
52 1439
53 1439
54 1140
55 1439
56 1439
57 1170
58 1140
59 1170
60 960
61 960
62 1200
63 960
64 960
65 960
66 960
67 960
68 1439
69 960
70 960
71 960
72 960
73 960
74 930
75 960
76 1260
77 1260
78 1260
79 930
80 1200
81 1260
82 1200
83 960
84 960
85 960
86 960
87 960
88 960
89 930
90 930
91 930
92 930
93 930
94 930
95 930
96 930
97 1200
98 960
99 960
100 900
101 870
102 1200
103 1200
104 1200
105 1200
106 1200
107 1140
108 930
109 1110
110 930
111 1439
112 960
113 930
114 960
115 900
116 930
117 960
118 930
119 960
120 900
121 930
122 930
123 1140
124 960
125 1230
126 1200
127 960
128 1140
129 1439
130 930
131 900
132 930
133 930
134 1200
135 930
136 1170
137 1200
138 1170
139 900
140 930
141 1140
142 1200
143 1140
144 1140
145 1200
146 1200
147 960
148 1200
149 1200
150 1200
151 1170
152 960
153 1140
154 1140
155 1439
;

param duedate :=
0 5
1 5
2 5
3 5
4 5
5 5
6 5
7 5
8 5
9 5
10 5
11 5
12 5
13 5
14 5
15 5
16 5
17 5
18 5
19 5
20 5
21 5
22 5
23 5
24 5
25 5
26 5
27 5
28 5
29 5
30 5
31 5
32 5
33 5
34 5
35 5
36 5
37 5
38 5
39 5
40 5
41 5
42 5
43 5
44 5
45 5
46 5
47 5
48 5
49 5
50 5
51 5
52 5
53 5
54 5
55 5
56 5
57 5
58 5
59 5
60 5
61 5
62 5
63 5
64 5
65 5
66 5
67 5
68 5
69 5
70 5
71 5
72 5
73 5
74 5
75 5
76 5
77 5
78 5
79 5
80 5
81 5
82 5
83 5
84 5
85 5
86 5
87 5
88 5
89 5
90 5
91 5
92 5
93 5
94 5
95 5
96 5
97 5
98 5
99 5
100 5
101 5
102 5
103 5
104 5
105 5
106 5
107 5
108 5
109 5
110 5
111 5
112 5
113 5
114 5
115 5
116 5
117 5
118 5
119 5
120 5
121 5
122 5
123 5
124 5
125 5
126 5
127 5
128 5
129 5
130 5
131 5
132 5
133 5
134 5
135 5
136 5
137 5
138 5
139 5
140 5
141 5
142 5
143 5
144 5
145 5
146 5
147 5
148 5
149 5
150 5
151 5
152 5
153 5
154 5
155 5
;

# Matriz de Tiempo / Distancias (c[i,j])
# La matriz es de 156x156 (nodos 0 a 155)
param c :
0 1 2 3 4 5 6 7 8 9 10 11 12 13 14 15 16 17 18 19 20 21 22 23 24 25 26 27 28 29 30 31 32 33 34 35 36 37 38 39 40 41 42 43 44 45 46 47 48 49 50 51 52 53 54 55 56 57 58 59 60 61 62 63 64 65 66 67 68 69 70 71 72 73 74 75 76 77 78 79 80 81 82 83 84 85 86 87 88 89 90 91 92 93 94 95 96 97 98 99 100 101 102 103 104 105 106 107 108 109 110 111 112 113 114 115 116 117 118 119 120 121 122 123 124 125 126 127 128 129 130 131 132 133 134 135 136 137 138 139 140 141 142 143 144 145 146 147 148 149 150 151 152 153 154 155 :=
0 0.0000 65.0870 65.9450 57.5053 59.0416 65.3086 41.6769 72.2934 78.0846 103.2242 94.8106 64.6600 86.4846 97.0010 29.2361 87.1152 73.5170 53.6937 61.7095 68.7253 90.6721 112.4084 116.7740 55.2320 72.0598 74.2867 74.0023 77.6066 78.1486 80.6060 71.9195 74.2140 86.1482 78.6631 91.1038 78.4015 94.1271 67.3015 71.5315 71.7495 79.9578 76.2455 77.7466 72.5314 81.0379 74.8797 81.0524 65.9588 87.5626 75.2795 83.9861 99.3410 93.4781 111.3438 88.2350 84.4129 81.8141 81.7192 80.7960 72.3666 105.0732 110.5582 5.0161 30.7631 9.7530 24.3710 26.1545 39.3131 74.4082 74.0314 9.8322 20.6694 12.5557 45.8455 37.5959 34.8494 50.5867 25.1602 43.0064 48.5033 39.1823 31.5331 40.1043 18.7915 20.0206 46.6510 27.0290 32.7894 29.4450 48.7065 39.8928 39.6875 44.5159 20.8269 38.4542 32.5736 32.0404 39.8159 47.7674 29.1779 59.1964 49.2062 41.1214 33.5151 41.9435 36.9155 46.3214 44.5579 70.9266 48.3383 53.6948 31.1003 46.3266 46.3707 39.7750 76.6080 87.0467 26.7242 93.3211 15.8916 68.2545 53.7660 65.6399 37.7003 62.1215 72.8848 45.3606 64.6600 65.4184 69.1578 51.8556 48.9426 56.9696 60.4660 53.5558 50.3938 47.0346 60.6780 59.3961 68.7138 58.2690 56.4082 66.6842 49.4209 51.0282 57.7139 46.8733 55.4012 61.3418 68.9870 53.6485 59.0560 53.4655 50.5268 47.8759 58.9522
1 65.0870 0.0000 23.0036 19.1878 11.2536 13.9911 33.3336 55.0272 43.9551 66.8917 69.1208 41.7937 60.7585 55.5143 70.1896 78.0032 49.8697 47.5257 26.5168 62.1116 66.8417 57.2078 65.9381 59.1283 131.0699 131.7953 131.6066 137.3459 137.8248 140.0113 132.8801 118.4713 134.9704 139.8334 141.7194 120.5186 150.4230 108.5208 131.7350 114.5385 138.9176 136.7082 122.2969 121.8527 130.6588 121.7463 136.6347 113.9339 142.0162 134.0763 140.0703 153.9297 153.5139 165.6033 149.3044 127.4493 142.3357 125.1652 126.5187 131.0544 167.7625 166.0242 63.7438 81.6838 65.3735 78.9490 76.2457 86.5937 131.8768 138.1501 61.6279 46.7306 68.2557 110.2258 99.0354 96.3187 114.2682 88.3438 106.2274 112.2919 102.1740 95.4234 104.0179 79.5288 84.2791 110.4989 83.5045 72.7162 78.0285 16.3827 33.1554 26.5591 32.1289 44.2886 30.5787 33.0158 37.1493 93.5362 93.8125 91.3749 104.4313 95.0998 91.7806 91.7132 102.3754 96.4117 99.5533 104.1355 104.2841 99.1592 103.4216 90.4662 95.5940 47.7414 52.1432 107.7195 104.3617 67.2988 105.4511 60.7259 108.0404 56.5706 96.3778 82.8618 68.0639 91.4274 75.8024 41.7937 123.6767 127.3592 106.3550 111.8682 119.4434 108.1840 116.2314 111.9183 109.3274 123.1519 108.0911 129.7353 120.7646 106.3533 127.3504 111.0722 112.0097 116.0664 108.2130 107.1841 122.9189 127.2223 113.4423 109.1017 114.8434 113.8941 109.1126 115.0490
2 65.9450 23.0036 0.0000 39.7550 31.9896 9.0533 48.0110 32.4579 21.3378 46.1380 46.4384 19.7645 37.8818 35.9562 60.9620 99.5090 71.9442 66.0914 48.1457 82.4214 89.5199 77.1006 86.9146 77.0273 122.7238 122.5639 122.4347 129.2308 129.6529 131.5947 125.7532 104.4391 121.7510 132.6401 128.9346 105.6827 139.9129 94.1363 124.1205 100.2578 130.2603 129.0996 108.1552 109.4290 117.9247 108.4289 126.2240 101.4668 130.8714 125.4899 129.7847 142.4733 145.1259 153.6859 141.7710 112.5617 134.5931 110.5172 112.5629 122.5173 161.2469 154.6807 66.3565 73.5555 62.8098 72.6668 68.7898 76.4143 122.6205 133.9645 65.9065 52.7593 72.9568 107.2445 93.8757 91.3710 110.2202 85.2299 102.0476 108.4438 97.9944 92.4851 100.6664 83.3983 82.4549 106.7919 89.4338 83.0366 86.3067 26.1165 46.8577 28.1712 22.2403 46.5431 27.6116 39.9244 33.9185 84.9735 82.3203 87.2938 91.6717 83.4182 82.1952 85.3370 96.3472 90.2831 90.2135 97.4832 87.9005 88.8870 92.3620 84.8001 85.0748 32.3350 39.1435 90.5075 84.2407 58.7681 84.3726 56.3202 93.2457 38.4466 79.9083 72.4868 48.5573 72.3569 61.8683 19.7645 115.2019 118.6917 97.0167 107.1516 114.0072 96.0126 111.1025 106.0664 104.1894 117.5744 96.2846 122.7630 115.2960 95.1468 120.2143 105.3552 105.7719 108.0159 102.4235 96.6383 116.6174 118.5797 106.3661 97.7333 108.7433 109.5205 103.2026 105.8904
3 57.5053 19.1878 39.7550 0.0000 8.0574 31.5470 17.8904 69.3818 61.0779 85.3141 86.0727 55.9638 77.3317 74.2478 70.5697 59.7564 32.4354 28.4335 8.7504 43.1107 50.7313 55.3667 61.1702 40.1045 128.0387 129.5205 129.2836 133.9770 134.4949 136.8485 128.7630 120.9502 136.2873 135.6248 142.4886 123.7359 148.9215 111.6180 128.0589 117.3627 135.9862 132.9179 124.7875 122.7134 131.6036 123.4546 135.3048 115.0506 141.2463 131.1859 138.5575 153.2372 150.0789 165.1662 145.2066 130.5605 138.5459 128.0877 128.7296 128.1893 162.5186 165.0452 54.8402 80.3181 60.6016 76.1934 74.6643 86.7208 129.6220 131.4920 51.5518 37.0282 57.2935 103.3053 94.2962 91.5182 108.0833 82.4112 100.4095 106.0048 96.5036 89.0158 97.6054 68.5224 77.5137 104.1540 70.7685 57.3295 63.8360 17.8216 18.7946 27.4975 39.3506 38.4222 33.3477 25.9254 37.8009 91.9163 94.7558 86.0848 106.1197 96.1580 91.1299 88.3166 98.2275 92.5918 98.3491 100.4458 109.4968 98.7908 103.5930 86.5350 95.5922 55.6154 57.5230 113.7015 113.7891 67.3353 116.1693 57.9767 111.5515 65.8146 101.9289 83.3647 77.9382 99.9138 79.8839 55.9638 120.9380 124.6952 104.8937 106.3024 114.2463 109.2033 110.8721 107.2897 104.1907 117.9724 108.7785 125.5596 115.5583 106.5536 123.3705 106.3584 107.7008 113.1722 103.6544 106.7623 118.3480 124.5400 109.7953 109.3570 110.3312 107.9852 104.6241 113.1475
4 59.0416 11.2536 31.9896 8.0574 0.0000 23.5858 23.0372 62.4075 53.3261 77.3168 78.4081 48.9665 69.7525 66.2037 68.7006 67.6312 39.9605 36.2745 16.1566 51.1642 57.8043 56.4094 63.5329 47.8757 127.9001 129.0609 128.8440 133.9992 134.5014 136.7883 129.0976 118.4883 134.3403 136.0158 140.7814 120.9851 148.1773 108.8764 128.1995 114.7502 135.8243 133.1203 122.3322 120.9176 129.7979 121.3132 134.4580 113.1250 140.1773 130.9947 137.7958 152.1605 150.1640 164.0036 145.5698 127.8709 138.7611 125.4674 126.3985 127.9795 163.4140 164.1096 56.9844 79.2618 60.8680 75.7061 73.6584 85.0766 129.1541 132.9590 54.2397 39.3122 60.4785 104.8124 94.7870 92.0230 109.2740 83.3762 101.4076 107.2345 97.4197 90.2311 98.8606 71.8055 78.8299 105.4034 74.9308 62.8379 68.7246 13.3603 23.2601 24.3410 34.3048 38.8281 29.7538 26.4978 35.2492 91.0380 92.8175 86.7805 103.9270 94.1794 89.8367 88.1861 98.4745 92.6688 97.3257 100.5014 105.9121 97.4172 102.0150 86.6291 94.0500 50.6616 53.5139 109.8334 108.6299 65.5787 110.5520 57.3087 108.6443 60.4869 98.1842 81.5433 72.4761 95.0541 76.5933 48.9665 120.6535 124.3894 104.0075 107.2095 115.0155 107.2968 111.7027 107.7842 104.8990 118.7450 107.0072 125.9115 116.3356 104.9757 123.6309 106.8872 108.0559 112.9301 104.1045 105.4450 118.8530 124.2416 109.8681 107.7670 110.7850 109.0517 105.0470 112.4794
5 65.3086 13.9911 9.0533 31.5470 23.5858 0.0000 41.8446 41.3965 30.0284 53.7746 55.1990 28.4281 46.7785 42.8727 64.3803 91.2131 63.3829 58.8085 39.6821 74.5676 80.7075 68.7434 78.2845 70.0530 126.1922 126.3849 126.2315 132.6286 133.0746 135.1196 128.7463 110.1231 127.1600 135.6820 134.1888 111.6933 144.2911 99.9263 127.3021 106.0279 133.8769 132.2955 113.8948 114.4833 123.1298 113.8386 130.5266 106.5096 135.4789 129.0634 134.0476 147.2320 148.6763 158.6489 144.9742 118.6119 137.8591 116.4663 118.2409 126.0612 164.0944 159.4194 65.0326 76.6558 63.4999 75.0007 71.5643 80.3840 126.4516 135.8172 63.9242 49.8494 70.9066 108.5067 95.9300 93.3232 111.9224 86.3984 103.7592 110.0575 99.6819 93.6393 102.0391 81.7837 83.0824 108.3408 87.0697 78.9345 83.0111 20.3879 40.9979 25.8154 24.6921 44.9301 27.2017 36.2583 34.0505 88.3443 86.8715 88.8674 96.7913 88.0538 85.9640 87.8220 98.7663 92.7037 93.9343 100.1602 94.4789 92.9792 96.7936 86.9934 89.2447 37.9759 43.8298 97.4292 92.3090 61.8639 92.8113 57.6546 99.1986 45.4569 86.4918 76.5050 56.2630 79.9776 67.2844 28.4281 118.6943 122.2742 100.7748 109.1052 116.2806 100.9131 113.2400 108.4684 106.2959 119.9194 101.0384 125.6839 117.5879 99.6520 123.1911 107.6996 108.3270 111.3084 104.7815 100.8830 119.2471 122.1518 109.2601 102.3162 111.2577 111.3491 105.6130 109.6185
6 41.6769 33.3336 48.0110 17.8904 23.0372 41.8446 0.0000 72.2592 68.1037 93.9431 91.8376 59.5660 82.7938 83.9586 59.8115 57.0389 35.0795 20.0954 20.1434 38.0110 53.9013 70.9514 75.1038 29.6093 113.4827 115.4063 115.1423 119.1692 119.7049 122.1343 113.5819 110.2999 124.5249 120.3384 130.2571 113.6230 135.1064 101.6437 113.1296 107.0515 121.4141 117.8816 114.0808 110.8073 119.6307 112.1678 121.7264 103.4629 127.9725 116.6823 124.8290 139.9041 135.1114 151.9068 129.9116 120.2511 123.4647 117.6672 117.7438 113.7304 146.5572 151.4372 38.3620 67.7796 46.4674 62.8027 62.1835 75.0807 115.5192 115.0458 34.5879 21.0840 39.8554 86.9442 79.1820 76.4168 92.0233 66.8370 84.6166 89.9157 80.8389 73.0733 81.5459 50.9532 61.5832 88.0555 52.8929 39.8241 46.0113 21.8961 2.2459 24.6042 38.4366 25.4856 29.9136 15.2897 31.1117 78.8492 83.4967 70.8021 95.1496 84.9486 78.7759 74.1430 83.3941 78.0587 85.4204 85.8507 101.3565 86.4470 91.5341 72.0619 83.5960 52.7893 52.1394 106.1428 109.5130 56.4825 113.1815 45.5135 101.9172 63.4035 94.2891 72.1313 75.3977 95.0811 71.7653 59.5660 106.6352 110.3948 91.6546 90.5711 98.6231 97.6556 95.1987 92.0500 88.7110 102.3227 96.9915 110.3749 99.9175 94.4533 108.3150 91.0829 92.6356 98.8726 88.5015 94.2098 103.0166 110.2302 95.0867 97.2409 95.1192 92.0619 89.4976 99.4773
7 72.2934 55.0272 32.4579 69.3818 62.4075 41.3965 72.2592 0.0000 17.4858 33.0290 22.5174 13.4416 14.5486 31.7215 53.6139 127.9914 101.7335 92.1346 78.1161 109.6878 120.0877 109.1409 119.2278 101.7327 109.6461 108.1557 108.1237 116.1645 116.4812 117.9652 114.3403 83.5350 101.2767 120.7814 108.8349 83.4170 122.8142 73.3098 112.0667 79.1976 116.3335 116.7958 86.8734 90.8078 98.3721 88.4458 109.8442 83.2783 113.1754 111.9042 113.4319 123.8788 130.9729 134.0742 129.0076 89.8895 121.8289 88.3147 91.3564 109.1625 149.2655 135.8782 74.8679 65.5069 65.1894 67.6701 62.6559 64.5609 108.1715 126.4562 76.5446 67.9444 83.0201 103.1603 87.7843 85.8598 104.3528 83.1321 96.6419 103.0035 92.9552 89.8107 96.5960 91.0753 82.5593 101.6868 99.1123 98.7057 99.2158 52.5254 70.4745 47.8117 34.2572 59.2315 43.2456 59.3249 45.4940 74.6207 67.4823 83.5309 73.7576 68.1334 70.5361 78.3597 88.7033 83.1094 78.0333 88.7837 64.1056 75.3402 77.1909 78.9723 71.5387 25.9240 33.0592 65.1323 54.3108 53.1195 53.0545 57.6591 71.7933 20.9560 56.5742 60.9120 23.0801 44.7883 45.8544 13.4416 102.3662 105.3536 84.1879 100.5332 105.8221 78.7100 103.5769 97.8427 97.1835 108.9445 79.5557 111.7450 106.9759 79.4885 109.0984 97.3901 96.9915 96.3110 94.5912 81.9190 106.9714 105.2859 96.2710 81.5985 99.9425 103.2270 95.1237 92.6303
8 78.0846 43.9551 21.3378 61.0779 53.3261 30.0284 68.1037 17.4858 0.0000 26.2935 25.1713 14.0436 16.9584 18.9818 64.9716 120.8203 93.2754 86.9029 69.4826 103.5579 110.7356 94.3149 104.9200 97.5414 124.1244 123.0539 122.9908 130.6840 131.0373 132.6790 128.2895 100.0779 117.8155 134.9276 125.3198 100.2599 138.5928 89.7591 126.2192 95.7483 131.1324 131.0661 103.5230 106.8224 114.6752 104.7974 125.3527 99.1145 129.0721 126.5647 128.9530 140.0575 145.9232 150.5332 143.5040 106.8429 136.2846 105.1688 108.0131 123.7285 163.6009 152.1497 79.6614 77.5272 72.6542 78.4890 73.8121 78.0347 123.0827 139.0766 80.3027 69.0687 87.2158 114.2169 99.4547 97.2654 116.1445 93.0575 108.1586 114.6098 104.2743 100.0974 107.5662 96.6194 91.5063 113.1431 103.7736 100.1548 102.1882 46.4982 66.7051 45.5841 34.5013 61.3699 42.8069 57.8130 47.3832 87.7329 82.0779 94.1734 89.4198 82.8904 84.0597 90.2283 101.0018 95.1385 91.8718 101.4903 81.1367 89.6188 92.0415 90.3875 85.7539 34.4618 42.4869 82.4265 71.6497 63.7314 69.9001 65.3250 88.3811 34.3785 73.4523 74.1948 39.8489 62.2381 60.3436 14.0436 116.7065 119.8854 98.3388 112.5798 118.5287 94.2452 116.0093 110.4801 109.3430 121.8476 94.9268 125.5370 119.7445 94.5246 122.9036 109.9235 109.8302 110.2067 107.0402 96.6800 120.2321 119.8026 109.5897 96.8084 112.8213 115.1754 107.6740 107.0233
9 103.2242 66.8917 46.1380 85.3141 77.3168 53.7746 93.9431 33.0290 26.2935 0.0000 15.6277 38.6310 18.9338 12.1156 86.5954 144.8548 116.7553 112.2219 93.2963 128.3281 133.2524 109.4613 120.8904 123.1473 141.7157 139.8782 139.8753 148.1728 148.4590 149.8041 146.7396 112.9979 130.4953 153.0386 138.1020 112.0259 153.3594 103.1736 144.3519 108.7159 148.1041 148.9847 116.0032 121.2523 128.1768 118.2747 140.8722 114.0989 143.6002 143.8179 144.4176 153.6967 162.5289 163.1741 160.9824 117.9848 153.8632 116.7969 120.3955 141.1667 181.3012 165.4091 105.1663 98.5351 96.9991 100.6139 95.6347 97.3742 139.8816 159.3471 106.1080 95.2862 112.9346 136.1728 120.8132 118.8835 137.3751 115.9379 129.6707 136.0318 125.9780 122.7077 129.5974 121.9387 115.0763 134.7154 129.4140 126.3999 128.2351 72.1243 92.6481 71.8637 60.5833 87.4174 69.0511 84.0931 73.3638 107.4942 99.7467 116.4781 104.9430 100.2783 103.3048 111.3875 121.6954 116.1291 110.6415 121.7126 92.4951 107.7389 109.1776 111.9930 103.9997 57.6567 65.3579 92.1389 76.0589 85.9768 71.3339 89.5102 101.3632 53.9829 85.7377 93.7943 54.1869 71.2413 78.4183 38.6310 134.5696 137.4034 116.6046 133.5404 138.7216 109.9923 136.5329 130.7695 130.1825 141.7897 111.0201 144.2381 139.8590 111.2931 141.5932 130.3370 129.8759 128.8070 127.5559 113.9383 139.7083 137.3476 129.0157 113.2140 132.8112 136.2404 128.0710 124.8487
10 94.8106 69.1208 46.4384 86.0727 78.4081 55.1990 91.8376 22.5174 25.1713 15.6277 0.0000 32.6750 9.0633 22.7951 75.1129 145.7388 118.3685 111.1742 94.5552 128.1799 135.9048 117.4806 128.4898 121.4410 127.6621 125.5823 125.5981 134.0534 134.3158 135.5581 132.9756 97.8972 115.2854 139.1168 122.8858 96.7445 138.4705 88.2243 130.4793 93.6459 133.8169 135.0113 100.8140 106.4139 113.1168 103.2522 126.2047 99.4334 128.6904 129.6401 129.7224 138.5833 148.0774 147.8816 146.8074 102.6013 139.7497 101.4787 105.1736 127.0635 167.1343 150.2058 97.3513 86.4465 87.6340 89.2169 84.1099 84.4176 125.5778 146.3275 98.9296 89.7358 105.4683 124.2752 108.6636 106.9158 125.0103 104.9080 117.5369 123.7925 113.9979 111.3948 117.8036 113.5926 104.6539 122.5793 121.6120 120.7196 121.5403 70.7646 90.2540 68.1006 55.2616 81.2291 64.2141 80.0946 67.2823 94.6093 86.0492 105.0032 90.4887 86.4700 90.2243 99.2168 109.1496 103.8066 97.2667 108.9149 77.2533 94.1267 95.1880 100.0927 90.4784 48.4412 55.4640 76.6920 60.4425 74.9394 55.8898 80.1082 86.3404 42.5674 70.7072 81.0184 40.4354 55.8484 65.2434 32.6750 120.6512 123.3469 102.9665 121.0464 125.7785 95.5599 123.7762 117.9318 117.6458 128.7029 96.6803 130.5866 126.8692 97.1616 127.9516 117.5674 116.9212 115.2087 114.8626 99.9494 126.4153 123.3008 115.7718 98.9516 119.8072 123.7866 115.3104 110.9787
11 64.6600 41.7937 19.7645 55.9638 48.9665 28.4281 59.5660 13.4416 14.0436 38.6310 32.6750 0.0000 23.6374 32.8980 51.0149 114.7839 88.3425 79.2480 64.6917 96.6443 106.6557 96.8630 106.6460 89.1541 110.7877 109.9266 109.8470 117.3517 117.7209 119.4342 114.7351 88.4494 106.0919 121.4331 113.4969 89.0900 126.0119 78.0788 112.7430 84.1582 117.9335 117.6269 92.0243 94.5592 102.6762 92.9012 112.6003 86.7276 116.6172 113.3073 116.1994 127.8392 132.7746 138.6039 130.1380 95.8390 122.9132 93.9889 96.5003 110.4327 150.1401 140.0000 66.5354 63.6228 58.8402 64.4605 59.8123 64.4750 109.9624 125.1751 67.5339 57.3441 74.3253 100.1803 85.4666 83.2565 102.1537 79.0226 94.1498 100.6038 90.2543 86.0554 93.5286 83.3356 77.5365 99.1269 90.7865 88.4495 89.8209 39.2835 57.8818 35.4878 22.6491 49.1064 31.5570 47.4237 35.0405 74.0241 68.9606 80.1315 76.9452 69.8538 70.4868 76.2744 87.0912 81.1977 78.3744 87.6516 70.4935 76.3077 79.0029 76.3860 72.4344 20.4319 28.4591 72.4984 64.7272 49.7108 64.6235 51.4503 76.8974 21.6784 62.5923 60.5956 29.7704 53.4194 47.3820 0.0000 103.3275 106.5832 84.9369 98.6196 104.6632 81.6407 102.0995 96.6129 95.4008 108.0166 82.1988 111.9346 105.8893 81.5808 109.3104 96.0384 96.0036 96.6718 93.1449 83.5699 106.4856 106.4937 95.8777 83.9619 98.9982 101.2015 93.7951 93.6947
12 86.4846 60.7585 37.8818 77.3317 69.7525 46.7785 82.7938 14.5486 16.9584 18.9338 9.0633 23.6374 0.0000 20.9070 68.0802 136.9164 109.6948 102.1778 85.8732 119.2491 127.3998 110.7687 121.5486 112.4003 122.8320 121.0603 121.0512 129.3014 129.5932 130.9658 127.8144 94.7890 112.4090 134.1295 120.0133 94.1035 134.8675 84.8113 125.4380 90.4775 129.2795 130.0842 97.9133 102.7530 109.8888 99.9598 122.2278 95.4818 125.1360 124.9627 125.7879 135.4413 143.7593 145.1829 142.1206 100.2657 134.9887 98.9345 102.3482 122.2940 162.4323 147.2663 88.8643 79.8265 79.6116 82.1581 77.1195 78.4712 121.0664 140.4555 90.2952 80.8164 96.9084 117.5621 102.1077 100.2350 118.6174 97.6648 110.9766 117.3094 107.3313 104.3156 111.0192 105.2760 97.1053 116.0239 113.1552 111.8489 112.8358 61.7974 81.2008 59.0392 46.2564 72.3826 55.1909 71.0449 58.3903 88.6065 80.8252 98.0112 86.2192 81.3694 84.3901 92.6676 102.8823 97.3695 91.7089 102.8466 74.5651 88.8092 90.2947 93.3609 85.0669 40.2153 47.5473 74.6913 60.4799 67.6487 57.1528 72.0819 83.0864 35.3803 67.5224 74.9158 35.3331 53.7817 59.4877 23.6374 115.6641 118.5217 97.6749 114.7465 119.8368 91.2519 117.6809 111.8999 111.3764 122.8852 92.2390 125.3065 120.9674 92.4426 122.6614 111.4800 110.9866 109.8745 108.7131 95.0527 120.7830 118.4639 110.0926 94.4023 113.9155 117.4582 109.2148 105.9390
13 97.0010 55.5143 35.9562 74.2478 66.2037 42.8727 83.9586 31.7215 18.9818 12.1156 22.7951 32.8980 20.9070 0.0000 83.3941 133.5102 105.2799 101.6498 82.0165 117.3529 121.4978 97.4643 108.8499 112.7888 141.2472 139.8437 139.8068 147.7803 148.1062 149.6254 145.7738 114.8952 132.5984 152.2906 140.1858 114.4737 154.4836 104.7649 143.5712 110.5638 148.0087 148.3422 118.1320 122.4354 129.8625 119.9255 141.5587 114.9596 144.8198 143.5505 145.1446 155.4044 162.6747 165.4085 160.6245 120.7619 153.4316 119.3384 122.5954 140.7855 180.8489 167.3411 98.4640 95.8011 91.6343 97.1019 92.3272 95.7022 139.8614 157.2457 98.9349 87.1608 105.8954 132.8497 117.8985 115.7803 134.5804 111.8733 126.6630 133.0989 122.8258 118.8663 126.2092 115.4709 110.4335 131.6723 122.4782 118.0653 120.5351 62.0626 82.8125 63.0539 53.0459 79.8156 60.9488 75.2002 65.9642 105.6046 99.0699 112.8639 105.4699 99.7632 101.7185 108.5900 119.2410 113.4595 109.3744 119.5713 94.9851 106.8437 108.8513 108.8841 103.0133 53.1696 61.1610 95.3769 81.3394 82.3327 77.6971 84.2949 103.1538 51.7099 87.7235 91.9445 54.6321 74.5202 77.3535 32.8980 133.9226 136.9656 115.6610 130.9280 136.6378 110.4292 134.2243 128.6056 127.6472 139.8766 111.2766 143.1138 137.8292 111.1819 140.4699 128.0898 127.8700 127.7044 125.2344 113.5655 138.0908 136.8940 127.4045 113.3117 130.8483 133.5602 125.8297 124.1931
14 29.2361 70.1896 60.9620 70.5697 68.7006 64.3803 59.8115 53.6139 64.9716 86.5954 75.1129 51.0149 68.0802 83.3941 0.0000 112.7878 94.7267 76.7946 77.3547 93.6849 113.2244 125.1014 131.6906 81.0762 61.8587 62.0197 61.8612 68.3322 68.7661 70.7697 64.8067 50.6123 65.7392 71.6823 72.0853 53.8145 80.2745 41.8401 63.1606 47.2599 69.5042 68.1422 54.4247 52.2349 61.1222 52.8941 66.4818 44.5002 71.8326 64.6975 69.9454 83.7623 84.3236 95.4940 80.8176 60.4744 73.6503 57.9136 58.2478 61.7016 100.3178 95.8386 33.9891 12.7231 19.4831 14.1049 9.0420 16.4341 62.0889 74.1860 38.2468 41.2597 41.7291 49.6029 34.5074 32.4036 51.1948 29.8784 43.2747 49.7056 39.4733 36.2848 43.0083 44.8913 30.4109 48.2936 54.0503 62.0071 58.3370 55.5913 57.6003 44.4710 39.6884 34.4023 39.6696 45.5054 33.5039 24.0304 24.1904 29.9338 35.6024 25.5884 21.6609 25.2601 36.1080 30.1848 29.5761 36.8449 42.8549 28.9697 33.3519 25.5018 25.4401 30.6626 22.7020 48.2512 57.8428 3.3292 64.3308 15.3574 42.1896 32.7012 36.8486 12.8443 36.9751 43.8144 16.2257 51.0149 54.3472 57.9038 36.4175 47.6091 53.7451 38.6565 51.1087 45.7029 44.3865 57.1724 38.3122 61.8404 54.9915 36.3066 59.2761 45.0913 45.2023 47.0680 42.1817 36.9974 55.8968 57.7836 45.4866 39.0886 48.1977 50.2058 42.8640 45.2447
15 87.1152 78.0032 99.5090 59.7564 67.6312 91.2131 57.0389 127.9914 120.8203 144.8548 145.7388 114.7839 136.9164 133.5102 112.7878 0.0000 28.4499 37.1631 51.5624 19.3066 19.2060 69.1050 63.6518 31.9286 155.3461 158.5777 158.2442 159.8490 160.4205 162.9949 153.1735 161.2295 173.0724 159.1114 177.6557 165.2535 178.3120 153.8021 153.7047 158.5840 162.8064 157.7834 164.8092 159.5448 167.9198 161.9944 166.1527 153.0732 172.9643 158.5488 168.7016 184.3080 174.4078 196.1314 168.1361 171.4215 162.8892 168.7377 167.9095 155.9020 180.8353 194.6883 82.2301 117.6237 95.4408 111.4357 112.5631 125.9462 158.7192 148.4079 77.3379 71.6304 77.8752 123.2676 121.6508 119.2011 129.3946 109.0324 123.9332 127.3438 121.0781 113.0138 119.9771 84.4281 103.1237 125.6199 79.6398 61.0031 69.6270 75.5005 59.1489 81.3171 95.0898 79.5129 86.8592 72.0462 87.9919 126.8654 134.5126 113.5644 146.1079 135.9723 128.2075 119.9120 126.4171 122.4782 133.3020 129.4247 155.5747 135.4505 140.8093 117.2102 133.3939 109.8272 108.8956 160.7891 166.0638 109.5609 170.0703 97.4685 154.5035 120.4420 149.0868 123.7716 132.4269 151.5259 126.7345 114.7839 149.7001 153.2556 138.4652 129.5912 137.4314 147.5697 134.0686 132.9270 128.9442 140.7308 146.5112 150.1504 138.5482 143.5100 148.7151 131.9050 134.1065 142.4182 129.9926 142.3856 142.7054 153.0705 137.5988 146.1372 135.8569 130.0829 131.0011 144.7610
16 73.5170 49.8697 71.9442 32.4354 39.9605 63.3829 35.0795 101.7335 93.2754 116.7553 118.3685 88.3425 109.6948 105.2799 94.7267 28.4499 0.0000 20.3808 23.8217 17.5142 19.0249 50.0523 49.1430 25.9071 145.2788 147.7319 147.4390 150.5462 151.1019 153.6142 144.4450 145.0154 158.7096 150.9333 164.1358 148.4808 167.5988 136.5611 144.3984 141.8759 153.1005 148.9241 148.7655 144.9821 153.7211 146.6377 154.5692 137.8393 161.0577 148.5118 157.4938 172.8563 166.0735 184.8604 160.3761 155.0411 154.3679 152.4317 152.3152 145.6514 175.4696 184.0450 69.2517 101.9688 80.0163 96.5292 96.4764 109.6204 147.8568 143.1453 64.6327 54.3583 67.6466 115.8953 110.7497 108.0663 121.5724 98.0119 114.9028 119.4483 111.4616 103.3779 111.3590 77.0053 92.3072 117.6121 75.2375 57.0755 65.7614 49.4596 37.3226 57.0846 70.3415 60.3244 62.9479 50.1761 65.5387 112.5642 118.1237 102.3245 129.8176 119.5850 112.9428 106.9762 115.2696 110.4190 119.1565 117.9909 136.4336 120.5473 125.7506 104.6143 117.9070 86.0548 86.4943 141.1926 143.7919 91.3992 146.9106 80.0724 136.8960 96.5725 129.3346 106.8405 108.7312 129.5157 106.8201 88.3425 138.8340 142.5528 125.0870 120.8409 128.9389 132.0824 125.4845 123.1603 119.4849 132.5204 131.3097 141.2764 130.1756 128.6259 139.4538 122.1539 124.0080 131.1732 119.8164 128.1148 133.7830 142.3786 126.9268 131.3847 126.2183 121.9090 120.8342 132.4421
17 53.6937 47.5257 66.0914 28.4335 36.2745 58.8085 20.0954 92.1346 86.9029 112.2219 111.1742 79.2480 102.1778 101.6498 76.7946 37.1631 20.3808 0.0000 23.3723 17.9667 37.0209 67.1930 68.1659 11.7143 125.1177 127.6850 127.3852 130.3074 130.8654 133.3874 124.1481 126.4264 139.4980 130.6056 144.6919 130.1361 147.5655 118.3938 124.1514 123.4848 132.9085 128.6429 130.1187 125.7979 134.4473 127.7264 134.6626 118.8585 141.2267 128.3524 137.5250 152.9579 145.7691 164.9469 140.0327 136.5467 134.0663 133.9000 133.5058 125.5147 155.0957 164.0239 49.2508 82.9912 60.8018 77.2563 77.6340 90.9468 127.8127 122.7898 44.5364 35.6186 47.2917 95.5158 90.6196 87.9615 101.2044 77.8545 94.5868 99.0810 91.1855 83.0853 91.0130 56.6542 72.1013 97.2470 55.2351 37.6059 46.0353 40.4472 22.1160 44.6679 58.5048 42.8031 50.0062 34.8966 50.8418 93.1841 99.5143 82.2149 111.2120 100.9809 93.8787 87.2084 95.1900 90.4804 99.7580 97.9660 119.2724 101.3919 106.6678 84.7604 98.9444 72.7956 71.7331 124.3224 128.9426 73.5021 132.9079 61.6970 118.9049 83.3995 112.5364 88.4156 95.3295 114.4240 90.0645 79.2480 118.7719 122.4738 105.4991 100.5154 108.6078 113.1736 105.1548 102.9233 99.2111 112.1776 112.2961 120.9870 109.8390 109.4946 119.1954 101.9132 103.8093 111.1538 99.6173 108.7871 113.4876 122.2976 106.8088 112.2196 105.9742 101.5541 100.6364 112.6290
18 61.7095 26.5168 48.1457 8.7504 16.1566 39.6821 20.1434 78.1161 69.4826 93.2963 94.5552 64.6917 85.8732 82.0165 77.3547 51.5624 23.8217 23.3723 0.0000 35.8078 41.9837 50.8080 55.2694 34.9664 133.2290 134.9773 134.7245 139.0102 139.5402 141.9450 133.5364 127.9278 142.8772 140.3257 148.8922 130.8955 154.5639 118.7986 133.0067 124.4471 141.1729 137.7958 131.7522 129.2262 138.1021 130.2093 141.0621 121.6764 147.1661 136.4115 144.2381 159.1379 155.0141 171.1135 149.9057 137.6676 143.3958 135.1544 135.6025 133.4399 166.6817 170.8116 58.4980 86.4628 65.8885 81.9306 80.8112 93.2555 135.0854 135.1873 54.7142 41.0460 59.7865 107.0873 99.0849 96.3117 112.1475 86.8542 104.6978 110.0424 100.8916 93.1727 101.6664 70.7197 81.6710 108.1826 71.8630 56.7426 64.0538 26.4281 21.8205 35.5213 47.8737 44.0438 41.4387 31.9476 45.3484 97.8576 101.4589 90.7449 112.9563 102.8833 97.3890 93.6781 103.2083 97.7517 104.3709 105.5805 117.1815 105.0744 110.0073 91.7190 102.0126 64.0470 65.5813 121.5315 122.2012 74.0693 124.7320 64.0347 118.8357 74.3389 109.7152 90.0401 86.4845 108.2246 87.4862 64.6917 126.2756 130.0382 110.7808 110.6443 118.6790 115.8330 115.2631 112.0049 108.7273 122.3861 115.3139 130.3283 119.9778 112.9572 128.2285 111.0472 112.5385 118.5027 108.4273 112.9727 123.0056 129.8773 114.8710 115.7598 115.0689 112.1686 109.4164 118.8292
19 68.7253 62.1116 82.4214 43.1107 51.1642 74.5676 38.0110 109.6878 103.5579 128.3281 128.1799 96.6443 119.2491 117.3529 93.6849 19.3066 17.5142 17.9667 35.8078 0.0000 24.4551 66.9714 64.7823 13.8608 138.4410 141.4095 141.0889 143.2417 143.8093 146.3692 136.7606 142.5564 154.8673 142.9376 159.6938 146.4735 161.2487 134.9142 137.0735 139.8049 146.0590 141.3376 146.1797 141.2564 149.7471 143.5154 148.7596 134.6026 155.4845 141.6660 151.4413 167.0065 158.2236 178.9175 152.1630 152.7319 146.5933 150.0591 149.3872 138.9332 165.9344 177.6894 63.9479 98.9480 76.7046 92.8972 93.7799 107.1635 141.5458 133.4322 59.0692 52.4560 60.3436 107.2440 104.3022 101.7609 113.2257 91.5636 107.2624 111.1336 104.1735 96.0488 103.4379 68.0136 85.6769 109.3546 64.4551 45.6259 54.5008 57.4814 40.0664 62.4992 76.3253 60.2269 67.9184 52.8533 68.7950 108.5406 115.7423 96.0551 127.3866 117.2062 109.6564 101.9232 109.0127 104.7624 115.0420 111.9419 136.4116 117.0085 122.3470 99.3051 114.8100 90.7582 89.6461 141.5835 146.7686 90.4371 150.8323 78.4063 135.5537 101.3641 129.8575 104.8705 113.2955 132.2259 107.4731 96.6443 132.4935 136.1183 120.4318 113.0594 121.0404 129.0261 117.6249 116.0343 112.1428 124.4666 128.0313 133.6692 122.2096 125.0977 132.0810 115.0128 117.1006 125.0553 112.9385 124.1243 126.1737 135.9363 120.4090 127.7649 119.0254 113.7779 113.9555 127.0632
20 90.6721 66.8417 89.5199 50.7313 57.8043 80.7075 53.9013 120.0877 110.7356 133.2524 135.9048 106.6557 127.3998 121.4978 113.2244 19.2060 19.0249 37.0209 41.9837 24.4551 0.0000 49.9411 44.5889 37.8541 161.6821 164.4158 164.1079 166.6915 167.2549 169.7986 160.3535 163.2513 176.5085 166.6564 181.7104 166.8481 184.2961 155.0044 160.5225 160.2165 169.4013 164.8988 166.9694 162.8028 171.4637 164.6699 171.5217 155.8187 178.1329 164.9157 174.3303 189.8134 181.9069 201.7848 175.9700 173.3341 170.2345 170.7032 170.4187 162.1211 190.1361 200.7578 86.1495 119.9334 97.7883 114.2623 114.5270 127.7856 164.5467 157.6483 81.3717 72.3850 83.5170 131.1300 127.2889 124.6714 137.0216 114.5092 130.7819 134.9142 127.5400 119.4092 127.0575 91.8876 108.6862 133.1114 88.7689 69.9823 78.8619 68.1600 56.1470 76.0794 89.2446 78.8710 81.9543 69.0953 84.5457 130.2038 136.3324 118.9295 148.0360 137.7977 130.8507 124.1753 131.9202 127.3524 136.7786 134.7538 155.2128 138.3864 143.6491 121.6910 135.8915 105.0429 105.5147 160.0393 162.8166 109.9048 165.9033 98.3564 155.4135 115.5405 148.1878 125.1380 127.7038 148.5381 125.6616 106.6557 155.4932 159.1694 142.5059 136.6476 144.6892 150.1110 141.2525 139.3602 135.5518 148.1790 149.2628 157.2272 145.8857 146.4869 155.5418 138.3429 140.3327 147.9318 136.1478 145.8053 149.7200 158.9908 143.4693 149.2188 142.3864 137.4986 137.1676 149.5598
21 112.4084 57.2078 77.1006 55.3667 56.4094 68.7434 70.9514 109.1409 94.3149 109.4613 117.4806 96.8630 110.7687 97.4643 125.1014 69.1050 50.0523 67.1930 50.8080 66.9714 49.9411 0.0000 11.8271 75.5451 183.4037 184.8694 184.6353 189.3254 189.8454 192.2065 184.0397 174.7835 190.7458 190.8756 197.1860 177.1344 204.2117 165.0544 183.3883 170.9847 191.3516 188.2303 178.6258 177.3256 186.2068 177.6975 190.5548 169.5337 196.4000 186.5524 193.8387 208.3914 205.4106 220.2772 200.4598 184.0445 193.8516 181.6822 182.7326 183.5560 217.4536 220.2699 109.2979 135.4350 115.9596 131.5107 129.7983 141.4566 184.9697 185.9932 105.5100 91.7443 110.4094 157.8941 149.5616 146.7834 162.9248 137.5002 155.4147 160.8237 151.5711 143.9199 152.4399 121.1410 132.4090 158.9647 121.4225 104.6493 112.7934 69.6470 72.5872 80.7262 89.1210 93.7888 85.9631 81.2863 91.6563 147.1271 149.2269 141.2905 160.3106 150.5882 146.1241 143.6831 153.5541 147.9485 153.5007 155.8016 161.3805 153.7384 158.3917 141.8927 150.4148 104.9443 109.0272 164.9085 161.0361 121.9629 161.4666 113.2167 164.7215 113.6528 153.5079 137.9454 124.8824 148.4566 132.5215 96.8630 176.3025 180.0589 160.1118 161.3467 169.3515 163.7061 165.9502 162.5341 159.3488 173.0680 163.4119 180.8334 170.6562 161.3537 178.6739 161.5911 162.9911 168.5378 158.9196 161.7528 173.5731 179.9042 165.1451 164.1485 165.5863 162.9197 159.8970 168.4458
22 116.7740 65.9381 86.9146 61.1702 63.5329 78.2845 75.1038 119.2278 104.9200 120.8904 128.4898 106.6460 121.5486 108.8499 131.6906 63.6518 49.1430 68.1659 55.2694 64.7823 44.5889 11.8271 0.0000 75.0474 188.4894 190.2417 189.9902 194.2409 194.7736 197.1885 188.6857 181.8871 197.4275 195.4366 203.6580 184.4820 209.8014 172.3664 188.2176 178.2054 196.4314 192.9814 185.7299 183.8740 192.7648 184.5373 196.2633 176.1884 202.3002 191.6752 199.4639 214.2842 210.2093 226.2385 205.0066 191.3548 198.5675 188.9298 189.7378 188.7060 221.3934 226.0159 113.2933 141.4380 121.1521 137.1119 135.7812 147.8864 190.3493 189.5297 109.2087 96.1762 113.5591 161.6359 154.2756 151.5073 166.9123 141.9320 159.6422 164.7937 155.9048 148.0714 156.4665 123.8849 136.6166 162.9337 123.2949 105.7238 114.2010 76.8930 76.9506 87.7779 97.2528 99.2063 93.2846 86.8867 98.5494 152.9621 155.8809 145.9042 167.1745 157.2742 152.2834 148.9441 158.4456 153.0167 159.4344 160.8412 169.3522 159.9505 164.7632 146.9867 156.7624 113.3703 116.9080 173.1230 170.2676 128.4753 171.0785 119.0451 172.1656 122.4890 161.5661 144.5064 133.9886 157.3492 140.1227 106.6460 181.5450 185.3076 165.9186 165.6063 173.6781 170.3426 170.2444 167.1538 163.8015 177.3666 169.9385 185.4787 174.9664 167.7238 183.4142 166.1866 167.7308 173.7720 163.6020 167.9105 178.1158 185.1467 170.1202 170.5272 170.2229 167.0216 164.5967 174.0477
23 55.2320 59.1283 77.0273 40.1045 47.8757 70.0530 29.6093 101.7327 97.5414 123.1473 121.4410 89.1541 112.4003 112.7888 81.0762 31.9286 25.9071 11.7143 34.9664 13.8608 37.8541 75.5451 75.0474 0.0000 124.5831 127.5684 127.2466 129.3822 129.9496 132.5092 122.9091 129.3030 141.2991 129.1022 146.0246 133.3273 147.4012 121.8996 123.2137 126.6581 132.1983 127.4837 132.8875 127.7285 136.1624 130.1058 134.9473 121.1858 141.6879 127.8075 137.6115 153.1841 144.3842 165.0859 138.3452 139.4941 132.7475 136.8109 136.0096 125.0779 152.2895 163.8389 50.3829 85.6954 63.5165 79.5228 80.6422 94.0232 127.7053 119.7978 45.4917 40.1932 46.5164 93.4395 90.4728 87.9436 99.4005 77.7467 93.4037 97.3049 90.3133 82.1892 89.5855 54.1943 71.8538 95.5212 50.9357 32.2086 41.0776 51.0691 31.2804 53.9300 67.6525 48.5456 58.8421 43.0000 58.6350 95.0246 102.5872 82.2469 114.1794 104.0464 96.2953 88.2459 95.1925 91.0018 101.4919 98.1351 123.9206 103.5687 108.9223 85.5970 101.4764 80.9487 78.9714 129.2237 135.4936 77.8856 140.0098 65.7255 122.6274 91.4434 117.5998 91.8817 103.1005 120.9039 95.4062 89.1541 118.6547 122.2737 106.7791 99.2054 107.1930 115.6620 103.7749 102.1746 98.2820 110.6281 114.6200 119.8146 108.3657 111.6400 118.2214 101.1530 103.2449 111.2337 99.0846 110.5776 112.3178 122.0914 106.5663 114.2825 105.1648 99.9393 100.1013 113.3062
24 72.0598 131.0699 122.7238 128.0387 127.9001 126.1922 113.4827 109.6461 124.1244 141.7157 127.6621 110.7877 122.8320 141.2472 61.8587 155.3461 145.2788 125.1177 133.2290 138.4410 161.6821 183.4037 188.4894 124.5831 0.0000 5.2952 4.9276 6.5640 6.9462 8.9464 7.6047 37.1044 30.6793 11.6964 29.7161 41.6347 23.0570 42.8572 4.4407 39.8142 7.9487 7.4846 36.9073 26.5911 27.0956 31.9197 13.4782 30.3836 20.0986 3.2349 14.5043 29.6388 22.4930 41.0385 19.3866 41.3891 12.1845 39.8507 35.1911 1.1371 39.6225 39.3463 76.0731 49.5792 67.4506 52.2378 54.8703 46.4877 5.4505 26.3557 80.6463 92.4088 78.1911 33.6451 34.5363 37.2436 27.4360 47.2698 31.4796 29.1826 34.2904 42.3996 35.5436 70.9471 53.0250 30.6302 76.7517 94.6126 86.4217 115.5241 111.5721 104.6319 101.5137 89.6173 100.5828 102.1331 93.9214 37.8493 42.1775 42.9713 37.6775 41.5170 40.5810 39.7467 30.1199 35.4831 32.5712 27.6485 55.5144 34.5062 32.5384 41.5291 38.3739 91.3308 83.8048 59.5138 81.0537 64.3321 89.8930 70.6302 45.2420 89.7901 59.2628 50.4185 87.5307 75.6468 63.9113 110.7877 7.5224 4.3156 25.8715 26.0991 19.0946 32.6687 22.0231 22.4270 26.4072 16.9258 31.2820 8.0393 18.3503 30.5045 7.6644 23.4495 21.3536 15.0063 25.5347 27.7793 13.5924 4.3682 18.4130 28.8640 19.4934 26.2758 24.5151 17.1017
25 74.2867 131.7953 122.5639 129.5205 129.0609 126.3849 115.4063 108.1557 123.0539 139.8782 125.5823 109.9266 121.0603 139.8437 62.0197 158.5777 147.7319 127.6850 134.9773 141.4095 164.4158 184.8694 190.2417 127.5684 5.2952 0.0000 0.3926 9.1682 9.2401 10.0117 12.7307 32.8731 25.4196 15.4393 24.4885 37.1661 19.8826 39.4253 9.6599 35.8851 8.2347 11.4035 32.3515 22.3115 21.9824 27.4902 8.4750 27.0317 15.3482 4.6986 10.2128 25.7928 22.8696 37.5539 21.3386 36.4897 14.6112 35.0794 30.3415 4.1713 41.6078 36.3443 78.4823 50.1121 69.0897 53.3860 55.5770 46.1497 0.1654 31.4615 83.1501 94.3875 81.0718 37.9788 37.1367 39.7449 31.8749 49.9125 35.1290 33.4943 37.5798 45.5788 39.2738 74.3277 55.7637 34.8194 80.4943 98.0692 90.0324 116.4823 113.4462 105.4964 101.6950 91.1297 101.2321 103.5954 94.6767 38.2619 40.9861 45.4888 35.1501 40.1677 40.4327 41.2998 32.5006 37.4025 32.4506 29.7421 52.0396 33.7524 31.0265 43.3540 37.6100 90.8228 83.4794 55.7242 77.3300 64.6708 86.1360 71.7606 41.7587 88.6754 56.3097 50.0775 85.7279 72.6529 62.7119 109.9266 8.9235 5.3337 25.6103 30.0966 23.6633 30.0760 26.3354 25.8594 29.9515 21.8552 28.9020 13.3244 23.0577 28.6681 12.6910 26.8675 24.5282 16.5737 28.5954 26.3755 18.2798 5.5214 21.0031 26.6643 23.1293 30.5933 27.5926 16.7815
26 74.0023 131.6066 122.4347 129.2836 128.8440 126.2315 115.1423 108.1237 122.9908 139.8753 125.5981 109.8470 121.0512 139.8068 61.8612 158.2442 147.4390 127.3852 134.7245 141.0889 164.1079 184.6353 189.9902 127.2466 4.9276 0.3926 0.0000 9.0061 9.1005 9.9696 12.3956 33.0744 25.7698 15.2311 24.8757 37.3962 20.1882 39.5467 9.3097 36.0549 8.2289 11.1667 32.5906 22.5122 22.2990 27.7121 8.8665 27.1377 15.7344 4.4966 10.5726 26.1416 22.9346 37.8873 21.2833 36.7750 14.5001 35.3468 30.6184 3.7991 41.5709 36.6501 78.1883 49.9254 68.8383 53.1612 55.3807 46.0207 0.5581 31.1361 82.8514 94.1190 80.7531 37.5962 36.8246 39.4388 31.4890 49.6020 34.7691 33.1118 37.2354 45.2413 38.9116 73.9844 55.4494 34.4406 80.1355 97.7236 89.6796 116.2776 113.1850 105.2970 101.5406 90.8885 101.0464 103.3582 94.4834 38.0778 40.9172 45.1836 35.1864 40.1105 40.2876 41.0464 32.1975 37.1265 32.2982 29.4522 52.1692 33.6460 30.9754 43.0858 37.5072 90.7157 83.3584 55.8852 77.4875 64.5008 86.2975 71.5407 41.8860 88.6127 56.3919 49.9503 85.7182 72.7418 62.6514 109.8470 8.6153 4.9909 25.4603 29.7230 23.2738 30.1142 25.9517 25.5046 29.5941 21.4626 28.9205 12.9495 22.6661 28.6407 12.3004 26.5137 24.1831 16.2935 28.2576 26.3109 17.8880 5.1773 20.6803 26.6649 22.7654 30.2102 27.2534 16.6173
27 77.6066 137.3459 129.2308 133.9770 133.9992 132.6286 119.1692 116.1645 130.6840 148.1728 134.0534 117.3517 129.3014 147.7803 68.3322 159.8490 150.5462 130.3074 139.0102 143.2417 166.6915 189.3254 194.2409 129.3822 6.5640 9.1682 9.0061 0.0000 0.5730 3.1513 7.1825 42.0134 33.1732 6.4437 30.7002 46.2195 19.8153 48.5252 6.1703 45.0532 3.6308 3.1406 41.3697 31.4570 30.3873 36.5817 14.5445 36.0906 19.8106 4.5521 13.8985 27.0658 16.1778 37.6307 12.8443 45.1741 5.6963 43.9218 39.1202 7.0079 33.1310 35.3403 81.4734 55.9838 73.3775 58.4341 61.2163 53.0390 9.2389 24.0351 85.9602 98.0853 83.1805 37.0768 40.0113 42.7650 30.8109 52.6031 35.9825 32.7517 39.1551 47.2834 39.8769 75.4351 58.2432 34.3782 80.7571 98.9372 90.5726 121.7182 117.2927 110.8697 107.9605 95.5743 106.8997 108.1026 100.2066 44.3066 48.7123 48.4330 43.8547 48.0311 47.1201 45.8146 35.8027 41.3919 39.1164 33.5382 61.1585 41.0673 39.0126 47.4490 44.9359 97.8829 90.3419 64.8898 86.4933 70.7649 95.3020 76.7959 50.8733 96.3452 65.2562 56.9682 93.9860 81.6257 70.4553 117.3517 14.0593 10.8150 32.4322 30.2579 22.5264 38.8058 25.8146 27.3864 31.1396 19.5560 37.5038 9.8183 21.5087 36.9004 11.1608 28.3947 26.5930 21.3334 30.7715 34.2626 17.1507 10.8894 24.1818 35.1443 24.3332 29.9127 29.7594 23.6637
28 78.1486 137.8248 129.6529 134.4949 134.5014 133.0746 119.7049 116.4812 131.0373 148.4590 134.3158 117.7209 129.5932 148.1062 68.7661 160.4205 151.1019 130.8654 139.5402 143.8093 167.2549 189.8454 194.7736 129.9496 6.9462 9.2401 9.1005 0.5730 0.0000 2.5784 7.7322 42.0321 32.9599 6.5857 30.3731 46.1960 19.2724 48.6450 6.7363 45.1123 3.1575 3.5733 41.3363 31.4825 30.2501 36.5762 14.2888 36.2247 19.4243 4.7161 13.5230 26.5400 15.6908 37.0725 12.5306 45.0653 5.4580 43.8435 39.0320 7.3207 32.8424 34.7711 82.0224 56.4357 73.8943 58.9217 61.6808 53.4338 9.3014 24.3799 86.5129 98.6210 83.7430 37.6483 40.5528 43.3047 31.3827 53.1527 36.5510 33.3243 39.7174 47.8463 40.4477 76.0059 58.7977 34.9512 81.3300 99.5095 91.1455 122.2087 117.8263 111.3539 108.4033 96.0896 107.3712 108.6172 100.6833 44.7442 49.0429 48.9766 44.0702 48.3491 47.5244 46.3156 36.3319 41.9066 39.5162 34.0524 61.2696 41.4261 39.3137 47.9639 45.2965 98.2770 90.7479 64.9590 86.5671 71.2107 95.3699 77.2886 50.9862 96.6921 65.4274 57.3645 94.2732 81.7913 70.7916 117.7209 14.4618 11.1531 32.8155 30.8293 23.0993 39.0150 26.3874 27.9431 31.7032 20.1246 37.7322 10.3896 22.0808 37.1747 11.7284 28.9522 27.1401 21.7931 31.3205 34.5689 17.7230 11.2347 24.7003 35.3879 24.8918 30.4856 30.3078 24.0268
29 80.6060 140.0113 131.5947 136.8485 136.7883 135.1196 122.1343 117.9652 132.6790 149.8041 135.5581 119.4342 130.9658 149.6254 70.7697 162.9949 153.6142 133.3874 141.9450 146.3692 169.7986 192.2065 197.1885 132.5092 8.9464 10.0117 9.9696 3.1513 2.5784 0.0000 10.2286 42.2548 32.1504 7.6995 29.0327 46.2211 16.8702 49.3039 9.2984 45.5085 1.9496 5.8119 41.3271 31.7677 29.8038 36.7051 13.4243 36.9724 17.8454 6.1307 12.0646 24.2199 13.5567 34.5770 11.3322 44.7059 5.0521 43.6255 38.7802 9.0774 31.6013 32.2169 84.5084 58.5209 76.2476 61.1557 63.8167 55.2787 10.0321 25.9995 89.0136 101.0513 86.2839 40.2177 43.0125 45.7570 33.9535 55.6433 39.1154 35.8993 42.2587 50.3895 43.0204 78.5782 61.3072 37.5287 83.9076 102.0868 93.7239 124.4461 120.2467 113.5653 110.4372 98.4342 109.5284 110.9580 102.8635 46.7756 50.6180 51.4433 45.1556 49.8710 49.4137 48.6092 38.7438 44.2579 41.3949 36.4053 61.8740 43.1295 40.7758 50.3140 47.0031 100.1016 92.6263 65.3740 86.9870 73.2644 95.7593 79.5402 51.6111 98.3125 66.2936 59.2135 95.6337 82.6216 72.3751 119.4342 16.4255 12.9109 34.6349 33.4038 25.6763 40.0828 28.9657 30.4649 34.2498 22.6809 38.8859 12.9594 24.6532 38.5264 14.2925 31.4768 29.6255 23.9449 33.8118 36.0624 20.3005 13.0182 27.0770 36.6121 27.4210 33.0627 32.7969 25.7857
30 71.9195 132.8801 125.7532 128.7630 129.0976 128.7463 113.5819 114.3403 128.2895 146.7396 132.9756 114.7351 127.8144 145.7738 64.8067 153.1735 144.4450 124.1481 133.5364 136.7606 160.3535 184.0397 188.6857 122.9091 7.6047 12.7307 12.3956 7.1825 7.7322 10.2286 0.0000 44.4780 38.1311 6.9554 36.6448 49.1091 26.9963 49.7024 3.1968 47.0095 10.7345 4.6208 44.4238 34.0277 34.6744 39.3980 20.2401 37.2768 26.2785 8.7544 20.3866 34.2153 21.6336 44.7978 16.4722 48.9900 9.9275 47.4300 42.7873 8.7232 35.5208 42.4226 75.6025 52.2082 68.2704 53.9766 57.1823 50.2675 12.8719 18.7579 79.9854 92.5177 76.9105 30.1201 34.4782 37.2563 23.8795 46.7805 29.5811 25.8768 32.9974 41.0671 33.3238 68.8273 52.2657 27.5647 73.8974 92.2049 83.7649 117.0527 111.7555 106.3353 104.1671 90.4547 102.6047 102.9807 95.8281 40.8925 46.9959 42.7919 43.8496 46.5127 44.2496 41.1711 30.6233 36.4924 36.4277 28.7462 62.3312 39.0176 37.8778 42.4962 42.8022 94.9168 87.2011 66.5520 88.0006 67.0214 96.8534 72.1672 52.1112 94.1164 65.6331 54.1396 92.6437 81.9917 68.4860 114.7351 12.5768 10.9862 30.1572 23.7105 15.7449 38.9671 19.1383 21.5333 24.9895 12.5378 37.4296 3.2081 14.6323 36.1968 5.5554 22.4994 21.0664 18.0852 25.1210 33.1491 10.6620 10.9355 19.4967 34.9116 18.4675 23.0961 24.1430 22.0316
31 74.2140 118.4713 104.4391 120.9502 118.4883 110.1231 110.2999 83.5350 100.0779 112.9979 97.8972 88.4494 94.7890 114.8952 50.6123 161.2295 145.0154 126.4264 127.9278 142.5564 163.2513 174.7835 181.8871 129.3030 37.1044 32.8731 33.0744 42.0134 42.0321 42.2548 44.4780 0.0000 17.7470 48.3054 25.3022 5.2922 40.9124 10.3714 41.3043 4.3374 40.3101 44.2074 3.8439 10.5623 15.2426 5.6891 30.1300 9.8546 31.1474 37.5678 33.2958 40.6996 52.5543 50.5406 53.2667 10.1988 47.2090 7.5083 8.1255 36.0918 72.7526 52.4796 79.1760 43.6152 65.8520 49.8431 48.8181 35.4796 32.7909 62.7349 84.0425 90.8709 84.7278 57.2696 46.6757 47.9043 53.0427 56.3005 51.0052 53.5524 50.7814 56.1781 54.5898 82.1159 61.6258 53.8587 90.4159 104.6671 98.2845 105.1686 108.1074 94.1561 86.4526 84.8181 88.8210 96.1168 83.3379 35.2275 26.9194 52.1428 15.2164 25.4538 33.1212 43.5916 42.5971 43.1420 29.5168 39.6560 20.8827 26.3629 21.0848 46.5456 27.9000 72.2467 66.5038 23.3643 44.8864 53.9232 53.5916 64.9444 11.7455 66.8510 27.2752 38.1829 60.4600 42.5050 42.8577 88.4494 33.0074 33.5266 27.0824 49.2411 47.5236 14.0771 48.1652 43.6920 46.8210 48.0814 15.5559 43.6472 47.7869 18.9108 41.6554 44.2374 41.8024 33.1994 43.6145 21.3755 44.2299 33.5958 37.8050 16.9451 42.9590 51.3483 43.1011 27.2711
32 86.1482 134.9704 121.7510 136.2873 134.3403 127.1600 124.5249 101.2767 117.8155 130.4953 115.2854 106.0919 112.4090 132.5984 65.7392 173.0724 158.7096 139.4980 142.8772 154.8673 176.5085 190.7458 197.4275 141.2991 30.6793 25.4196 25.7698 33.1732 32.9599 32.1504 38.1311 17.7470 0.0000 39.5278 7.6076 18.6568 25.2204 28.0625 35.0790 22.0835 30.3121 36.0768 14.4985 13.7296 5.2002 13.3281 18.7356 21.2393 16.2312 29.5867 20.6050 23.5009 39.1042 32.8113 41.6503 14.1129 37.1237 14.2552 10.1148 29.5427 59.3414 34.9209 90.9288 56.7806 78.7386 62.2469 62.3465 49.6221 25.2733 56.7840 95.8155 104.3521 95.4233 59.7285 53.3403 55.2963 54.2705 64.9794 54.9167 55.4190 56.0019 62.9457 58.9910 91.0055 70.7647 56.2921 98.4999 114.4439 107.2504 121.1184 122.3859 110.0223 103.1568 99.1302 104.9050 110.9314 99.0911 46.3546 41.5524 60.4848 30.5393 40.1716 45.7856 53.2450 48.6402 51.2444 39.8269 45.4632 38.0330 38.1624 32.9954 56.0357 40.9340 89.4575 83.3691 39.3166 59.8994 68.9541 68.1885 79.0368 29.4835 84.4545 44.8987 52.9232 78.2043 59.5755 59.9284 106.0919 30.3404 28.7982 34.7331 51.3485 46.9100 27.0852 48.7453 46.0383 49.9331 46.0683 27.5687 38.6097 46.6770 30.0934 37.5230 46.8724 44.2390 34.5548 47.3742 30.7499 42.1662 28.9506 39.9615 27.3258 44.1958 52.7152 46.5659 30.0293
33 78.6631 139.8334 132.6401 135.6248 136.0158 135.6820 120.3384 120.7814 134.9276 153.0386 139.1168 121.4331 134.1295 152.2906 71.6823 159.1114 150.9333 130.6056 140.3257 142.9376 166.6564 190.8756 195.4366 129.1022 11.6964 15.4393 15.2311 6.4437 6.5857 7.6995 6.9554 48.3054 39.5278 0.0000 36.7046 52.5905 23.7251 54.4900 8.7194 51.2370 9.3245 4.2146 47.7569 37.7432 36.8259 42.9264 20.8224 42.0198 25.5449 10.7409 19.7456 31.2176 15.3005 40.7559 9.5842 51.6175 4.1248 50.3539 45.5581 12.5153 28.7182 37.8703 82.2630 59.1127 75.1726 60.9319 64.1181 56.9606 15.5276 18.3710 86.5882 99.2905 83.3250 35.8461 41.3286 44.1066 29.7371 53.5049 36.0370 31.8137 39.5998 47.5986 39.6180 74.9328 58.9062 33.5834 79.6196 98.1087 89.5616 123.9966 118.5303 113.2872 111.0915 97.3458 109.5597 109.8677 102.7835 47.7229 53.3256 49.5919 49.3488 52.7607 50.9586 48.1260 37.5490 43.4386 43.0648 35.7008 67.1449 45.4507 43.9289 49.4341 49.2773 101.6964 94.0162 71.0272 92.6062 73.9302 101.4325 79.1180 56.8630 100.6886 70.9589 60.8540 98.8809 87.3430 74.9483 121.4331 18.4737 15.9319 36.6328 30.0923 21.9985 44.3535 25.4508 28.3417 31.6446 18.4787 42.9422 10.1095 20.7786 42.0344 12.5034 29.2865 27.9626 24.7744 31.9711 39.1675 17.3221 15.9509 26.4465 40.4985 25.2939 29.1654 31.0060 28.1906
34 91.1038 141.7194 128.9346 142.4886 140.7814 134.1888 130.2571 108.8349 125.3198 138.1020 122.8858 113.4969 120.0133 140.1858 72.0853 177.6557 164.1358 144.6919 148.8922 159.6938 181.7104 197.1860 203.6580 146.0246 29.7161 24.4885 24.8757 30.7002 30.3731 29.0327 36.6448 25.3022 7.6076 36.7046 0.0000 26.2059 18.8544 35.5639 33.8563 29.6390 27.3970 33.7933 22.1057 19.8835 11.0708 20.5985 16.4047 27.7864 11.3897 27.8907 16.9684 16.0933 33.6898 25.2393 37.1929 21.1747 33.7128 21.6678 17.7123 28.6251 53.5707 27.3206 95.7775 62.4990 84.1263 67.6178 68.1279 55.7788 24.3258 54.7323 100.6403 109.8340 99.8138 61.3134 56.7682 58.9467 55.5018 68.9152 57.2268 56.8807 58.7990 66.1821 61.3845 94.7007 74.7871 57.9617 101.8032 118.3398 110.8530 127.6243 128.1467 116.5099 110.0429 104.9793 111.5008 116.9549 105.5532 51.5716 47.9962 64.3765 37.4054 46.6661 51.5242 57.7788 51.9801 55.2667 44.9795 48.8322 45.6324 43.8383 38.9020 60.4479 46.9036 96.6115 90.3635 46.7953 67.1254 75.2424 75.2904 84.8954 37.0474 91.8388 52.4986 59.2410 85.7578 67.1542 67.0692 113.4969 31.2478 28.8886 39.2663 53.0435 47.6329 33.5493 49.9022 48.0385 52.0871 46.2133 33.7742 37.7419 47.1942 35.9450 37.1593 48.9537 46.3564 36.8132 49.8827 36.0590 42.4797 29.0654 42.1866 33.1410 45.8261 54.0561 48.9908 33.2136
35 78.4015 120.5186 105.6827 123.7359 120.9851 111.6933 113.6230 83.4170 100.2599 112.0259 96.7445 89.0900 94.1035 114.4737 53.8145 165.2535 148.4808 130.1361 130.8955 146.4735 166.8481 177.1344 184.4820 133.3273 41.6347 37.1661 37.3962 46.2195 46.1960 46.2211 49.1091 5.2922 18.6568 52.5905 26.2059 0.0000 43.2463 12.1205 45.9187 6.6698 44.2716 48.5628 4.9134 15.0945 17.5735 9.7151 33.5792 15.1136 33.6509 41.8604 36.5095 42.1485 55.7933 51.1487 57.0069 6.9331 51.2352 4.9100 8.6107 40.5878 76.1014 53.5062 83.3893 47.6726 69.8132 54.0589 52.7003 39.3141 37.0715 67.5358 88.2329 94.5284 89.1659 62.5613 51.8303 52.9920 58.3231 61.1996 56.2813 58.8423 56.0108 61.2868 59.8457 86.8884 66.4337 59.1509 95.2837 109.2365 103.0064 107.6337 111.4140 96.7043 88.4093 88.1818 91.2457 99.2219 85.9928 39.9041 30.7415 57.1064 19.2086 29.2812 37.4754 48.4335 47.8096 48.1863 34.4188 44.8922 19.5456 31.0570 25.8893 51.3889 32.2564 73.7223 68.3949 20.7117 41.7281 57.1425 50.2561 68.4932 12.5029 67.6676 26.8437 41.7237 60.4424 40.9592 44.7164 89.0900 37.9405 38.2313 32.2930 54.5309 52.7249 18.9220 53.4205 48.9804 52.1124 53.1969 20.5280 48.4401 52.9611 23.9034 46.5337 49.5287 47.0902 38.4309 48.9020 26.5267 49.3211 38.3122 43.0814 22.0908 48.2233 56.6296 48.3919 32.5227
36 94.1271 150.4230 139.9129 148.9215 148.1773 144.2911 135.1064 122.8142 138.5928 153.3594 138.4705 126.0119 134.8675 154.4836 80.2745 178.3120 167.5988 147.5655 154.5639 161.2487 184.2961 204.2117 209.8014 147.4012 23.0570 19.8826 20.1882 19.8153 19.2724 16.8702 26.9963 40.9124 25.2204 23.7251 18.8544 43.2463 0.0000 50.2491 25.4408 45.0134 16.3032 22.6820 38.5628 32.1157 25.7773 35.3557 13.7928 39.5393 9.7907 19.9281 10.3815 7.5066 15.4635 18.0045 20.4496 39.3316 19.7575 39.2751 34.6945 22.4318 34.7933 16.4620 98.3539 68.9366 88.6979 72.7310 74.5212 63.9746 19.7536 41.8210 103.0298 114.1295 100.9229 56.4894 57.0107 59.6267 50.2297 69.7891 54.5274 52.0702 57.2360 65.3032 58.6002 93.9562 75.6317 53.5875 99.8043 117.6482 109.4778 135.4135 133.1222 124.3533 119.6851 110.6094 119.8532 123.0162 113.4466 57.1393 57.5936 65.3710 49.1737 56.5176 58.6437 60.9641 52.3833 57.2173 50.9137 49.6098 61.7927 51.3616 47.5584 63.1210 55.0543 107.7507 100.7921 63.8950 84.9113 83.1242 93.3083 90.9966 52.1874 104.4151 67.7900 67.8149 99.8623 83.3982 78.6789 126.0119 28.8032 25.1369 44.1767 49.1390 41.8609 44.3798 44.9591 45.4024 49.4275 39.1848 43.8348 29.4415 40.9651 44.7679 30.2235 46.4228 44.2078 36.4256 48.3390 43.4113 36.3505 25.3175 40.8489 42.2143 42.5198 49.1779 47.3262 35.7742
37 67.3015 108.5208 94.1363 111.6180 108.8764 99.9263 101.6437 73.3098 89.7591 103.1736 88.2243 78.0788 84.8113 104.7649 41.8401 153.8021 136.5611 118.3938 118.7986 134.9142 155.0044 165.0544 172.3664 121.8996 42.8572 39.4253 39.5467 48.5252 48.6450 49.3039 49.7024 10.3714 28.0625 54.4900 35.5639 12.1205 50.2491 0.0000 46.6649 6.1219 47.4106 50.2844 14.0216 18.3026 25.1007 15.1630 38.3840 12.4737 40.4665 43.9748 41.7965 50.6530 60.7212 60.7925 60.5889 18.9957 54.0360 16.6462 18.4584 41.9807 80.5831 62.5825 72.3134 36.5644 58.4260 43.1490 41.3027 27.9920 39.3770 66.9879 77.1059 82.7755 78.4801 56.9948 44.2627 44.9219 53.7082 52.0434 50.1387 53.8106 49.0899 53.2144 53.2316 77.0712 56.8751 53.7587 85.7552 98.7813 92.9697 95.5278 99.4280 84.5885 76.4381 76.2393 79.1432 87.1650 73.8722 30.3517 19.5858 48.2896 9.3062 18.1826 27.1158 39.2518 40.8827 39.9591 25.9485 38.3399 12.6573 21.9385 17.6134 42.1558 22.0823 62.0007 56.4415 17.0932 38.3112 45.1691 47.1669 56.6993 2.4230 56.4806 17.5537 30.0437 50.2300 33.5290 32.7531 78.0788 37.3658 38.8205 26.0249 49.5890 49.5668 11.9933 49.4844 44.2634 46.7040 50.8680 13.8847 48.2821 50.0925 16.7996 45.9718 44.5924 42.4657 35.3688 43.3153 20.1892 47.2881 38.8440 38.9943 16.3237 44.2499 52.0206 43.0263 29.4868
38 71.5315 131.7350 124.1205 128.0589 128.1995 127.3021 113.1296 112.0667 126.2192 144.3519 130.4793 112.7430 125.4380 143.5712 63.1606 153.7047 144.3984 124.1514 133.0067 137.0735 160.5225 183.3883 188.2176 123.2137 4.4407 9.6599 9.3097 6.1703 6.7363 9.2984 3.1968 41.3043 35.0790 8.7194 33.8563 45.9187 25.4408 46.6649 0.0000 43.8763 9.2237 4.9937 41.2285 30.8412 31.5359 36.2065 17.4840 34.2172 23.7940 6.1046 17.9844 32.4391 22.0223 43.4050 17.6734 45.8042 10.6011 44.2353 39.5981 5.5718 37.3971 41.3111 75.3582 50.6626 67.4788 52.7861 55.7714 48.2789 9.8076 21.9198 79.8267 92.0472 77.0129 31.1066 33.9491 36.7128 24.8374 46.4871 29.8172 26.7317 32.9886 41.1155 33.7278 69.2841 52.1028 28.3193 74.6853 92.8115 84.4746 116.0145 111.2671 105.2206 102.6722 89.6811 101.3598 102.2123 94.6248 39.1543 44.6222 42.3536 41.0125 44.0755 42.2873 40.0667 29.8342 35.5336 34.3688 27.6990 59.3074 36.7326 35.3027 41.5820 40.5580 93.0532 85.4052 63.4653 84.9438 65.4791 93.7937 71.0895 49.0679 91.9715 62.7498 52.1808 90.2079 79.1231 66.2303 112.7430 9.8452 7.8660 27.9137 24.1174 16.4945 36.0836 19.7202 21.2403 24.9710 13.7536 34.5904 4.1011 15.5445 33.5004 4.9941 22.2448 20.5033 16.1331 24.6663 30.5494 11.0460 7.8298 18.3352 32.0985 18.1801 23.8667 23.6591 19.5098
39 71.7495 114.5385 100.2578 117.3627 114.7502 106.0279 107.0515 79.1976 95.7483 108.7159 93.6459 84.1582 90.4775 110.5638 47.2599 158.5840 141.8759 123.4848 124.4471 139.8049 160.2165 170.9847 178.2054 126.6581 39.8142 35.8851 36.0549 45.0532 45.1123 45.5085 47.0095 4.3374 22.0835 51.2370 29.6390 6.6698 45.0134 6.1219 43.8763 0.0000 43.5774 47.0817 7.9002 13.7915 19.4711 9.6578 33.8114 10.4114 35.2284 40.5463 37.0832 44.9842 56.2580 54.8777 56.6546 13.2239 50.3908 10.7271 12.3489 38.8515 76.3568 56.7990 76.7407 41.0110 63.1436 47.4185 46.0306 32.6444 35.8163 64.9357 81.5799 87.8818 82.5740 57.5936 46.0530 47.0498 53.7395 54.9461 51.0540 54.0824 50.4841 55.3709 54.4502 80.4864 60.0784 54.2410 88.9654 102.6950 96.5582 101.4125 104.8468 90.4375 82.4772 81.5948 85.0411 92.7168 79.6703 33.4859 24.0718 50.9426 12.5771 22.6117 30.8891 42.1401 42.2397 42.1735 28.2475 39.4418 16.8373 24.6880 19.6682 45.0905 25.6826 68.1129 62.4954 19.8656 41.4793 50.5849 50.2639 61.8602 7.4105 62.5779 22.9799 35.0811 56.1226 38.3907 38.8159 84.1582 35.1099 36.0238 26.8171 49.7869 48.7640 12.8724 49.1090 44.2974 47.1594 49.6318 14.6337 45.9347 49.1373 17.9758 43.8016 44.7563 42.4328 34.3834 43.8561 20.9178 45.8719 36.0745 38.6228 16.5528 43.8593 52.0399 43.4328 28.3970
40 79.9578 138.9176 130.2603 135.9862 135.8243 133.8769 121.4141 116.3335 131.1324 148.1041 133.8169 117.9335 129.2795 148.0087 69.5042 162.8064 153.1005 132.9085 141.1729 146.0590 169.4013 191.3516 196.4314 132.1983 7.9487 8.2347 8.2289 3.6308 3.1575 1.9496 10.7345 40.3101 30.3121 9.3245 27.3970 44.2716 16.3032 47.4106 9.2237 43.5774 0.0000 6.7306 39.3780 29.8293 27.8876 34.7569 11.5764 35.1030 16.3371 4.8415 10.4680 23.4808 14.8806 34.2126 13.1877 42.7821 6.9880 41.6868 36.8436 7.8637 33.3916 32.0913 83.9301 57.3409 75.3993 60.1429 62.6865 53.8907 8.2408 27.4377 88.4755 100.3372 85.8872 40.3291 42.3963 45.1203 34.0595 55.0923 38.8748 35.9545 41.8911 50.0219 42.8458 78.3783 60.8076 37.5339 83.8860 101.9565 93.6547 123.4172 119.5085 112.5055 109.1878 97.5645 108.4058 110.0792 101.7687 45.5533 49.0559 50.8342 43.3769 48.2798 48.0652 47.6881 38.0324 43.4305 40.0470 35.5928 59.9683 41.6530 39.1613 49.4775 45.5245 98.6809 91.2479 63.4423 85.0544 72.0447 93.8233 78.5410 49.7109 96.7583 64.4418 57.8259 93.9465 80.7582 70.8065 117.9335 15.2422 11.6036 33.2522 33.2650 25.7177 38.3018 28.9230 30.0447 33.9188 22.9105 37.1367 13.1535 24.7624 36.8604 14.1466 31.0637 29.0992 22.8994 33.2912 34.4703 20.2541 11.7286 26.3295 34.8928 27.0355 33.0861 32.2722 24.3818
41 76.2455 136.7082 129.0996 132.9179 133.1203 132.2955 117.8816 116.7958 131.0661 148.9847 135.0113 117.6269 130.0842 148.3422 68.1422 157.7834 148.9241 128.6429 137.7958 141.3376 164.8988 188.2303 192.9814 127.4837 7.4846 11.4035 11.1667 3.1406 3.5733 5.8119 4.6208 44.2074 36.0768 4.2146 33.7933 48.5628 22.6820 50.2844 4.9937 47.0817 6.7306 0.0000 43.7545 33.6488 33.1099 38.8758 17.5555 37.8127 22.9483 6.7335 17.0332 30.0173 17.2327 40.3455 12.6817 47.7978 5.6409 46.4527 41.6881 8.3047 32.5360 37.8715 79.9962 55.6542 72.3606 57.7598 60.7646 53.1835 11.5044 20.9415 84.4158 96.8052 81.4306 34.7381 38.7112 41.4840 28.4999 51.1421 34.1170 30.4971 37.4626 45.5583 37.9007 73.4237 56.6863 32.1816 78.5182 96.8196 88.3847 120.9682 116.0357 110.1880 107.6643 94.5607 106.3445 107.0916 99.6045 44.1285 49.3175 47.0804 45.1515 48.7196 47.2053 45.0220 34.6954 40.4524 39.2596 32.6334 62.9403 41.5036 39.8330 46.4922 45.3481 97.9853 90.3566 66.8517 88.4219 70.4699 97.2520 76.0471 52.6601 96.7863 66.7471 57.0938 94.8128 83.1310 70.9890 117.6269 14.4307 11.7405 32.7290 28.2783 20.3520 40.1496 23.7300 25.8632 29.4398 17.1546 38.7494 7.6722 19.2502 37.8899 9.5677 26.8492 25.2574 21.0929 29.3801 35.0693 15.1789 11.7661 23.2816 36.3157 22.7900 27.7121 28.3847 24.1669
42 77.7466 122.2969 108.1552 124.7875 122.3322 113.8948 114.0808 86.8734 103.5230 116.0032 100.8140 92.0243 97.9133 118.1320 54.4247 164.8092 148.7655 130.1187 131.7522 146.1797 166.9694 178.6258 185.7299 132.8875 36.9073 32.3515 32.5906 41.3697 41.3363 41.3271 44.4238 3.8439 14.4985 47.7569 22.1057 4.9134 38.5628 14.0216 41.2285 7.9002 39.3780 43.7545 0.0000 10.5559 12.8025 5.1360 28.6685 12.4740 28.8998 37.0389 31.6192 37.8176 50.9096 47.2833 52.0942 6.8588 46.3473 4.2015 4.4901 35.8460 71.2090 49.4062 82.6932 47.2327 69.4834 53.3844 52.4904 39.1841 32.2531 62.9455 87.5683 94.5848 88.1170 59.1752 49.2870 50.6548 54.6740 59.3167 53.1410 55.3142 53.1610 58.8711 56.8451 85.2428 64.7363 55.7336 93.4355 107.9562 101.4499 109.0122 111.8914 98.0000 90.2676 88.5965 92.6637 99.9300 87.1809 38.5126 30.6455 55.0829 18.9480 29.1825 36.6262 46.6979 45.0568 45.9809 32.6045 42.0383 23.5807 29.6712 24.3311 49.6436 31.4218 75.9958 70.3083 25.3339 46.5427 57.7322 55.1122 68.6934 15.1507 70.4615 30.4143 41.9525 63.8189 45.1816 46.6482 92.0243 33.5244 33.6135 29.6183 51.0113 48.7271 17.3669 49.6193 45.4485 48.7640 49.0015 18.6795 43.8660 48.8912 21.9626 42.0381 46.0579 43.5525 34.5759 45.6488 24.1202 45.0903 33.7025 39.4380 19.7568 44.4829 52.9920 45.0716 28.7833
43 72.5314 121.8527 109.4290 122.7134 120.9176 114.4833 110.8073 90.8078 106.8224 121.2523 106.4139 94.5592 102.7530 122.4354 52.2349 159.5448 144.9821 125.7979 129.2262 141.2564 162.8028 177.3256 183.8740 127.7285 26.5911 22.3115 22.5122 31.4570 31.4825 31.7677 34.0277 10.5623 13.7296 37.7432 19.8835 15.0945 32.1157 18.3026 30.8412 13.7915 29.8293 33.6488 10.5559 0.0000 8.8910 5.4292 20.1280 7.9746 22.3929 27.0057 23.5025 33.2808 42.5434 44.2582 42.8721 16.2722 36.6917 14.1242 10.3176 25.5634 62.5822 45.4458 77.3458 43.0527 65.0227 48.5417 48.6251 35.9974 22.2302 52.4480 82.2368 90.6242 82.0486 49.4616 40.9708 42.6778 44.6572 52.0195 43.8114 45.4395 44.2796 50.6412 47.6927 78.1076 57.7036 45.9981 85.8971 101.3402 94.3750 107.7475 108.6720 96.6351 90.2392 85.4283 91.6173 97.2786 85.6817 32.7157 28.1149 47.5956 17.7591 26.7826 32.0566 39.9266 36.4516 38.3366 26.2429 33.3163 30.4683 24.4356 19.2733 42.7807 27.2330 77.0959 70.6568 33.6339 55.2375 55.4132 63.9960 65.3322 20.4084 72.8861 35.8378 39.3931 67.8034 51.7880 47.6070 94.5592 22.9694 23.1368 21.6497 41.1712 38.3759 13.6699 39.4543 35.6317 39.1714 38.5109 13.9355 33.3552 38.4819 16.3643 31.4913 36.3186 33.7443 24.4420 36.2259 17.1610 34.5853 23.2181 29.5271 13.5975 34.4112 42.9961 35.5556 18.8886
44 81.0379 130.6588 117.9247 131.6036 129.7979 123.1298 119.6307 98.3721 114.6752 128.1768 113.1168 102.6762 109.8888 129.8625 61.1222 167.9198 153.7211 134.4473 138.1021 149.7471 171.4637 186.2068 192.7648 136.1624 27.0956 21.9824 22.2990 30.3873 30.2501 29.8038 34.6744 15.2426 5.2002 36.8259 11.0708 17.5735 25.7773 25.1007 31.5359 19.4711 27.8876 33.1099 12.8025 8.8910 0.0000 9.9377 16.5578 16.7262 16.0976 26.4370 19.1585 25.5553 38.3481 35.9279 40.0505 14.9202 34.8524 14.0924 9.2583 25.9645 58.6808 37.5078 85.8020 51.8553 73.7218 57.2167 57.4490 44.8857 21.8509 53.4292 90.6863 99.3706 90.2440 54.8686 48.1640 50.1047 49.5270 59.7792 49.8986 50.6047 50.8961 57.7801 53.9493 85.8070 65.5653 51.4190 93.3178 109.2442 102.0533 116.6181 117.5019 105.5081 98.9721 94.2754 100.4678 106.1551 94.5580 41.2729 36.9847 55.2850 26.3402 35.6391 40.8567 48.0663 43.4755 46.0442 34.7232 40.2990 36.1004 33.1995 28.1133 50.8490 36.0945 85.5941 79.3021 38.1330 59.3013 64.3036 67.8163 74.1790 26.8165 81.0019 42.4398 48.2818 75.2983 57.7328 56.0568 102.6762 25.8976 24.7382 29.5429 46.4839 42.3687 22.5149 44.0481 41.1145 44.9603 41.7520 22.8264 34.8268 42.2122 25.1806 33.5149 41.9259 39.2935 29.6234 42.3339 25.6637 37.8148 24.8757 35.0082 22.3898 39.3785 47.9448 41.5444 24.9265
45 74.8797 121.7463 108.4289 123.4546 121.3132 113.8386 112.1678 88.4458 104.7974 118.2747 103.2522 92.9012 99.9598 119.9255 52.8941 161.9944 146.6377 127.7264 130.2093 143.5154 164.6699 177.6975 184.5373 130.1058 31.9197 27.4902 27.7121 36.5817 36.5762 36.7051 39.3980 5.6891 13.3281 42.9264 20.5985 9.7151 35.3557 15.1630 36.2065 9.6578 34.7569 38.8758 5.1360 5.4292 9.9377 0.0000 24.4480 8.9213 25.5716 32.1882 27.6070 35.4910 46.8664 45.7445 47.6492 11.2765 41.6880 8.9100 6.0195 30.8743 67.0736 47.4330 79.7744 44.7381 66.9451 50.6188 50.1676 37.0873 27.3995 57.8635 84.6642 92.3258 84.8773 54.3287 44.9928 46.5059 49.7083 55.4802 48.4409 50.4026 48.6422 54.6336 52.2211 81.5195 61.0273 50.8760 89.5409 104.4876 97.7690 108.0515 110.0017 96.9768 89.8785 86.7002 91.7856 98.2951 86.0756 35.2380 28.7520 51.1539 17.3870 27.3261 33.8764 43.0489 40.6330 41.9571 29.0358 37.5588 26.4641 26.5463 21.1850 45.9668 28.7821 76.1307 70.0593 29.0519 50.5562 56.1551 59.2433 66.6636 16.9154 71.2408 32.5501 40.1713 65.3693 48.0457 46.6003 92.9012 28.3916 28.5407 25.3693 46.1097 43.6408 14.5604 44.5969 40.5504 43.9551 43.8744 15.4866 38.7744 43.7867 18.5302 36.9204 41.1896 38.6555 29.5531 40.9013 20.1920 39.9596 28.6254 34.4983 16.0313 39.4907 48.0332 40.2872 23.8290
46 81.0524 136.6347 126.2240 135.3048 134.4580 130.5266 121.7264 109.8442 125.3527 140.8722 126.2047 112.6003 122.2278 141.5587 66.4818 166.1527 154.5692 134.6626 141.0621 148.7596 171.5217 190.5548 196.2633 134.9473 13.4782 8.4750 8.8665 14.5445 14.2888 13.4243 20.2401 30.1300 18.7356 20.8224 16.4047 33.5792 13.7928 38.3840 17.4840 33.8114 11.5764 17.5555 28.6685 20.1280 16.5578 24.4480 0.0000 26.7792 6.9757 11.4862 3.6008 18.2954 22.4475 30.2917 23.5176 31.4724 18.4287 30.5758 25.7149 12.4374 42.6265 29.7526 85.4119 55.1993 75.2671 59.1518 60.8012 50.1880 8.3100 38.4696 90.1560 100.8219 88.4335 46.3794 44.5075 47.0046 40.3127 57.2009 43.2340 41.8957 45.4504 53.3210 47.4027 82.1189 63.0977 43.1769 88.5342 105.8810 97.9691 121.6588 119.7156 110.5900 105.9082 97.0571 106.0674 109.4215 99.6750 43.4347 43.9335 52.7046 36.0892 42.8994 44.8542 47.6625 39.7605 44.1823 37.1531 36.8197 50.5816 37.5749 33.8670 49.9566 41.2823 94.1211 87.0879 53.4920 75.0001 69.3361 83.6662 77.3437 40.5296 91.0725 55.8568 54.0357 87.0313 71.9025 65.2216 112.6003 16.6837 13.5321 30.4537 38.3953 32.1317 31.1477 34.7529 33.9216 38.0343 30.3012 30.4293 21.4341 31.5326 31.1275 21.0854 34.9108 32.4664 23.7351 36.4066 29.6445 26.7543 13.7217 28.6638 28.6522 31.3209 39.0022 35.4280 22.2498
47 65.9588 113.9339 101.4668 115.0506 113.1250 106.5096 103.4629 83.2783 99.1145 114.0989 99.4334 86.7276 95.4818 114.9596 44.5002 153.0732 137.8393 118.8585 121.6764 134.6026 155.8187 169.5337 176.1884 121.1858 30.3836 27.0317 27.1377 36.0906 36.2247 36.9724 37.2768 9.8546 21.2393 42.0198 27.7864 15.1136 39.5393 12.4737 34.2172 10.4114 35.1030 37.8127 12.4740 7.9746 16.7262 8.9213 26.7792 0.0000 29.9582 31.5386 30.3188 41.1399 48.7901 52.2195 48.2904 19.3254 41.6376 16.6737 14.8798 29.5084 68.4093 53.3299 70.8533 35.8899 58.0641 41.7090 41.3651 28.4332 26.9905 54.8262 75.7429 83.5035 75.9936 47.5081 36.8860 38.1976 43.4514 46.8648 41.1703 43.8727 40.9301 46.4354 44.7368 72.8330 52.3262 44.1159 80.9774 95.6774 89.0601 99.9233 101.3082 88.8189 82.2802 78.0217 83.7511 89.7367 77.8776 26.3412 20.3163 42.6136 9.8162 18.9456 24.9850 34.3023 32.7555 33.5077 20.2297 29.8030 25.1310 17.6254 12.2640 37.2385 19.9353 69.1359 62.6825 29.3008 50.7273 47.7160 59.5784 57.9496 14.8613 65.0680 29.3673 31.6858 60.3581 45.6566 39.6683 86.7276 25.0565 26.3627 17.2498 39.5653 38.3529 5.8477 38.7368 34.0406 37.0563 39.2499 6.5722 35.9607 38.7282 9.6405 33.7221 34.5434 32.1621 23.9720 33.8164 11.6497 35.5182 26.3902 28.2750 7.2894 33.4937 41.7526 33.3302 17.9856
48 87.5626 142.0162 130.8714 141.2463 140.1773 135.4789 127.9725 113.1754 129.0721 143.6002 128.6904 116.6172 125.1360 144.8198 71.8326 172.9643 161.0577 141.2267 147.1661 155.4845 178.1329 196.4000 202.3002 141.6879 20.0986 15.3482 15.7344 19.8106 19.4243 17.8454 26.2785 31.1474 16.2312 25.5449 11.3897 33.6509 9.7907 40.4665 23.7940 35.2284 16.3371 22.9483 28.8998 22.3929 16.0976 25.5716 6.9757 29.9582 0.0000 17.6895 5.9220 11.9923 22.8817 23.9480 25.8731 30.1756 22.3876 29.8751 25.1800 19.1266 43.1130 24.0085 91.9897 60.9654 81.5089 65.2431 66.6063 55.4238 15.1852 43.7746 96.7623 107.1481 95.1875 53.3173 51.3166 53.7726 47.2231 63.9595 50.2060 48.8327 52.3881 60.2240 54.3759 89.0204 69.8643 50.1324 95.4919 112.7823 104.9045 127.2650 125.9371 116.1655 110.9579 103.1263 111.4983 115.4166 105.2170 49.3395 48.6182 59.4454 39.6837 47.4722 50.3600 54.0837 46.5474 50.7873 42.9045 43.5596 52.0207 42.8686 38.7028 56.4687 46.4297 98.6214 91.8173 54.2263 75.3727 74.7885 83.8453 83.2735 42.3970 94.9808 58.0029 59.1872 90.1890 73.6169 69.3722 116.6172 23.6494 20.4955 36.3866 45.3633 38.9956 35.0036 41.6794 40.8925 45.0057 37.0196 34.6011 27.8525 38.3514 35.8278 27.7619 41.8797 39.4250 30.5705 43.3409 34.8355 33.5706 20.6854 35.5828 33.1713 38.2963 45.9346 42.3678 28.6155
49 75.2795 134.0763 125.4899 131.1859 130.9947 129.0634 116.6823 111.9042 126.5647 143.8179 129.6401 113.3073 124.9627 143.5505 64.6975 158.5488 148.5118 128.3524 136.4115 141.6660 164.9157 186.5524 191.6752 127.8075 3.2349 4.6986 4.4966 4.5521 4.7161 6.1307 8.7544 37.5678 29.5867 10.7409 27.8907 41.8604 19.9281 43.9748 6.1046 40.5463 4.8415 6.7335 37.0389 27.0057 26.4370 32.1882 11.4862 31.5386 17.6895 0.0000 11.8913 26.6569 19.6372 37.9286 17.1704 41.0758 10.1728 39.7192 34.9574 3.0222 37.4982 36.1560 79.3027 52.5079 70.6094 55.3074 57.8467 49.1548 4.7892 27.2035 83.8792 95.6116 81.4226 36.6290 37.7672 40.4713 30.3899 50.5037 34.6554 32.1862 37.5071 45.6210 38.7004 74.1405 56.2599 33.6755 79.8817 97.7911 89.5758 118.5781 114.7667 107.6643 104.3763 92.7637 103.5660 105.2743 96.9273 40.7296 44.5166 46.2012 39.3589 43.7879 43.3006 42.8767 33.3369 38.6601 35.2811 30.8366 56.6104 37.0010 34.7157 44.6996 40.8746 93.9731 86.5060 60.3693 81.9676 67.2221 90.7814 73.7065 46.3248 92.2025 60.7156 53.0899 89.6360 77.0821 66.2738 113.3073 10.4025 6.7989 28.5103 29.2126 22.0219 34.3015 25.0508 25.6422 29.6047 19.6102 33.0285 10.1779 21.2007 32.5249 10.4169 26.6646 24.5854 18.0654 28.7680 29.9866 16.5006 6.9148 21.6311 30.6974 22.6919 29.2857 27.7482 19.6564
50 83.9861 140.0703 129.7847 138.5575 137.7958 134.0476 124.8290 113.4319 128.9530 144.4176 129.7224 116.1994 125.7879 145.1446 69.9454 168.7016 157.4938 137.5250 144.2381 151.4413 174.3303 193.8387 199.4639 137.6115 14.5043 10.2128 10.5726 13.8985 13.5230 12.0646 20.3866 33.2958 20.6050 19.7456 16.9684 36.5095 10.3815 41.7965 17.9844 37.0832 10.4680 17.0332 31.6192 23.5025 19.1585 27.6070 3.6008 30.3188 5.9220 11.8913 0.0000 15.6116 19.2954 27.4772 21.0674 33.9462 16.7985 33.2509 28.4105 13.6125 39.5919 26.6119 88.2817 58.5567 78.3938 62.3731 64.1398 53.6866 10.0612 37.8947 92.9950 103.8818 91.0981 48.0404 47.1393 49.6959 41.8742 59.8883 45.3414 43.5615 47.7674 55.7369 49.4841 84.5076 65.7659 44.9378 90.7071 108.2566 100.2399 125.0358 122.8333 113.9787 109.4173 100.2633 109.4967 112.6576 103.0765 46.7578 47.5097 55.4237 39.6748 46.4843 48.2997 50.7041 42.4405 47.0748 40.5417 39.5765 53.8946 41.0766 37.4372 52.9229 44.8050 97.6986 90.6452 56.6516 78.0927 72.7741 86.7140 80.6223 43.9085 94.6733 59.3032 57.5466 90.6062 75.2888 68.8200 116.1994 19.0052 15.5376 33.7964 40.2639 33.5676 34.7423 36.3912 36.0707 40.1642 31.4038 34.0301 22.0685 32.8512 34.7114 22.1464 37.0777 34.7216 26.4043 38.7612 33.1768 28.0846 15.7265 31.1034 32.2476 33.3371 40.6540 37.7641 25.4180
51 99.3410 153.9297 142.4733 153.2372 152.1605 147.2320 139.9041 123.8788 140.0575 153.6967 138.5833 127.8392 135.4413 155.4044 83.7623 184.3080 172.8563 152.9579 159.1379 167.0065 189.8134 208.3914 214.2842 153.1841 29.6388 25.7928 26.1416 27.0658 26.5400 24.2199 34.2153 40.6996 23.5009 31.2176 16.0933 42.1485 7.5066 50.6530 32.4391 44.9842 23.4808 30.0173 37.8176 33.2808 25.5553 35.4910 18.2954 41.1399 11.9923 26.6569 15.6116 0.0000 22.0240 12.0118 27.6375 37.2641 27.2632 37.7192 33.5638 28.8833 39.9556 12.2077 103.7073 72.9571 93.4367 77.2091 78.5985 67.3393 25.6453 49.3247 108.4501 119.0445 106.6677 63.2724 62.7144 65.2464 57.0429 75.4433 60.8836 58.8171 63.3701 71.3481 65.0091 100.1148 81.3308 60.2672 106.2475 123.8603 115.8177 139.2332 137.8771 128.1296 122.7654 115.1019 123.4319 127.4029 117.1767 61.3269 60.3664 70.9612 50.9517 59.1789 62.3331 65.9190 57.9938 62.4777 54.8968 55.0867 61.3944 54.8140 50.5415 68.2421 58.3363 110.1730 103.4974 62.8165 83.2157 86.7394 91.3517 95.2632 52.3588 106.1668 67.9640 71.0750 100.8158 82.9973 80.7838 127.8392 34.6164 31.1263 48.3661 55.6876 48.6777 46.4662 51.6614 51.6412 55.7223 46.1814 46.2153 36.5024 47.8507 47.6362 37.0665 52.6523 50.3201 41.9512 54.3708 46.7763 43.1567 31.3142 46.7128 44.9341 48.8624 55.9115 53.3724 40.4616
52 93.4781 153.5139 145.1259 150.0789 150.1640 148.6763 135.1114 130.9729 145.9232 162.5289 148.0774 132.7746 143.7593 162.6747 84.3236 174.4078 166.0735 145.7691 155.0141 158.2236 181.9069 205.4106 210.2093 144.3842 22.4930 22.8696 22.9346 16.1778 15.6908 13.5567 21.6336 52.5543 39.1042 15.3005 33.6898 55.7933 15.4635 60.7212 22.0223 56.2580 14.8806 17.2327 50.9096 42.5434 38.3481 46.8664 22.4475 48.7901 22.8817 19.6372 19.2954 22.0240 0.0000 28.3632 6.9595 52.9273 11.7067 52.4119 47.6032 22.6228 20.3338 24.6301 97.2161 72.0722 89.4921 74.6113 77.3504 68.7698 22.8422 30.1641 101.6153 114.0334 98.5135 51.1404 55.9345 58.7049 45.0371 68.3701 51.1850 47.1112 54.6309 62.6963 54.8498 90.2253 73.8911 48.8748 94.8911 113.4048 104.8448 137.8960 133.2615 127.0447 123.9935 111.6939 123.0520 124.2246 116.3709 60.3323 63.8518 64.3118 57.6041 63.0369 62.9335 61.9846 51.8564 57.5249 54.9141 49.6766 73.0111 56.5208 53.8931 63.5792 60.3904 113.5603 106.1264 75.9182 97.3843 86.8206 106.0093 92.9732 62.9102 111.5448 78.0966 72.7051 108.4424 94.2487 85.5815 132.7746 29.9820 26.4361 48.1288 45.2758 37.2178 52.5433 40.6572 43.0928 46.6205 33.7570 51.5203 24.8173 36.0254 51.4956 26.7967 44.0756 42.4791 37.4632 46.6110 49.2438 32.2939 26.5506 40.3100 49.3911 40.0197 44.4456 45.6138 39.2607
53 111.3438 165.6033 153.6859 165.1662 164.0036 158.6489 151.9068 134.0742 150.5332 163.1741 147.8816 138.6039 145.1829 165.4085 95.4940 196.1314 184.8604 164.9469 171.1135 178.9175 201.7848 220.2772 226.2385 165.0859 41.0385 37.5539 37.8873 37.6307 37.0725 34.5770 44.7978 50.5406 32.8113 40.7559 25.2393 51.1487 18.0045 60.7925 43.4050 54.8777 34.2126 40.3455 47.2833 44.2582 35.9279 45.7445 30.2917 52.2195 23.9480 37.9286 27.4772 12.0118 28.3632 0.0000 35.0562 45.4131 36.6405 46.4056 42.8358 40.3766 41.8685 4.6782 115.6962 84.8601 105.4401 89.1910 90.5086 79.0600 37.4127 58.0223 120.4302 131.0548 118.5740 74.4844 74.6154 77.1720 68.2214 87.3652 72.4783 70.0711 75.0993 83.1263 76.5684 111.8454 93.2429 71.5919 117.7895 135.5647 127.4382 151.0300 149.8764 139.9180 134.2755 127.0728 135.1533 139.3525 128.9566 73.2767 71.8748 82.8972 62.0171 70.6427 74.1681 77.9302 69.9167 74.4677 66.8172 67.0377 70.6826 66.5988 62.1831 80.2468 70.0539 121.3537 114.8478 71.3974 90.8310 98.5107 98.5594 107.2016 62.2850 116.9298 77.6975 82.7480 110.9970 92.0547 91.8585 138.6039 46.4447 42.8767 60.3329 67.1332 59.8556 57.7406 62.9635 63.3035 67.3540 57.1231 57.6335 47.3652 58.9449 59.2501 48.2208 64.3210 62.0497 53.8774 66.1431 58.5642 54.3494 43.0621 58.5454 56.5075 60.4580 67.1804 65.1371 52.4732
54 88.2350 149.3044 141.7710 145.2066 145.5698 144.9742 129.9116 129.0076 143.5040 160.9824 146.8074 130.1380 142.1206 160.6245 80.8176 168.1361 160.3761 140.0327 149.9057 152.1630 175.9700 200.4598 205.0066 138.3452 19.3866 21.3386 21.2833 12.8443 12.5306 11.3322 16.4722 53.2667 41.6503 9.5842 37.1929 57.0069 20.4496 60.5889 17.6734 56.6546 13.1877 12.6817 52.0942 42.8721 40.0505 47.6492 23.5176 48.2904 25.8731 17.1704 21.0674 27.6375 6.9595 35.0562 0.0000 54.9361 7.2249 54.0931 49.2323 19.8455 20.3280 31.4782 91.8069 68.3357 84.7388 70.3690 73.4346 65.7542 21.3622 23.2143 96.1061 108.8682 92.7418 44.9339 50.9105 53.6887 38.9514 63.0752 45.5235 41.0562 49.1389 57.1024 49.0198 84.1517 68.4483 42.8603 88.5377 107.1466 98.5236 133.5090 128.1078 122.7689 120.3456 106.9182 118.9788 119.4421 112.2234 56.7976 61.5558 59.1754 56.4620 60.8743 59.7997 57.5928 47.0954 52.9505 51.8227 45.1759 73.1277 53.8856 51.8444 58.9632 57.7502 110.5857 102.9894 76.5059 98.1054 83.1516 106.8467 88.6084 62.8809 109.1755 77.6231 69.6749 106.7979 93.9449 83.2960 130.1380 26.8107 23.6589 45.2011 39.5623 31.4557 51.3925 34.9109 37.9258 41.2063 27.8558 50.1663 19.6623 30.2057 49.6915 21.9641 38.8703 37.5294 33.7556 41.5522 47.0991 26.9001 23.7314 35.8649 47.8584 34.8769 38.4956 40.5846 36.4821
55 84.4129 127.4493 112.5617 130.5605 127.8709 118.6119 120.2511 89.8895 106.8429 117.9848 102.6013 95.8390 100.2657 120.7619 60.4744 171.4215 155.0411 136.5467 137.6676 152.7319 173.3341 184.0445 191.3548 139.4941 41.3891 36.4897 36.7750 45.1741 45.0653 44.7059 48.9900 10.1988 14.1129 51.6175 21.1747 6.9331 39.3316 18.9957 45.8042 13.2239 42.7821 47.7978 6.8588 16.2722 14.9202 11.2765 31.4724 19.3254 30.1756 41.0758 33.9462 37.2641 52.9273 45.4131 54.9361 0.0000 49.7571 2.7034 6.2349 40.2824 73.2367 48.0988 89.3744 53.8013 76.0282 60.0420 58.9717 45.6108 36.3715 67.7049 94.2413 100.9683 94.8924 65.5927 56.0765 57.4813 60.9033 66.1754 59.7128 61.6392 59.8576 65.6797 63.4768 92.0976 71.5918 62.1373 100.2940 114.7772 108.3005 114.5232 118.0495 103.5777 95.3416 94.7848 98.1390 105.9400 92.8421 45.3270 37.0353 61.9382 25.3519 35.5686 43.3162 53.5524 51.7968 52.8258 39.4585 48.7511 25.8015 36.4733 31.1503 56.4991 38.0967 80.6383 75.3276 25.9892 45.9516 63.7978 54.1401 74.9912 19.4336 74.4791 33.3933 48.2071 66.9971 46.7554 51.6477 95.8390 38.8825 38.4963 36.4083 57.3537 54.6220 24.1631 55.7248 51.7986 55.2286 54.6282 25.5208 48.7721 54.6948 28.8162 47.1512 52.4499 49.9050 40.7026 52.1773 30.9640 50.6826 38.6069 45.7260 26.6118 50.6656 59.2357 51.5633 35.0588
56 81.8141 142.3357 134.5931 138.5459 138.7611 137.8591 123.4647 121.8289 136.2846 153.8632 139.7497 122.9132 134.9887 153.4316 73.6503 162.8892 154.3679 134.0663 143.3958 146.5933 170.2345 193.8516 198.5675 132.7475 12.1845 14.6112 14.5001 5.6963 5.4580 5.0521 9.9275 47.2090 37.1237 4.1248 33.7128 51.2352 19.7575 54.0360 10.6011 50.3908 6.9880 5.6409 46.3473 36.6917 34.8524 41.6880 18.4287 41.6376 22.3876 10.1728 16.7985 27.2632 11.7067 36.6405 7.2249 49.7571 0.0000 48.6746 43.8307 12.6968 27.4472 33.7475 85.5227 61.2062 77.9960 63.3868 66.3514 58.5331 14.6591 22.1075 89.9122 102.3930 86.8175 39.6655 44.3128 47.0880 33.4968 56.6885 39.4866 35.5462 42.9248 50.9903 43.1805 78.6187 62.1906 37.2838 83.4712 101.8945 93.3886 126.6058 121.6272 115.8196 113.2149 100.1952 111.9584 112.7258 105.2256 49.6229 54.3620 52.6635 49.5280 53.6975 52.5832 50.6584 40.3291 46.0933 44.6016 38.2737 66.6448 46.6678 44.6961 52.1326 50.5308 103.3679 95.7820 70.2526 91.8662 76.0150 100.6542 81.6832 56.3664 101.9614 70.8716 62.4551 99.6763 87.2307 76.0934 122.9132 19.5862 16.4774 37.9763 33.5893 25.5557 44.4730 28.9839 31.4204 34.9164 22.1614 43.1873 13.1169 24.3856 42.5960 15.1777 32.3965 30.8651 26.5825 34.9694 39.9426 20.5873 16.5431 28.9194 40.8360 28.3486 32.8344 33.9795 29.2666
57 81.7192 125.1652 110.5172 128.0877 125.4674 116.4663 117.6672 88.3147 105.1688 116.7969 101.4787 93.9889 98.9345 119.3384 57.9136 168.7377 152.4317 133.9000 135.1544 150.0591 170.7032 181.6822 188.9298 136.8109 39.8507 35.0794 35.3468 43.9218 43.8435 43.6255 47.4300 7.5083 14.2552 50.3539 21.6678 4.9100 39.2751 16.6462 44.2353 10.7271 41.6868 46.4527 4.2015 14.1242 14.0924 8.9100 30.5758 16.6737 29.8751 39.7192 33.2509 37.7192 52.4119 46.4056 54.0931 2.7034 48.6746 0.0000 4.8612 38.7602 72.7453 48.8802 86.6789 51.1215 73.3545 57.3487 56.3089 42.9566 34.9688 66.0823 91.5469 98.3304 92.1890 63.2149 53.4817 54.8561 58.6183 63.5032 57.2522 59.3073 57.3250 63.0702 60.9831 89.4114 68.9068 59.7659 97.6237 112.0763 105.6101 112.1264 115.4686 101.1593 93.0760 92.1942 95.7502 103.3978 90.3971 42.6258 34.3857 59.2777 22.6921 32.9191 40.6180 50.8666 49.2361 50.1812 36.7728 46.2074 24.3705 33.7711 28.4505 53.8146 35.3997 78.5054 73.0723 25.1318 45.6742 61.2338 54.0333 72.3712 17.2789 72.5491 31.7447 45.5916 65.3485 45.6499 49.3830 93.9889 36.9724 36.7855 33.8121 55.0119 52.4916 21.4610 53.4972 49.4512 52.8243 52.6188 22.8278 47.0689 52.6060 26.1309 45.3579 50.0818 47.5557 38.4559 49.7387 28.3211 48.6853 36.8873 43.4064 23.9531 48.3990 56.9431 49.1440 32.7377
58 80.7960 126.5187 112.5629 128.7296 126.3985 118.2409 117.7438 91.3564 108.0131 120.3955 105.1736 96.5003 102.3482 122.5954 58.2478 167.9095 152.3152 133.5058 135.6025 149.3872 170.4187 182.7326 189.7378 136.0096 35.1911 30.3415 30.6184 39.1202 39.0320 38.7802 42.7873 8.1255 10.1148 45.5581 17.7123 8.6107 34.6945 18.4584 39.5981 12.3489 36.8436 41.6881 4.4901 10.3176 9.2583 6.0195 25.7149 14.8798 25.1800 34.9574 28.4105 33.5638 47.6032 42.8358 49.2323 6.2349 43.8307 4.8612 0.0000 34.0894 67.9366 45.0324 85.7049 50.5215 72.7600 56.4961 55.8918 42.6989 30.2269 61.4883 90.5922 98.0469 90.8701 59.7789 50.9035 52.4640 54.9502 61.4911 54.0808 55.7527 54.4310 60.5580 57.9258 87.5361 67.0456 56.3156 95.5398 110.5040 103.7868 113.0969 115.5663 102.0587 94.5272 92.2611 96.7729 103.7298 91.2047 41.2203 34.2481 57.1551 22.6481 32.7991 39.7309 49.0682 46.4894 47.9469 35.0490 43.3894 27.9203 32.4888 27.1200 51.9863 34.5904 80.3714 74.5965 29.3221 50.2209 61.5371 58.6660 72.2766 19.6392 74.9266 34.8724 45.6389 68.3050 49.4643 50.9673 96.5003 32.6694 32.2629 31.3243 51.4874 48.5138 20.3622 49.7070 45.9492 49.4785 48.4455 21.4107 42.5403 48.5566 24.5150 40.9170 46.6352 44.0619 34.7275 46.5062 26.2086 44.4960 32.3729 39.8424 22.0453 44.6995 53.2943 45.8507 29.2059
59 72.3666 131.0544 122.5173 128.1893 127.9795 126.0612 113.7304 109.1625 123.7285 141.1667 127.0635 110.4327 122.2940 140.7855 61.7016 155.9020 145.6514 125.5147 133.4399 138.9332 162.1211 183.5560 188.7060 125.0779 1.1371 4.1713 3.7991 7.0079 7.3207 9.0774 8.7232 36.0918 29.5427 12.5153 28.6251 40.5878 22.4318 41.9807 5.5718 38.8515 7.8637 8.3047 35.8460 25.5634 25.9645 30.8743 12.4374 29.5084 19.1266 3.0222 13.6125 28.8833 22.6228 40.3766 19.8455 40.2824 12.6968 38.7602 34.0894 0.0000 40.1387 38.7899 76.4236 49.4927 67.6211 52.2888 54.8261 46.2126 4.3287 27.4792 81.0203 92.6649 78.6530 34.4539 34.9025 37.5899 28.2691 47.6602 32.1034 29.9815 34.8259 42.9161 36.1929 71.5274 53.4425 31.3967 77.4230 95.2166 87.0621 115.5570 111.8083 104.6423 101.3757 89.7673 100.5454 102.2750 93.9054 37.7221 41.7226 43.3281 36.9589 41.0297 40.3383 39.8754 30.4254 35.6896 32.3202 27.8797 54.6371 34.1280 32.0048 41.7223 38.0003 91.0447 83.5546 58.5829 80.1390 64.2144 88.9737 70.6885 44.3581 89.3784 58.4814 50.1467 86.9798 74.8634 63.4724 110.4327 7.3832 3.8505 25.5724 26.8078 19.9550 31.9310 22.8130 22.9773 26.9958 17.8978 30.5809 9.1535 19.2522 29.9040 8.6541 23.9987 21.8334 15.0494 25.9972 27.2555 14.4784 3.9476 18.7312 28.1913 20.0892 27.0731 24.9792 16.7440
60 105.0732 167.7625 161.2469 162.5186 163.4140 164.0944 146.5572 149.2655 163.6009 181.3012 167.1343 150.1401 162.4323 180.8489 100.3178 180.8353 175.4696 155.0957 166.6817 165.9344 190.1361 217.4536 221.3934 152.2895 39.6225 41.6078 41.5709 33.1310 32.8424 31.6013 35.5208 72.7526 59.3414 28.7182 53.5707 76.1014 34.7933 80.5831 37.3971 76.3568 33.3916 32.5360 71.2090 62.5822 58.6808 67.0736 42.6265 68.4093 43.1130 37.4982 39.5919 39.9556 20.3338 41.8685 20.3280 73.2367 27.4472 72.7453 67.9366 40.1387 0.0000 37.2498 108.1995 87.6915 102.6108 89.1430 92.5732 85.6730 41.6225 32.5037 112.1874 125.7188 108.0676 59.7770 68.7458 71.4821 54.5344 80.1264 62.1098 56.6417 66.0389 73.5423 65.0158 98.4968 85.0559 58.5021 101.5208 120.3664 111.5299 151.7405 144.8729 141.2072 139.5782 124.5946 137.7134 137.0393 130.8826 76.4107 81.7878 76.6344 76.7566 81.1394 79.6749 76.3040 65.4496 71.4755 71.7658 63.9351 93.0154 74.0294 72.1424 77.3388 77.8792 130.4116 122.7166 96.1084 117.6262 102.4905 126.2818 107.0785 82.8299 129.3201 97.7753 89.5701 127.1150 114.0470 103.4980 150.1401 46.9313 43.9234 65.2650 56.2365 48.4040 71.6832 51.7132 55.8475 58.5284 44.6768 70.4809 38.4840 47.0829 70.0154 41.0419 56.6903 55.8299 53.4926 59.5537 67.3897 44.8964 43.9867 54.8911 68.1837 52.9490 54.5466 58.6646 56.6563
61 110.5582 166.0242 154.6807 165.0452 164.1096 159.4194 151.4372 135.8782 152.1497 165.4091 150.2058 140.0000 147.2663 167.3411 95.8386 194.6883 184.0450 164.0239 170.8116 177.6894 200.7578 220.2699 226.0159 163.8389 39.3463 36.3443 36.6501 35.3403 34.7711 32.2169 42.4226 52.4796 34.9209 37.8703 27.3206 53.5062 16.4620 62.5825 41.3111 56.7990 32.0913 37.8715 49.4062 45.4458 37.5078 47.4330 29.7526 53.3299 24.0085 36.1560 26.6119 12.2077 24.6301 4.6782 31.4782 48.0988 33.7475 48.8802 45.0324 38.7899 37.2498 0.0000 114.8055 84.8567 104.9930 88.9043 90.4806 79.4323 36.2148 54.6286 119.4877 130.4936 117.3725 72.4006 73.4712 76.0887 66.1311 86.2501 70.8107 68.0419 73.6154 81.7037 74.8432 110.2931 92.0897 69.6249 115.9641 133.9457 125.7040 151.2365 149.4375 140.1439 134.9333 126.8097 135.5017 139.1696 129.2019 73.1445 72.5487 81.8330 63.1446 71.3705 74.3352 77.3159 68.8449 73.6431 66.7877 66.0626 72.9526 66.8715 62.6878 79.5206 70.4379 122.3805 115.6977 73.9931 93.8386 98.7842 101.7200 107.0747 64.2027 118.3240 79.7452 83.1930 112.8024 94.4645 92.9842 140.0000 45.2652 41.5936 60.1603 65.3088 57.8045 58.6737 61.0105 61.7614 65.7535 54.8953 58.4171 45.1539 56.8275 59.7954 46.2299 62.7835 60.6126 52.8756 64.7594 58.8413 52.3448 41.7735 57.3037 57.1081 58.8397 65.1770 63.7443 51.9854
62 5.0161 63.7438 66.3565 54.8402 56.9844 65.0326 38.3620 74.8679 79.6614 105.1663 97.3513 66.5354 88.8643 98.4640 33.9891 82.2301 69.2517 49.2508 58.4980 63.9479 86.1495 109.2979 113.2933 50.3829 76.0731 78.4823 78.1883 81.4734 82.0224 84.5084 75.6025 79.1760 90.9288 82.2630 95.7775 83.3893 98.3539 72.3134 75.3582 76.7407 83.9301 79.9962 82.6932 77.3458 85.8020 79.7744 85.4119 70.8533 91.9897 79.3027 88.2817 103.7073 97.2161 115.6962 91.8069 89.3744 85.5227 86.6789 85.7049 76.4236 108.1995 114.8055 0.0000 35.7678 14.5623 29.3406 31.1667 44.3266 78.6078 76.7518 4.8926 17.8243 8.4008 48.6063 41.5379 38.8341 53.6684 28.8714 46.3563 51.5581 42.6680 34.7792 43.1981 17.0964 23.3586 49.6977 24.2983 28.0416 25.3617 47.4487 36.7196 39.2247 45.5567 20.1029 38.7453 30.8066 32.7527 44.6433 52.7731 33.1017 64.1820 54.2101 46.0678 38.0626 46.0215 41.2296 51.1118 48.7441 75.9011 53.2281 58.5913 35.5429 51.2803 49.0319 42.8865 81.5657 91.7061 31.3537 97.8427 19.9751 73.2704 57.0043 70.5423 42.7085 65.8775 77.4643 50.0165 66.5354 69.5824 73.3018 56.5115 52.3238 60.4091 65.3924 56.9679 54.1396 50.6274 64.0861 64.2973 72.4061 61.6909 61.2805 70.4606 53.1484 54.8839 61.9299 50.7020 60.1972 64.9709 73.1278 57.6930 63.9088 57.2113 53.7360 51.7147 63.4104
63 30.7631 81.6838 73.5555 80.3181 79.2618 76.6558 67.7796 65.5069 77.5272 98.5351 86.4465 63.6228 79.8265 95.8011 12.7231 117.6237 101.9688 82.9912 86.4628 98.9480 119.9334 135.4350 141.4380 85.6954 49.5792 50.1121 49.9254 55.9838 56.4357 58.5209 52.2082 43.6152 56.7806 59.1127 62.4990 47.6726 68.9366 36.5644 50.6626 41.0110 57.3409 55.6542 47.2327 43.0527 51.8553 44.7381 55.1993 35.8899 60.9654 52.5079 58.5567 72.9571 72.0722 84.8601 68.3357 53.8013 61.2062 51.1215 50.5215 49.4927 87.6915 84.8567 35.7678 0.0000 22.2533 6.7294 5.6570 8.6572 50.1932 61.5543 40.5859 47.6195 42.0125 37.8304 22.2823 20.4707 38.8654 20.6372 31.1501 37.4967 27.5519 25.7937 31.4002 41.8421 23.3137 36.1975 50.9158 62.4366 57.1432 66.4836 65.6580 55.4436 52.0105 42.4863 51.1211 54.5750 44.5805 11.8534 17.0055 19.2465 28.4903 18.4432 10.9989 12.8536 23.4746 17.6632 18.0696 24.1229 41.2967 18.6685 23.7907 13.6960 15.9581 43.3362 35.4075 47.1826 61.0796 14.8193 68.6067 22.4281 37.6030 44.5614 37.2780 8.2706 46.9903 48.3527 22.8220 63.6228 42.1109 45.7476 24.7605 35.1333 41.0566 30.1825 38.4825 33.0086 31.8468 44.4611 29.3454 49.2077 42.2947 26.6888 46.6640 32.4183 32.4818 34.6555 29.5221 26.5103 43.1803 45.6170 32.8164 29.4686 35.4777 37.7861 30.1798 33.3711
64 9.7530 65.3735 62.8098 60.6016 60.8680 63.4999 46.4674 65.1894 72.6542 96.9991 87.6340 58.8402 79.6116 91.6343 19.4831 95.4408 80.0163 60.8018 65.8885 76.7046 97.7883 115.9596 121.1521 63.5165 67.4506 69.0897 68.8383 73.3775 73.8943 76.2476 68.2704 65.8520 78.7386 75.1726 84.1263 69.8132 88.6979 58.4260 67.4788 63.1436 75.3993 72.3606 69.4834 65.0227 73.7218 66.9451 75.2671 58.0641 81.5089 70.6094 78.3938 93.4367 89.4921 105.4401 84.7388 76.0282 77.9960 73.3545 72.7600 67.6211 102.6108 104.9930 14.5623 22.2533 0.0000 16.5130 17.1309 30.5070 69.1974 72.8113 19.0313 25.7241 22.2710 45.0935 33.9204 31.1596 48.9060 23.0362 40.8540 46.9469 36.8033 30.2184 38.7371 26.7980 19.6585 45.1699 35.6658 42.5326 39.0299 49.1904 44.4486 38.9571 40.6734 22.2022 36.3150 34.7335 29.4495 32.5597 39.0718 26.0264 50.6877 40.5321 33.0801 27.7933 37.6679 31.9902 39.1529 39.8442 61.4471 40.5987 45.8661 25.9336 38.1721 39.4365 32.1747 67.0694 77.3008 17.0155 83.6285 7.5308 59.2403 45.7374 55.9875 28.5074 53.2608 63.1681 35.6216 58.8402 60.4119 64.1739 45.2321 46.5236 54.2105 52.4056 50.9409 46.9163 44.0838 57.9352 51.4984 65.0765 55.5322 48.6987 62.8339 46.0203 47.2104 52.6386 43.2382 48.0990 57.9855 64.0150 49.1959 51.4331 49.9200 48.5210 44.1842 53.0173
65 24.3710 78.9490 72.6668 76.1934 75.7061 75.0007 62.8027 67.6701 78.4890 100.6139 89.2169 64.4605 82.1581 97.1019 14.1049 111.4357 96.5292 77.2563 81.9306 92.8972 114.2623 131.5107 137.1119 79.5228 52.2378 53.3860 53.1612 58.4341 58.9217 61.1557 53.9766 49.8431 62.2469 60.9319 67.6178 54.0589 72.7310 43.1490 52.7861 47.4185 60.1429 57.7598 53.3844 48.5417 57.2167 50.6188 59.1518 41.7090 65.2431 55.3074 62.3731 77.2091 74.6113 89.1910 70.3690 60.0420 63.3868 57.3487 56.4961 52.2888 89.1430 88.9043 29.3406 6.7294 16.5130 0.0000 5.1718 15.3663 53.4829 61.3593 34.2007 42.2179 35.3470 35.7479 21.2658 18.8828 37.8410 15.9077 29.7490 36.2077 25.8076 22.1800 29.1089 35.1962 17.4124 34.6885 44.3078 55.7363 50.4176 63.2909 60.7388 52.4419 50.6514 37.9065 48.6296 50.2853 41.8553 16.0667 23.5633 15.8644 34.8503 24.9750 16.7725 12.8396 23.7689 17.7034 22.6561 25.2460 48.0088 24.1506 29.4633 12.1487 21.9627 44.0292 36.0026 53.8838 67.3108 14.7695 74.6415 18.4011 44.2529 46.7876 43.8246 14.7556 50.7148 54.2381 27.7069 64.4605 44.9505 48.6836 28.8710 34.5529 41.3618 36.1410 38.4362 33.4813 31.5307 44.9624 35.1369 50.8570 42.6581 32.2543 48.4333 32.7337 33.3321 37.2436 29.8071 31.5861 44.2603 48.5363 34.5046 34.9665 36.2572 37.0088 30.6217 36.9573
66 26.1545 76.2457 68.7898 74.6643 73.6584 71.5643 62.1835 62.6559 73.8121 95.6347 84.1099 59.8123 77.1195 92.3272 9.0420 112.5631 96.4764 77.6340 80.8112 93.7799 114.5270 129.7983 135.7812 80.6422 54.8703 55.5770 55.3807 61.2163 61.6808 63.8167 57.1823 48.8181 62.3465 64.1181 68.1279 52.7003 74.5212 41.3027 55.7714 46.0306 62.6865 60.7646 52.4904 48.6251 57.4490 50.1676 60.8012 41.3651 66.6063 57.8467 64.1398 78.5985 77.3504 90.5086 73.4346 58.9717 66.3514 56.3089 55.8918 54.8261 92.5732 90.4806 31.1667 5.6570 17.1309 5.1718 0.0000 13.3862 55.6620 65.5845 35.8885 42.1605 37.9367 40.5851 25.6608 23.4591 42.3429 21.0782 34.3499 40.7984 30.4993 27.2918 33.9788 39.0228 22.3119 39.3479 48.2083 58.4535 53.6993 60.9336 60.0529 49.9227 47.0051 36.8514 45.7193 48.9185 39.1069 17.3860 21.9626 20.9032 33.6198 23.4263 16.6055 16.6330 27.6262 21.5966 23.7029 28.6987 44.9407 24.2898 29.3521 16.5754 21.4415 39.3950 31.3772 50.7132 63.0796 10.1792 70.2007 16.7778 42.1586 41.7395 40.1684 11.5576 45.5456 49.7154 22.7943 59.8123 47.4443 51.1163 30.3492 38.8700 45.3166 35.6088 42.5421 37.3231 35.7226 48.8340 34.8489 54.1271 46.5895 32.2701 51.6273 36.6473 36.9838 39.8891 33.7179 32.1618 47.8335 50.9806 37.7016 35.0593 39.9592 41.4143 34.4625 38.8809
67 39.3131 86.5937 76.4143 86.7208 85.0766 80.3840 75.0807 64.5609 78.0347 97.3742 84.4176 64.4750 78.4712 95.7022 16.4341 125.9462 109.6204 90.9468 93.2555 107.1635 127.7856 141.4566 147.8864 94.0232 46.4877 46.1497 46.0207 53.0390 53.4338 55.2787 50.2675 35.4796 49.6221 56.9606 55.7788 39.3141 63.9746 27.9920 48.2789 32.6444 53.8907 53.1835 39.1841 35.9974 44.8857 37.0873 50.1880 28.4332 55.4238 49.1548 53.6866 67.3393 68.7698 79.0600 65.7542 45.6108 58.5331 42.9566 42.6989 46.2126 85.6730 79.4323 44.3266 8.6572 30.5070 15.3663 13.3862 0.0000 46.2067 61.9895 49.1140 55.4008 50.6677 41.2038 25.4554 24.4578 40.9435 27.5151 34.0505 39.9499 31.0700 31.3717 35.2940 50.2793 31.0914 38.9678 59.2822 71.0928 65.7319 72.0083 72.9146 60.8892 55.7343 49.6147 56.0980 61.3110 49.9222 10.1964 8.5805 25.0720 20.2656 10.0460 6.0263 16.6246 24.9870 20.2976 13.9315 24.5093 32.8176 12.6131 16.9385 18.7059 9.0066 44.8439 37.3574 38.7393 53.6958 19.4980 61.5652 29.5834 28.9684 43.9924 29.3239 3.9353 44.1360 41.7457 19.2020 64.4750 38.9804 42.3690 20.6445 36.8396 41.3875 22.6002 39.3674 33.5142 33.4127 44.4156 22.0673 47.5027 42.5037 19.8991 44.8690 33.1604 32.5305 32.1971 30.4977 20.6024 42.4216 42.2655 31.7231 22.6919 35.4474 39.6089 30.9093 29.5091
68 74.4082 131.8768 122.6205 129.6220 129.1541 126.4516 115.5192 108.1715 123.0827 139.8816 125.5778 109.9624 121.0664 139.8614 62.0889 158.7192 147.8568 127.8127 135.0854 141.5458 164.5467 184.9697 190.3493 127.7053 5.4505 0.1654 0.5581 9.2389 9.3014 10.0321 12.8719 32.7909 25.2733 15.5276 24.3258 37.0715 19.7536 39.3770 9.8076 35.8163 8.2408 11.5044 32.2531 22.2302 21.8509 27.3995 8.3100 26.9905 15.1852 4.7892 10.0612 25.6453 22.8422 37.4127 21.3622 36.3715 14.6591 34.9688 30.2269 4.3287 41.6225 36.2148 78.6078 50.1932 69.1974 53.4829 55.6620 46.2067 0.0000 31.5980 83.2775 94.5023 81.2074 38.1405 37.2698 39.8755 32.0379 50.0448 35.2817 33.6560 37.7261 45.7223 39.4273 74.4735 55.8975 34.9796 80.6464 98.2158 90.1820 116.5704 113.5579 105.5823 101.7621 91.2331 101.3124 103.6971 94.7601 38.3421 41.0181 45.6189 35.1380 40.1948 40.4965 41.4086 32.6301 37.5208 32.5178 29.8663 51.9877 33.8003 31.0514 43.4689 37.6563 90.8702 83.5327 55.6587 77.2659 64.7447 86.0701 71.8553 41.7079 88.7041 56.2777 50.1337 85.7344 72.6179 62.7400 109.9624 9.0565 5.4811 25.6768 30.2548 23.8277 30.0633 26.4975 26.0100 30.1032 22.0206 28.8977 13.4821 23.2228 28.6832 12.8555 27.0176 24.6750 16.6945 28.7392 26.4064 18.4450 5.6692 21.1409 26.6677 23.2836 30.7551 27.7368 16.8547
69 74.0314 138.1501 133.9645 131.4920 132.9590 135.8172 115.0458 126.4562 139.0766 159.3471 146.3275 125.1751 140.4555 157.2457 74.1860 148.4079 143.1453 122.7898 135.1873 133.4322 157.6483 185.9932 189.5297 119.7978 26.3557 31.4615 31.1361 24.0351 24.3799 25.9995 18.7579 62.7349 56.7840 18.3710 54.7323 67.5358 41.8210 66.9879 21.9198 64.9357 27.4377 20.9415 62.9455 52.4480 53.4292 57.8635 38.4696 54.8262 43.7746 27.2035 37.8947 49.3247 30.1641 58.0223 23.2143 67.7049 22.1075 66.0823 61.4883 27.4792 32.5037 54.6286 76.7518 61.5543 72.8113 61.3593 65.5845 61.9895 31.5980 0.0000 80.4914 94.4892 75.9961 28.1890 40.1016 42.5957 23.9254 49.8064 32.0650 25.8645 36.1433 42.7697 34.1486 66.1401 54.1294 27.6512 69.0190 87.8639 79.0313 121.8832 113.4586 111.7672 111.8341 94.2245 108.8509 106.4633 101.9538 51.8529 60.7966 46.9740 60.0976 60.6498 56.1145 48.9722 38.0844 44.0193 49.2014 37.6924 79.4294 52.7067 52.9905 49.2110 56.1213 104.8484 96.8717 84.0482 105.1969 75.7636 114.0427 78.1707 69.4107 105.6830 81.8380 65.5563 105.9258 97.9726 81.0962 125.1751 29.8258 29.3330 44.1796 26.8158 20.6347 55.5554 23.0777 28.6435 29.8655 17.6347 53.8311 19.0967 19.4883 51.9442 21.1341 29.1609 29.4713 32.3182 32.0364 48.5652 20.3164 29.2430 30.6724 51.2531 26.5422 24.4745 31.4179 37.7790
70 9.8322 61.6279 65.9065 51.5518 54.2397 63.9242 34.5879 76.5446 80.3027 106.1080 98.9296 67.5339 90.2952 98.9349 38.2468 77.3379 64.6327 44.5364 54.7142 59.0692 81.3717 105.5100 109.2087 45.4917 80.6463 83.1501 82.8514 85.9602 86.5129 89.0136 79.9854 84.0425 95.8155 86.5882 100.6403 88.2329 103.0298 77.1059 79.8267 81.5799 88.4755 84.4158 87.5683 82.2368 90.6863 84.6642 90.1560 75.7429 96.7623 83.8792 92.9950 108.4501 101.6153 120.4302 96.1061 94.2413 89.9122 91.5469 90.5922 81.0203 112.1874 119.4877 4.8926 40.5859 19.0313 34.2007 35.8885 49.1140 83.2775 80.4914 0.0000 14.9678 7.0507 52.4563 46.1178 43.4415 57.7123 33.3833 50.5928 55.5915 46.9975 39.0068 47.2893 17.9663 27.7304 53.7323 23.6060 24.1780 22.7497 45.5280 33.0895 38.1748 45.8889 19.3758 38.4387 28.6300 32.9708 49.5357 57.5870 37.6969 69.0283 59.0284 50.9420 42.9010 50.6599 45.9809 56.0013 53.4302 80.4765 58.1180 63.4804 40.3496 56.1511 50.9371 45.3010 86.0991 95.7361 35.4702 101.6780 23.6717 78.0316 59.4520 74.9692 47.4028 68.8473 81.3971 54.0970 67.5339 74.2392 77.9461 61.3741 56.5614 64.6643 70.2749 61.2133 58.5887 54.9959 68.3149 69.1858 76.7980 65.9327 66.1723 74.9046 57.5890 59.3931 66.6178 55.2036 65.0868 69.3343 77.7706 62.2991 68.8014 61.6552 57.8619 56.2199 68.2043
71 20.6694 46.7306 52.7593 37.0282 39.3122 49.8494 21.0840 67.9444 69.0687 95.2862 89.7358 57.3441 80.8164 87.1608 41.2597 71.6304 54.3583 35.6186 41.0460 52.4560 72.3850 91.7443 96.1762 40.1932 92.4088 94.3875 94.1190 98.0853 98.6210 101.0513 92.5177 90.8709 104.3521 99.2905 109.8340 94.5284 114.1295 82.7755 92.0472 87.8818 100.3372 96.8052 94.5848 90.6242 99.3706 92.3258 100.8219 83.5035 107.1481 95.6116 103.8818 119.0445 114.0334 131.0548 108.8682 100.9683 102.3930 98.3304 98.0469 92.6649 125.7188 130.4936 17.8243 47.6195 25.7241 42.2179 42.1605 55.4008 94.5023 94.4892 14.9678 0.0000 21.5326 66.3114 58.1011 55.3346 71.2045 45.8084 63.6735 69.1107 59.8499 52.1783 60.7177 32.7998 40.6659 67.2541 37.2661 31.1358 33.5575 30.7831 19.2398 24.5930 34.7822 9.0890 26.2693 13.8518 22.4729 58.2785 63.9515 49.7297 75.6547 65.4173 58.5862 53.1777 62.3128 57.0105 64.8709 64.7866 83.9574 66.1898 71.3945 51.0336 63.5683 43.8224 40.1646 89.1598 95.5308 37.9947 100.4082 26.0821 83.2999 53.6897 77.4754 52.8048 64.6014 80.9393 55.2171 57.3441 85.5928 89.3502 70.9383 69.6119 77.6369 77.7657 74.2248 70.9844 67.6823 81.3466 76.9646 89.3100 78.9371 74.2677 87.2380 70.0212 71.5556 77.8374 67.4260 73.7881 81.9688 89.1843 74.0084 77.0268 74.0518 71.1777 68.4205 78.5868
72 12.5557 68.2557 72.9568 57.2935 60.4785 70.9066 39.8554 83.0201 87.2158 112.9346 105.4683 74.3253 96.9084 105.8954 41.7291 77.8752 67.6466 47.2917 59.7865 60.3436 83.5170 110.4094 113.5591 46.5164 78.1911 81.0718 80.7531 83.1805 83.7430 86.2839 76.9105 84.7278 95.4233 83.3250 99.8138 89.1659 100.9229 78.4801 77.0129 82.5740 85.8872 81.4306 88.1170 82.0486 90.2440 84.8773 88.4335 75.9936 95.1875 81.4226 91.0981 106.6677 98.5135 118.5740 92.7418 94.8924 86.8175 92.1890 90.8701 78.6530 108.0676 117.3725 8.4008 42.0125 22.2710 35.3470 37.9367 50.6677 81.2074 75.9961 7.0507 21.5326 0.0000 48.3330 43.9588 41.4289 53.9331 31.2330 47.3312 51.8079 44.0257 35.8975 43.7222 11.3288 25.3375 49.9687 16.5912 20.5193 16.9922 52.2871 38.5777 45.1899 52.8557 26.4255 45.4833 35.3530 39.9439 49.6550 58.8983 35.7422 70.0022 60.2978 51.6909 42.1783 48.6764 44.6030 55.8903 51.6286 82.8771 58.4542 63.8132 39.4110 56.9099 57.2566 51.2455 88.6361 99.5661 39.2727 105.8761 28.2540 79.5992 65.3760 77.8675 49.4632 74.2702 85.4332 57.8924 74.3253 72.1533 75.7875 60.7147 53.2424 61.3266 70.7502 57.8756 55.8440 52.0425 64.8874 69.5104 73.7641 62.5528 66.3552 72.0368 54.8263 56.8375 64.7172 52.6596 64.9192 66.2578 75.6063 60.0756 68.8683 58.8694 54.2635 53.6787 66.8896
73 45.8455 110.2258 107.2445 103.3053 104.8124 108.5067 86.9442 103.1603 114.2169 136.1728 124.2752 100.1803 117.5621 132.8497 49.6029 123.2676 115.8953 95.5158 107.0873 107.2440 131.1300 157.8941 161.6359 93.4395 33.6451 37.9788 37.5962 37.0768 37.6483 40.2177 30.1201 57.2696 59.7285 35.8461 61.3134 62.5613 56.4894 56.9948 31.1066 57.5936 40.3291 34.7381 59.1752 49.4616 54.8686 54.3287 46.3794 47.5081 53.3173 36.6290 48.0404 63.2724 51.1404 74.4844 44.9339 65.5927 39.6655 63.2149 59.7789 34.4539 59.7770 72.4006 48.6063 37.8304 45.0935 35.7479 40.5851 41.2038 38.1405 28.1890 52.4563 66.3114 48.3330 0.0000 15.8023 17.3598 6.2700 22.1083 7.2714 4.4846 10.2952 14.8772 6.6550 39.2516 26.0029 3.4665 43.8094 62.2645 53.7247 93.9054 85.3255 83.9837 85.0077 66.1420 81.3708 78.3147 74.4837 31.5303 43.4906 20.1047 48.0589 43.9795 36.3607 25.1494 16.9101 20.9157 32.3094 18.8528 67.6255 36.6136 39.6223 24.2037 38.7128 79.7556 71.7330 73.2384 92.2101 50.5173 100.6935 50.9755 59.1909 82.2088 67.3574 43.9598 84.6505 81.9906 59.9469 100.1803 30.0930 32.8614 30.9927 8.3847 14.6289 45.1745 11.6504 13.8433 10.4519 17.5836 43.2883 27.2589 15.5731 40.2045 26.2660 13.1460 15.7219 25.2753 13.7423 36.8936 20.1412 32.6731 19.9759 41.1025 15.5528 7.3879 14.1783 30.5730
74 37.5959 99.0354 93.8757 94.2962 94.7870 95.9300 79.1820 87.7843 99.4547 120.8132 108.6636 85.4666 102.1077 117.8985 34.5074 121.6508 110.7497 90.6196 99.0849 104.3022 127.2889 149.5616 154.2756 90.4728 34.5363 37.1367 36.8246 40.0113 40.5528 43.0125 34.4782 46.6757 53.3403 41.3286 56.7682 51.8303 57.0107 44.2627 33.9491 46.0530 42.3963 38.7112 49.2870 40.9708 48.1640 44.9928 44.5075 36.8860 51.3166 37.7672 47.1393 62.7144 55.9345 74.6154 50.9105 56.0765 44.3128 53.4817 50.9035 34.9025 68.7458 73.4712 41.5379 22.2823 33.9204 21.2658 25.6608 25.4554 37.2698 40.1016 46.1178 58.1011 43.9588 15.8023 0.0000 2.7784 16.6902 12.7798 8.8751 15.2271 5.6223 9.6704 9.9113 37.9473 18.6307 13.9214 45.1654 61.6474 54.0860 82.9954 77.3270 72.4905 71.7805 56.0444 69.1765 68.5564 62.3039 16.1004 28.5141 8.4379 34.9875 29.2041 20.9019 9.4486 4.8023 5.1749 18.3819 7.9365 53.7159 22.6012 26.6841 9.1289 23.9424 65.0548 57.0380 59.5293 77.4794 35.8134 85.7892 38.4485 46.2402 66.8338 52.5758 28.1575 68.8915 66.6505 44.1485 85.4666 28.2133 31.8805 19.6698 13.2884 20.4256 33.1862 17.3116 13.0058 10.3668 24.1216 31.4268 31.2719 21.7444 28.0774 29.1438 12.1002 13.4554 20.7737 9.3590 25.3060 24.0770 31.7019 16.1900 29.7417 16.0358 15.7646 10.3365 23.5590
75 34.8494 96.3187 91.3710 91.5182 92.0230 93.3232 76.4168 85.8598 97.2654 118.8835 106.9158 83.2565 100.2350 115.7803 32.4036 119.2011 108.0663 87.9615 96.3117 101.7609 124.6714 146.7834 151.5073 87.9436 37.2436 39.7449 39.4388 42.7650 43.3047 45.7570 37.2563 47.9043 55.2963 44.1066 58.9467 52.9920 59.6267 44.9219 36.7128 47.0498 45.1203 41.4840 50.6548 42.6778 50.1047 46.5059 47.0046 38.1976 53.7726 40.4713 49.6959 65.2464 58.7049 77.1720 53.6887 57.4813 47.0880 54.8561 52.4640 37.5899 71.4821 76.0887 38.8341 20.4707 31.1596 18.8828 23.4591 24.4578 39.8755 42.5957 43.4415 55.3346 41.4289 17.3598 2.7784 0.0000 18.9583 10.1973 10.8934 17.3484 7.0964 8.3243 10.9981 35.7724 16.0942 15.8924 43.2475 59.3964 51.9800 80.2591 74.5577 69.7807 69.2415 53.2723 66.5171 65.7823 59.6378 15.7349 28.3159 5.7467 35.6165 29.1273 20.4001 7.9247 7.2554 4.9738 18.9795 10.2262 53.8885 23.0429 27.4810 6.9027 23.9449 62.8294 54.8043 59.7583 77.2009 33.5534 85.4022 35.7822 46.8126 64.9040 52.3362 26.8711 67.3477 66.0058 42.7624 83.2565 30.8236 34.5139 21.1400 15.7967 23.1256 34.1857 19.9577 15.7798 13.0232 26.8338 32.4876 34.0500 24.4465 29.1142 31.9170 14.8673 16.2268 23.2967 12.1374 26.5533 26.8498 34.3371 18.8609 30.9666 18.8134 18.1599 13.1140 25.7473
76 50.5867 114.2682 110.2202 108.0833 109.2740 111.9224 92.0233 104.3528 116.1445 137.3751 125.0103 102.1537 118.6174 134.5804 51.1948 129.3946 121.5724 101.2044 112.1475 113.2257 137.0216 162.9248 166.9123 99.4005 27.4360 31.8749 31.4890 30.8109 31.3827 33.9535 23.8795 53.0427 54.2705 29.7371 55.5018 58.3231 50.2297 53.7082 24.8374 53.7395 34.0595 28.4999 54.6740 44.6572 49.5270 49.7083 40.3127 43.4514 47.2231 30.3899 41.8742 57.0429 45.0371 68.2214 38.9514 60.9033 33.4968 58.6183 54.9502 28.2691 54.5344 66.1311 53.6684 38.8654 48.9060 37.8410 42.3429 40.9435 32.0379 23.9254 57.7123 71.2045 53.9331 6.2700 16.6902 18.9583 0.0000 25.9468 8.1757 2.1265 12.2454 19.0731 10.4867 45.2125 30.5699 3.9808 50.0208 68.3979 59.9066 98.0303 90.3406 87.8558 88.0417 70.4737 84.9296 82.8032 78.0322 30.8567 41.9835 23.0583 45.1016 42.2727 35.5834 26.0193 15.9568 21.2484 30.3433 16.8954 64.9190 34.5265 36.8042 25.7777 37.1275 81.7377 73.7179 70.3512 90.0085 52.4800 98.6328 54.2683 55.9916 83.4189 65.3512 44.0827 84.9694 80.5395 60.0632 102.1537 24.2583 26.8381 27.7919 4.2808 8.3715 41.7380 5.6007 9.4621 7.6436 11.3567 39.8408 20.9941 9.3041 36.9660 20.0090 9.1290 11.3089 20.2234 10.9291 33.5264 13.8913 26.6516 15.2480 37.4980 10.2525 1.6996 10.9228 25.8911
77 25.1602 88.3438 85.2299 82.4112 83.3762 86.3984 66.8370 83.1321 93.0575 115.9379 104.9080 79.0226 97.6648 111.8733 29.8784 109.0324 98.0119 77.8545 86.8542 91.5636 114.5092 137.5002 141.9320 77.7467 47.2698 49.9125 49.6020 52.6031 53.1527 55.6433 46.7805 56.3005 64.9794 53.5049 68.9152 61.1996 69.7891 52.0434 46.4871 54.9461 55.0923 51.1421 59.3167 52.0195 59.7792 55.4802 57.2009 46.8648 63.9595 50.5037 59.8883 75.4433 68.3701 87.3652 63.0752 66.1754 56.6885 63.5032 61.4911 47.6602 80.1264 86.2501 28.8714 20.6372 23.0362 15.9077 21.0782 27.5151 50.0448 49.8064 33.3833 45.8084 31.2330 22.1083 12.7798 10.1973 25.9468 0.0000 18.0361 23.9511 14.0926 7.2586 15.7010 26.0882 5.9087 22.1552 34.1219 49.4813 42.3556 72.0880 65.0443 61.9852 62.9901 44.5549 59.2694 56.9393 52.3796 21.6954 33.6457 4.5436 42.8463 34.7586 25.4384 12.8208 17.4500 13.7351 26.7895 20.4004 59.5594 30.2877 35.3164 9.8911 30.0767 58.7167 50.7702 65.5131 81.1964 30.0169 88.9640 28.9152 53.6851 62.3756 56.7822 28.6357 66.6224 68.8704 43.2688 79.0226 40.9890 44.6603 30.3742 23.8936 31.8533 42.2818 28.4641 25.2791 21.8755 35.5736 40.7446 43.5777 33.1605 37.3976 41.5965 24.2945 26.0178 33.4927 21.8326 35.2951 36.1853 44.4818 28.9658 39.5761 28.3522 25.6757 22.8466 35.7916
78 43.0064 106.2274 102.0476 100.4095 101.4076 103.7592 84.6166 96.6419 108.1586 129.6707 117.5369 94.1498 110.9766 126.6630 43.2747 123.9332 114.9028 94.5868 104.6978 107.2624 130.7819 155.4147 159.6422 93.4037 31.4796 35.1290 34.7691 35.9825 36.5510 39.1154 29.5811 51.0052 54.9167 36.0370 57.2268 56.2813 54.5274 50.1387 29.8172 51.0540 38.8748 34.1170 53.1410 43.8114 49.8986 48.4409 43.2340 41.1703 50.2060 34.6554 45.3414 60.8836 51.1850 72.4783 45.5235 59.7128 39.4866 57.2522 54.0808 32.1034 62.1098 70.8107 46.3563 31.1501 40.8540 29.7490 34.3499 34.0505 35.2817 32.0650 50.5928 63.6735 47.3312 7.2714 8.8751 10.8934 8.1757 18.0361 0.0000 6.4591 4.0784 11.5875 4.1781 39.5062 23.0337 5.0475 45.3673 63.1358 54.9602 90.0250 82.8773 79.7778 79.8664 62.5822 76.7887 74.9754 69.8923 24.2851 36.2237 14.9121 41.0922 36.7256 29.1123 18.3237 9.6602 13.8334 25.1183 11.8125 60.5277 29.4305 32.6411 17.7796 31.4541 73.7223 65.6968 66.1890 84.9857 44.4450 93.4489 46.1078 52.2885 75.6886 60.1179 36.9170 77.7233 74.7197 52.9279 94.1498 26.5616 29.8164 24.2703 5.9698 14.0719 38.4476 10.6206 9.3151 5.2015 17.7310 36.5799 26.4455 15.3414 33.4069 24.8232 8.3393 10.8842 20.4577 7.5981 30.1932 18.9381 29.6266 15.0513 34.5038 12.0248 7.6677 8.3543 25.0797
79 48.5033 112.2919 108.4438 106.0048 107.2345 110.0575 89.9157 103.0035 114.6098 136.0318 123.7925 100.6038 117.3094 133.0989 49.7056 127.3438 119.4483 99.0810 110.0424 111.1336 134.9142 160.8237 164.7937 97.3049 29.1826 33.4943 33.1118 32.7517 33.3243 35.8993 25.8768 53.5524 55.4190 31.8137 56.8807 58.8423 52.0702 53.8106 26.7317 54.0824 35.9545 30.4971 55.3142 45.4395 50.6047 50.4026 41.8957 43.8727 48.8327 32.1862 43.5615 58.8171 47.1112 70.0711 41.0562 61.6392 35.5462 59.3073 55.7527 29.9815 56.6417 68.0419 51.5581 37.4967 46.9469 36.2077 40.7984 39.9499 33.6560 25.8645 55.5915 69.1107 51.8079 4.4846 15.2271 17.3484 2.1265 23.9511 6.4591 0.0000 10.4576 17.0113 8.3994 43.1225 28.4923 1.8607 48.0261 66.3537 57.8889 96.0386 88.2380 85.9032 86.2473 68.4457 83.0316 80.7568 76.1339 29.9589 41.3978 21.1965 45.0592 41.7572 34.7367 24.6452 15.0254 19.9871 29.8839 16.3326 64.8026 34.1268 36.6894 24.2239 36.5563 80.1775 72.1526 70.3090 89.7197 50.9017 98.2968 52.4053 56.0610 82.0559 64.9753 42.9814 83.8554 79.9811 58.9886 100.6038 25.6439 28.3800 27.8030 4.3114 10.2374 41.8857 7.1704 9.8693 7.1887 13.3873 39.9897 22.9457 11.2555 37.0214 21.8522 9.3304 11.7644 21.0967 10.5988 33.6267 15.7229 28.1918 15.9153 37.7091 11.2274 2.9084 10.7911 26.5805
80 39.1823 102.1740 97.9944 96.5036 97.4197 99.6819 80.8389 92.9552 104.2743 125.9780 113.9979 90.2543 107.3313 122.8258 39.4733 121.0781 111.4616 91.1855 100.8916 104.1735 127.5400 151.5711 155.9048 90.3133 34.2904 37.5798 37.2354 39.1551 39.7174 42.2587 32.9974 50.7814 56.0019 39.5998 58.7990 56.0108 57.2360 49.0899 32.9886 50.4841 41.8911 37.4626 53.1610 44.2796 50.8961 48.6422 45.4504 40.9301 52.3881 37.5071 47.7674 63.3701 54.6309 75.0993 49.1389 59.8576 42.9248 57.3250 54.4310 34.8259 66.0389 73.6154 42.6680 27.5519 36.8033 25.8076 30.4993 31.0700 37.7261 36.1433 46.9975 59.8499 44.0257 10.2952 5.6223 7.0964 12.2454 14.0926 4.0784 10.4576 0.0000 8.1326 4.3356 36.7496 19.3094 8.8824 43.1491 60.4902 52.5187 85.9846 79.0738 75.7141 75.8059 58.5916 72.7110 71.0086 65.8147 21.6803 34.0006 10.8356 39.8873 34.6348 26.4957 14.8575 8.2484 10.7969 23.4621 11.1301 58.9407 27.7514 31.4788 13.9875 29.3556 69.8228 61.7956 64.7034 82.9481 40.5438 91.3009 42.0299 51.1467 71.9995 58.0423 33.7162 74.3581 72.2435 49.6819 90.2543 28.7974 32.2462 23.7253 9.8026 17.7874 37.6924 14.3793 11.8651 8.0257 21.4978 35.8716 29.8192 19.0874 32.5864 28.0179 10.8428 13.0527 22.0481 9.0480 29.5756 22.3398 32.0589 16.8216 33.9838 14.8559 11.7252 10.0225 25.9736
81 31.5331 95.4234 92.4851 89.0158 90.2311 93.6393 73.0733 89.8107 100.0974 122.7077 111.3948 86.0554 104.3156 118.8663 36.2848 113.0138 103.3779 83.0853 93.1727 96.0488 119.4092 143.9199 148.0714 82.1892 42.3996 45.5788 45.2413 47.2834 47.8463 50.3895 41.0671 56.1781 62.9457 47.5986 66.1821 61.2868 65.3032 53.2144 41.1155 55.3709 50.0219 45.5583 58.8711 50.6412 57.7801 54.6336 53.3210 46.4354 60.2240 45.6210 55.7369 71.3481 62.6963 83.1263 57.1024 65.6797 50.9903 63.0702 60.5580 42.9161 73.5423 81.7037 34.7792 25.7937 30.2184 22.1800 27.2918 31.3717 45.7223 42.7697 39.0068 52.1783 35.8975 14.8772 9.6704 8.3243 19.0731 7.2586 11.5875 17.0113 8.1326 0.0000 8.6302 28.7980 11.5137 15.1737 35.6288 52.5604 44.7534 79.1299 71.3546 69.1299 70.2449 51.4608 66.4953 63.7485 59.6097 23.6044 36.1604 6.5480 43.9082 37.0685 28.0488 14.9516 14.3056 13.2593 27.2870 17.4825 61.9373 31.3026 35.8032 12.6686 31.9811 65.6967 57.7150 67.8381 84.7824 36.7328 92.8349 36.1730 55.0789 68.9570 60.0187 33.2072 72.5883 73.1169 48.6085 86.0554 36.7353 40.2508 29.2787 17.5572 25.6577 42.5043 22.2078 19.9857 16.1451 29.3166 40.7971 37.9020 26.9289 37.4259 36.1400 18.9643 21.0955 29.7049 16.9837 34.8082 30.4053 40.0650 24.6614 39.2334 22.9877 18.9998 17.9893 33.0408
82 40.1043 104.0179 100.6664 97.6054 98.8606 102.0391 81.5459 96.5960 107.5662 129.5974 117.8036 93.5286 111.0192 126.2092 43.0083 119.9771 111.3590 91.0130 101.6664 103.4379 127.0575 152.4399 156.4665 89.5855 35.5436 39.2738 38.9116 39.8769 40.4477 43.0204 33.3238 54.5898 58.9910 39.6180 61.3845 59.8457 58.6002 53.2316 33.7278 54.4502 42.8458 37.9007 56.8451 47.6927 53.9493 52.2211 47.4027 44.7368 54.3759 38.7004 49.4841 65.0091 54.8498 76.5684 49.0198 63.4768 43.1805 60.9831 57.9258 36.1929 65.0158 74.8432 43.1981 31.4002 38.7371 29.1089 33.9788 35.2940 39.4273 34.1486 47.2893 60.7177 43.7222 6.6550 9.9113 10.9981 10.4867 15.7010 4.1781 8.3994 4.3356 8.6302 0.0000 35.5582 20.0932 6.5511 41.2395 59.1142 50.8782 87.7380 79.8571 77.6837 78.4355 60.0897 74.9420 72.3764 68.0480 26.0015 38.3362 13.4560 44.0684 38.9666 30.8105 18.9075 12.3528 15.0778 27.7296 15.0087 63.2213 32.0298 35.6373 17.7156 33.6862 73.1055 65.0840 68.9662 87.2817 43.8767 95.6365 44.4438 55.3180 75.6515 62.3762 37.8407 78.3336 76.5599 53.7572 93.5286 30.7348 33.9685 27.6368 9.6270 17.6321 41.7202 14.1966 13.4897 9.3772 21.1653 39.8785 30.2351 18.8395 36.6313 28.7381 12.5170 15.0574 24.5941 11.6172 33.5343 22.7511 33.7785 19.1995 37.9095 16.1493 10.5793 12.4398 29.0719
83 18.7915 79.5288 83.3983 68.5224 71.8055 81.7837 50.9532 91.0753 96.6194 121.9387 113.5926 83.3356 105.2760 115.4709 44.8913 84.4281 77.0053 56.6542 70.7197 68.0136 91.8876 121.1410 123.8849 54.1943 70.9471 74.3277 73.9844 75.4351 76.0059 78.5782 68.8273 82.1159 91.0055 74.9328 94.7007 86.8884 93.9562 77.0712 69.2841 80.4864 78.3783 73.4237 85.2428 78.1076 85.8070 81.5195 82.1189 72.8330 89.0204 74.1405 84.5076 100.1148 90.2253 111.8454 84.1517 92.0976 78.6187 89.4114 87.5361 71.5274 98.4968 110.2931 17.0964 41.8421 26.7980 35.1962 39.0228 50.2793 74.4735 66.1401 17.9663 32.7998 11.3288 39.2516 37.9473 35.7724 45.2125 26.0882 39.5062 43.1225 36.7496 28.7980 35.5582 0.0000 20.5076 41.3506 9.1996 23.7624 16.2675 63.4841 49.7617 55.9833 62.6352 36.9516 55.7972 46.5684 49.8486 47.0014 57.8289 30.5354 68.1071 59.1194 49.9628 38.5452 42.7466 39.7955 52.6391 45.8767 83.0918 55.8322 61.0380 35.5997 55.0119 65.1514 58.4289 89.0007 102.0642 43.0843 108.9935 34.0272 78.4865 72.2984 79.0027 49.9475 80.0525 88.4549 60.9855 83.3356 65.5167 68.9946 56.4608 45.1807 53.0860 68.0435 49.6938 48.5542 44.5401 56.4713 66.5909 65.7708 54.2349 63.2814 64.2926 47.5343 49.8022 58.4809 45.7482 61.3276 58.3032 68.8075 53.4573 65.5563 51.4538 45.7864 46.7436 61.4876
84 20.0206 84.2791 82.4549 77.5137 78.8299 83.0824 61.5832 82.5593 91.5063 115.0763 104.6539 77.5365 97.1053 110.4335 30.4109 103.1237 92.3072 72.1013 81.6710 85.6769 108.6862 132.4090 136.6166 71.8538 53.0250 55.7637 55.4494 58.2432 58.7977 61.3072 52.2657 61.6258 70.7647 58.9062 74.7871 66.4337 75.6317 56.8751 52.1028 60.0784 60.8076 56.6863 64.7363 57.7036 65.5653 61.0273 63.0977 52.3262 69.8643 56.2599 65.7659 81.3308 73.8911 93.2429 68.4483 71.5918 62.1906 68.9068 67.0456 53.4425 85.0559 92.0897 23.3586 23.3137 19.6585 17.4124 22.3119 31.0914 55.8975 54.1294 27.7304 40.6659 25.3375 26.0029 18.6307 16.0942 30.5699 5.9087 23.0337 28.4923 19.3094 11.5137 20.0932 20.5076 0.0000 26.6435 28.9030 43.6798 36.7422 67.9364 59.8512 58.1688 60.2842 40.1403 55.8809 52.3339 49.0488 26.6131 37.9768 10.4457 47.7935 39.1873 29.8955 18.0406 23.3390 19.5467 32.1341 26.3068 63.7026 35.3948 40.5594 15.0928 34.7969 57.4975 49.7184 69.6547 84.3902 29.8962 91.8962 26.3938 58.4011 62.1091 60.3767 31.5721 67.3794 71.5675 45.0823 77.5365 46.8411 50.4960 36.0887 28.9922 37.0627 47.5601 33.6278 30.8627 27.2795 40.7505 46.0908 49.0745 38.3499 42.7761 47.1752 29.8609 31.7085 39.3799 27.5164 40.8383 41.6232 50.3163 34.7878 45.0513 33.9271 30.5120 28.5353 41.6889
85 46.6510 110.4989 106.7919 104.1540 105.4034 108.3408 88.0555 101.6868 113.1431 134.7154 122.5793 99.1269 116.0239 131.6723 48.2936 125.6199 117.6121 97.2470 108.1826 109.3546 133.1114 158.9647 162.9337 95.5212 30.6302 34.8194 34.4406 34.3782 34.9512 37.5287 27.5647 53.8587 56.2921 33.5834 57.9617 59.1509 53.5875 53.7587 28.3193 54.2410 37.5339 32.1816 55.7336 45.9981 51.4190 50.8760 43.1769 44.1159 50.1324 33.6755 44.9378 60.2672 48.8748 71.5919 42.8603 62.1373 37.2838 59.7659 56.3156 31.3967 58.5021 69.6249 49.6977 36.1975 45.1699 34.6885 39.3479 38.9678 34.9796 27.6512 53.7323 67.2541 49.9687 3.4665 13.9214 15.8924 3.9808 22.1552 5.0475 1.8607 8.8824 15.1737 6.5511 41.3506 26.6435 0.0000 46.3789 64.6416 56.2111 94.2362 86.3787 84.1269 84.5840 66.6221 81.2931 78.9222 74.3959 29.0842 40.7661 19.5081 44.8940 41.1858 33.8928 23.3697 14.2207 18.8333 29.3946 15.8483 64.5479 33.6751 36.4794 22.7920 35.9480 78.6962 70.6693 70.1145 89.2999 49.4163 97.8329 50.6964 55.9773 80.7328 64.4952 41.9021 82.7369 79.3340 57.9158 99.1269 26.7801 29.6455 27.7356 4.9458 11.8542 41.8930 8.6286 10.3768 7.0846 15.1246 40.0021 24.5925 12.9325 36.9595 23.4011 9.6875 12.2563 21.8159 10.4452 33.6143 17.2802 29.4562 16.5096 37.7817 12.1516 4.4708 10.8085 27.1098
86 27.0290 83.5045 89.4338 70.7685 74.9308 87.0697 52.8929 99.1123 103.7736 129.4140 121.6120 90.7865 113.1552 122.4782 54.0503 79.6398 75.2375 55.2351 71.8630 64.4551 88.7689 121.4225 123.2949 50.9357 76.7517 80.4943 80.1355 80.7571 81.3300 83.9076 73.8974 90.4159 98.4999 79.6196 101.8032 95.2837 99.8043 85.7552 74.6853 88.9654 83.8860 78.5182 93.4355 85.8971 93.3178 89.5409 88.5342 80.9774 95.4919 79.8817 90.7071 106.2475 94.8911 117.7895 88.5377 100.2940 83.4712 97.6237 95.5398 77.4230 101.5208 115.9641 24.2983 50.9158 35.6658 44.3078 48.2083 59.2822 80.6464 69.0190 23.6060 37.2661 16.5912 43.8094 45.1654 43.2475 50.0208 34.1219 45.3673 48.0261 43.1491 35.6288 41.2395 9.1996 28.9030 46.3789 0.0000 18.8465 10.0295 67.9297 52.0498 61.5065 69.4434 42.9592 62.0334 51.0676 56.5339 55.5152 66.6711 38.3874 76.6955 67.9318 58.7019 46.8502 49.9010 47.6009 60.8995 53.0738 92.0982 64.2774 69.3948 43.8950 63.6729 73.2285 66.7942 98.0211 111.2608 52.1787 118.1903 42.7023 87.2400 80.7939 88.1311 59.0634 88.8969 97.6510 70.1689 90.7865 71.8518 75.1762 64.2775 50.6710 58.2319 76.3792 54.9657 54.6445 50.5441 61.3760 74.8611 70.9656 59.2812 71.5180 69.7397 53.6437 56.0680 65.1802 52.1881 69.3812 63.6394 74.9866 59.9668 73.6879 57.3852 50.8456 53.1450 68.6658
87 32.7894 72.7162 83.0366 57.3295 62.8379 78.9345 39.8241 98.7057 100.1548 126.3999 120.7196 88.4495 111.8489 118.0653 62.0071 61.0031 57.0755 37.6059 56.7426 45.6259 69.9823 104.6493 105.7238 32.2086 94.6126 98.0692 97.7236 98.9372 99.5095 102.0868 92.2049 104.6671 114.4439 98.1087 118.3398 109.2365 117.6482 98.7813 92.8115 102.6950 101.9565 96.8196 107.9562 101.3402 109.2442 104.4876 105.8810 95.6774 112.7823 97.7911 108.2566 123.8603 113.4048 135.5647 107.1466 114.7772 101.8945 112.0763 110.5040 95.2166 120.3664 133.9457 28.0416 62.4366 42.5326 55.7363 58.4535 71.0928 98.2158 87.8639 24.1780 31.1358 20.5193 62.2645 61.6474 59.3964 68.3979 49.4813 63.1358 66.3537 60.4902 52.5604 59.1142 23.7624 43.6798 64.6416 18.8465 0.0000 8.8796 58.6933 39.6457 55.0655 65.9171 39.4983 57.3514 43.1128 53.4605 69.4505 79.2278 54.0010 90.1532 80.6079 71.8233 61.4627 66.4498 63.2087 75.4577 69.5602 103.3942 78.3092 83.6279 58.5744 77.0150 73.7714 68.8322 109.1554 119.7459 59.3950 125.8141 47.8145 99.9663 82.9065 98.3566 69.9717 92.7681 105.4794 78.0577 88.4495 89.2722 92.7355 79.7583 68.6973 76.4716 90.6166 73.1300 72.2613 68.2210 79.7407 89.2836 89.2037 77.5738 86.0493 87.8313 71.2438 73.5410 82.2377 69.5026 84.3551 81.7865 92.5480 77.2186 88.4590 75.1289 69.1089 70.4953 85.1428
88 29.4450 78.0285 86.3067 63.8360 68.7246 83.0111 46.0113 99.2158 102.1882 128.2351 121.5403 89.8209 112.8358 120.5351 58.3370 69.6270 65.7614 46.0353 64.0538 54.5008 78.8619 112.7934 114.2010 41.0776 86.4217 90.0324 89.6796 90.5726 91.1455 93.7239 83.7649 98.2845 107.2504 89.5616 110.8530 103.0064 109.4778 92.9697 84.4746 96.5582 93.6547 88.3847 101.4499 94.3750 102.0533 97.7690 97.9691 89.0601 104.9045 89.5758 100.2399 115.8177 104.8448 127.4382 98.5236 108.3005 93.3886 105.6101 103.7868 87.0621 111.5299 125.7040 25.3617 57.1432 39.0299 50.4176 53.6993 65.7319 90.1820 79.0313 22.7497 33.5575 16.9922 53.7247 54.0860 51.9800 59.9066 42.3556 54.9602 57.8889 52.5187 44.7534 50.8782 16.2675 36.7422 56.2111 10.0295 8.8796 0.0000 63.1645 45.4933 58.1355 67.6926 40.8259 59.5929 46.7621 54.8715 63.1024 73.5665 46.7974 84.1120 74.8973 65.8630 54.7591 58.8732 56.0591 68.8477 62.0225 98.4148 71.9564 77.1998 51.8218 70.9783 73.6798 67.9905 104.2688 116.1417 56.0350 122.6330 45.2387 94.3001 82.1418 93.8651 65.0181 91.2340 102.1411 74.5568 89.8209 81.3080 84.7026 72.7280 60.3971 68.0626 84.2075 64.7601 64.1766 60.0998 71.2626 82.7829 80.8023 69.1358 79.4878 79.5110 63.1660 65.5306 74.4483 61.5642 77.5787 73.4321 84.5139 69.3246 81.7902 66.9830 60.6818 62.5411 77.6447
89 48.7065 16.3827 26.1165 17.8216 13.3603 20.3879 21.8961 52.5254 46.4982 72.1243 70.7646 39.2835 61.7974 62.0626 55.5913 75.5005 49.4596 40.4472 26.4281 57.4814 68.1600 69.6470 76.8930 51.0691 115.5241 116.4823 116.2776 121.7182 122.2087 124.4461 117.0527 105.1686 121.1184 123.9966 127.6243 107.6337 135.4135 95.5278 116.0145 101.4125 123.4172 120.9682 109.0122 107.7475 116.6181 108.0515 121.6588 99.9233 127.2650 118.5781 125.0358 139.2332 137.8960 151.0300 133.5090 114.5232 126.6058 112.1264 113.0969 115.5570 151.7405 151.2365 47.4487 66.4836 49.1904 63.2909 60.9336 72.0083 116.5704 121.8832 45.5280 30.7831 52.2871 93.9054 82.9954 80.2591 98.0303 72.0880 90.0250 96.0386 85.9846 79.1299 87.7380 63.4841 67.9364 94.2362 67.9297 58.6933 63.1645 0.0000 20.8091 11.1203 21.5444 27.9063 16.3942 16.9359 22.0875 78.3132 79.6341 75.2164 90.6649 80.9822 76.9055 75.9480 86.4683 80.5605 84.5058 88.3419 92.5953 84.4329 88.9405 74.5666 81.0029 37.8571 40.2512 96.5771 96.0159 52.5246 98.3482 44.9274 95.2862 47.9983 84.8944 68.4173 60.1171 82.2235 63.2367 39.2835 108.1994 111.9136 91.2423 95.7140 103.3654 94.1059 100.1192 95.9338 93.2398 107.0838 93.8584 113.8882 104.6874 91.8968 111.5450 95.0685 96.0934 100.5228 92.2338 92.4699 106.9703 111.7708 97.6867 94.6799 98.8899 97.6924 93.1503 99.8138
90 39.8928 33.1554 46.8577 18.7946 23.2601 40.9979 2.2459 70.4745 66.7051 92.6481 90.2540 57.8818 81.2008 82.8125 57.6003 59.1489 37.3226 22.1160 21.8205 40.0664 56.1470 72.5872 76.9506 31.2804 111.5721 113.4462 113.1850 117.2927 117.8263 120.2467 111.7555 108.1074 122.3859 118.5303 128.1467 111.4140 133.1222 99.4280 111.2671 104.8468 119.5085 116.0357 111.8914 108.6720 117.5019 110.0017 119.7156 101.3082 125.9371 114.7667 122.8333 137.8771 133.2615 149.8764 128.1078 118.0495 121.6272 115.4686 115.5663 111.8083 144.8729 149.4375 36.7196 65.6580 44.4486 60.7388 60.0529 72.9146 113.5579 113.4586 33.0895 19.2398 38.5777 85.3255 77.3270 74.5577 90.3406 65.0443 82.8773 88.2380 79.0738 71.3546 79.8571 49.7617 59.8512 86.3787 52.0498 39.6457 45.4933 20.8091 0.0000 22.7213 36.5280 23.3054 27.9124 13.0694 28.9299 76.7739 81.3183 68.9654 92.9644 82.7688 76.6512 72.1652 81.5029 76.1254 83.3391 83.9307 99.1122 84.3265 89.3993 70.1162 81.4535 50.6975 49.9461 103.8970 107.3106 54.2718 111.0170 43.3597 99.6934 61.3078 92.0432 69.9455 73.2780 92.8698 69.5194 57.8818 104.6921 108.4531 89.6012 88.8240 96.8611 95.4966 93.4438 90.2222 86.9193 100.5670 94.8444 108.5477 98.1591 92.3224 106.4682 89.2600 90.7824 96.9254 86.6585 92.1069 101.2086 108.2895 93.1866 95.1122 93.2889 90.3518 87.6514 97.4658
91 39.6875 26.5591 28.1712 27.4975 24.3410 25.8154 24.6042 47.8117 45.5841 71.8637 68.1006 35.4878 59.0392 63.0539 44.4710 81.3171 57.0846 44.6679 35.5213 62.4992 76.0794 80.7262 87.7779 53.9300 104.6319 105.4964 105.2970 110.8697 111.3539 113.5653 106.3353 94.1561 110.0223 113.2872 116.5099 96.7043 124.3533 84.5885 105.2206 90.4375 112.5055 110.1880 98.0000 96.6351 105.5081 96.9768 110.5900 88.8189 116.1655 107.6643 113.9787 128.1296 127.0447 139.9180 122.7689 103.5777 115.8196 101.1593 102.0587 104.6423 141.2072 140.1439 39.2247 55.4436 38.9571 52.4419 49.9227 60.8892 105.5823 111.7672 38.1748 24.5930 45.1899 83.9837 72.4905 69.7807 87.8558 61.9852 79.7778 85.9032 75.7141 69.1299 77.6837 55.9833 58.1688 84.1269 61.5065 55.0655 58.1355 11.1203 22.7213 0.0000 13.8369 19.1227 5.9292 12.2294 10.9674 67.2863 68.5235 64.8953 79.5900 69.8754 65.8091 65.1765 75.8170 69.8583 73.4401 77.5945 82.0409 73.3236 77.8206 63.9076 69.8851 28.9714 30.0692 86.2057 86.8786 41.4089 89.8264 34.1715 84.4046 39.5147 74.4415 57.2977 51.6608 72.7764 52.5032 35.4878 97.2739 100.9756 80.1930 85.3734 92.9062 82.9980 89.7097 85.3614 82.7963 96.6107 82.7419 103.1863 94.2269 80.7767 100.8100 84.5177 85.4512 89.6257 81.6558 81.3613 96.3598 100.8353 86.9133 83.5596 88.2844 87.4392 82.5540 88.7991
92 44.5159 32.1289 22.2403 39.3506 34.3048 24.6921 38.4366 34.2572 34.5013 60.5833 55.2616 22.6491 46.2564 53.0459 39.6884 95.0898 70.3415 58.5048 47.8737 76.3253 89.2446 89.1210 97.2528 67.6525 101.5137 101.6950 101.5406 107.9605 108.4033 110.4372 104.1671 86.4526 103.1568 111.0915 110.0429 88.4093 119.6851 76.4381 102.6722 82.4772 109.1878 107.6643 90.2676 90.2392 98.9721 89.8785 105.9082 82.2802 110.9579 104.3763 109.4173 122.7654 123.9935 134.2755 120.3456 95.3416 113.2149 93.0760 94.5272 101.3757 139.5782 134.9333 45.5567 52.0105 40.6734 50.6514 47.0051 55.7343 101.7621 111.8341 45.8889 34.7822 52.8557 85.0077 71.7805 69.2415 88.0417 62.9901 79.8664 86.2473 75.8059 70.2449 78.4355 62.6352 60.2842 84.5840 69.4434 65.9171 67.6926 21.5444 36.5280 13.8369 0.0000 26.8695 9.0057 25.0708 12.9185 63.6644 62.4108 65.0792 72.6551 63.6328 61.2798 63.4119 74.4022 68.3323 69.2444 75.6757 72.2599 68.3408 72.2553 62.7448 64.6311 16.3654 20.0179 75.8826 74.4795 37.2009 76.8600 34.0832 75.9236 26.4689 64.3992 51.8726 38.6109 60.7673 43.6959 22.6491 94.0118 97.5856 76.0853 85.0354 92.0116 76.6058 89.0509 84.1221 82.1212 95.6124 76.6431 101.1261 93.3091 75.1382 98.6141 83.3838 83.9040 86.6498 80.4558 76.2748 94.7981 97.4639 84.7013 77.8314 86.8565 87.3711 81.2598 84.9269
93 20.8269 44.2886 46.5431 38.4222 38.8281 44.9301 25.4856 59.2315 61.3699 87.4174 81.2291 49.1064 72.3826 79.8156 34.4023 79.5129 60.3244 42.8031 44.0438 60.2269 78.8710 93.7888 99.2063 48.5456 89.6173 91.1297 90.8885 95.5743 96.0896 98.4342 90.4547 84.8181 99.1302 97.3458 104.9793 88.1818 110.6094 76.2393 89.6811 81.5948 97.5645 94.5607 88.5965 85.4283 94.2754 86.7002 97.0571 78.0217 103.1263 92.7637 100.2633 115.1019 111.6939 127.0728 106.9182 94.7848 100.1952 92.1942 92.2611 89.7673 124.5946 126.8097 20.1029 42.4863 22.2022 37.9065 36.8514 49.6147 91.2331 94.2245 19.3758 9.0890 26.4255 66.1420 56.0444 53.2723 70.4737 44.5549 62.5822 68.4457 58.5916 51.4608 60.0897 36.9516 40.1403 66.6221 42.9592 39.4983 40.8259 27.9063 23.3054 19.1227 26.8695 0.0000 19.0759 12.5313 14.0733 53.8142 58.0132 47.9688 69.6640 59.4642 53.4559 49.8964 59.8661 54.1830 60.3339 62.0373 76.5061 61.1411 66.1628 48.1257 58.1976 34.7847 31.1093 81.5210 86.9509 31.0748 91.6164 20.0966 76.5776 44.6018 69.7339 46.6459 55.5441 72.3598 47.2775 49.1064 82.5216 86.2801 66.7399 68.3819 76.2042 72.2040 72.8815 69.0502 66.0952 79.9344 71.5738 87.2574 77.5233 69.0965 85.0294 68.1387 69.3895 74.7537 65.3874 68.9875 80.1214 86.1241 71.3939 71.8923 72.0708 70.2303 66.3434 74.8455
94 38.4542 30.5787 27.6116 33.3477 29.7538 27.2017 29.9136 43.2456 42.8069 69.0511 64.2141 31.5570 55.1909 60.9488 39.6696 86.8592 62.9479 50.0062 41.4387 67.9184 81.9543 85.9631 93.2846 58.8421 100.5828 101.2321 101.0464 106.8997 107.3712 109.5284 102.6047 88.8210 104.9050 109.5597 111.5008 91.2457 119.8532 79.1432 101.3598 85.0411 108.4058 106.3445 92.6637 91.6173 100.4678 91.7856 106.0674 83.7511 111.4983 103.5660 109.4967 123.4319 123.0520 135.1533 118.9788 98.1390 111.9584 95.7502 96.7729 100.5454 137.7134 135.5017 38.7453 51.1211 36.3150 48.6296 45.7193 56.0980 101.3124 108.8509 38.4387 26.2693 45.4833 81.3708 69.1765 66.5171 84.9296 59.2694 76.7887 83.0316 72.7110 66.4953 74.9420 55.7972 55.8809 81.2931 62.0334 57.3514 59.5929 16.3942 27.9124 5.9292 9.0057 19.0759 0.0000 16.0820 6.8977 62.9703 63.5112 61.8773 74.4061 64.8348 61.2161 61.4550 72.2644 66.2420 68.9750 73.8738 76.3004 68.6303 72.9806 60.3894 65.1045 23.1470 24.1784 80.3948 80.9597 36.7343 83.9701 30.7355 78.8924 33.7309 68.6563 52.4157 45.8510 66.8475 46.8597 31.5570 93.1637 96.8323 75.7765 82.2429 89.5930 77.9550 86.4737 81.9034 79.5335 93.2693 77.7734 99.4864 90.9086 75.9250 97.0590 81.0947 81.8850 85.5897 78.2000 76.6631 92.8176 96.6976 83.1228 78.6908 84.7683 84.4157 79.0678 84.4778
95 32.5736 33.0158 39.9244 25.9254 26.4978 36.2583 15.2897 59.3249 57.8130 84.0931 80.0946 47.4237 71.0449 75.2002 45.5054 72.0462 50.1761 34.8966 31.9476 52.8533 69.0953 81.2863 86.8867 43.0000 102.1331 103.5954 103.3582 108.1026 108.6172 110.9580 102.9807 96.1168 110.9314 109.8677 116.9549 99.2219 123.0162 87.1650 102.2123 92.7168 110.0792 107.0916 99.9300 97.2786 106.1551 98.2951 109.4215 89.7367 115.4166 105.2743 112.6576 127.4029 124.2246 139.3525 119.4421 105.9400 112.7258 103.3978 103.7298 102.2750 137.0393 139.1696 30.8066 54.5750 34.7335 50.2853 48.9185 61.3110 103.6971 106.4633 28.6300 13.8518 35.3530 78.3147 68.5564 65.7823 82.8032 56.9393 74.9754 80.7568 71.0086 63.7485 72.3764 46.5684 52.3339 78.9222 51.0676 43.1128 46.7621 16.9359 13.0694 12.2294 25.0708 12.5313 16.0820 0.0000 15.9460 66.0773 69.5434 60.4416 81.0824 70.9737 65.4702 62.3999 72.3967 66.7108 72.5490 74.5648 86.3486 73.1523 78.0638 60.6536 70.0675 38.0391 36.9066 91.0356 94.2504 42.2006 98.0355 32.1621 87.3173 48.6044 79.1753 58.1245 60.4601 79.8020 56.6785 47.4237 95.0163 98.7727 79.0405 80.8078 88.6685 83.8951 85.3301 81.5619 78.5705 92.3987 83.3669 99.7824 89.9861 81.0154 97.5590 80.6459 81.9147 87.2522 77.9043 81.0743 92.6320 98.6179 83.9231 83.8184 84.5873 82.6063 78.8630 87.2426
96 32.0404 37.1493 33.9185 37.8009 35.2492 34.0505 31.1117 45.4940 47.3832 73.3638 67.2823 35.0405 58.3903 65.9642 33.5039 87.9919 65.5387 50.8418 45.3484 68.7950 84.5457 91.6563 98.5494 58.6350 93.9214 94.6767 94.4834 100.2066 100.6833 102.8635 95.8281 83.3379 99.0911 102.7835 105.5532 85.9928 113.4466 73.8722 94.6248 79.6703 101.7687 99.6045 87.1809 85.6817 94.5580 86.0756 99.6750 77.8776 105.2170 96.9273 103.0765 117.1767 116.3709 128.9566 112.2234 92.8421 105.2256 90.3971 91.2047 93.9054 130.8826 129.2019 32.7527 44.5805 29.4495 41.8553 39.1069 49.9222 94.7601 101.9538 32.9708 22.4729 39.9439 74.4837 62.3039 59.6378 78.0322 52.3796 69.8923 76.1339 65.8147 59.6097 68.0480 49.8486 49.0488 74.3959 56.5339 53.4605 54.8715 22.0875 28.9299 10.9674 12.9185 14.0733 6.8977 15.9460 0.0000 56.4327 57.5743 54.9807 68.6918 58.9323 54.8676 54.6622 65.4341 59.4240 62.5349 67.0864 71.8331 62.3662 66.8532 53.5470 58.9190 22.3480 21.0409 76.2226 78.4291 30.4460 82.0985 23.8563 73.7648 32.8084 64.3893 46.3328 44.5560 64.0445 42.1460 35.0405 86.5282 90.2134 69.3060 75.3542 82.7247 72.0519 79.5954 75.0569 72.6570 86.4056 71.7824 92.7003 84.0413 69.8093 90.2873 74.2417 75.0607 78.9188 71.3521 70.4044 85.9906 90.0759 76.3597 72.5925 77.9339 77.5210 72.2259 77.9509
97 39.8159 93.5362 84.9735 91.9163 91.0380 88.3443 78.8492 74.6207 87.7329 107.4942 94.6093 74.0241 88.6065 105.6046 24.0304 126.8654 112.5642 93.1841 97.8576 108.5406 130.2038 147.1271 152.9621 95.0246 37.8493 38.2619 38.0778 44.3066 44.7442 46.7756 40.8925 35.2275 46.3546 47.7229 51.5716 39.9041 57.1393 30.3517 39.1543 33.4859 45.5533 44.1285 38.5126 32.7157 41.2729 35.2380 43.4347 26.3412 49.3395 40.7296 46.7578 61.3269 60.3323 73.2767 56.7976 45.3270 49.6229 42.6258 41.2203 37.7221 76.4107 73.1445 44.6433 11.8534 32.5597 16.0667 17.3860 10.1964 38.3421 51.8529 49.5357 58.2785 49.6550 31.5303 16.1004 15.7349 30.8567 21.6954 24.2851 29.9589 21.6803 23.6044 26.0015 47.0014 26.6131 29.0842 55.5152 69.4505 63.1024 78.3132 76.7739 67.2863 63.6644 53.8142 62.9703 66.0773 56.4327 0.0000 12.5898 18.0895 21.1935 13.4641 4.8316 8.9568 14.9362 10.9880 6.5932 14.3130 38.3484 8.8651 14.1816 11.8173 8.4533 54.0525 46.3091 44.2641 61.4800 26.4925 69.7272 33.9396 31.9968 53.9277 36.6038 13.7088 54.3298 50.5642 29.3977 74.0241 30.3507 33.9511 12.9847 26.7079 31.2303 21.1663 29.1712 23.3248 23.2781 34.3256 19.8621 37.9958 32.3653 16.7080 35.3968 22.9641 22.3817 23.0426 20.3113 15.6095 32.5069 33.8247 21.8584 19.2795 25.3230 29.4825 20.7131 21.5182
98 47.7674 93.8125 82.3203 94.7558 92.8175 86.8715 83.4967 67.4823 82.0779 99.7467 86.0492 68.9606 80.8252 99.0699 24.1904 134.5126 118.1237 99.5143 101.4589 115.7423 136.3324 149.2269 155.8809 102.5872 42.1775 40.9861 40.9172 48.7123 49.0429 50.6180 46.9959 26.9194 41.5524 53.3256 47.9962 30.7415 57.5936 19.5858 44.6222 24.0718 49.0559 49.3175 30.6455 28.1149 36.9847 28.7520 43.9335 20.3163 48.6182 44.5166 47.5097 60.3664 63.8518 71.8748 61.5558 37.0353 54.3620 34.3857 34.2481 41.7226 81.7878 72.5487 52.7731 17.0055 39.0718 23.5633 21.9626 8.5805 41.0181 60.7966 57.5870 63.9515 58.8983 43.4906 28.5141 28.3159 41.9835 33.6457 36.2237 41.3978 34.0006 36.1604 38.3362 57.8289 37.9768 40.7661 66.6711 79.2278 73.5665 79.6341 81.3183 68.5235 62.4108 58.0132 63.5112 69.5434 57.5743 12.5898 0.0000 30.4253 11.7036 1.4667 8.2217 21.3156 26.5900 23.4997 11.7838 25.0973 25.9332 8.1139 10.0836 23.9918 4.8584 50.1889 43.2150 31.8809 48.9654 27.4244 57.3024 38.0549 20.7525 47.7025 24.0634 11.4194 45.6627 38.5834 21.7575 68.9606 34.8868 37.8973 16.9180 37.7135 40.6887 14.4800 39.3092 33.4117 34.3518 43.2196 14.2785 44.5447 41.6364 12.8265 41.9066 33.3145 32.0422 29.1615 31.0732 14.6130 40.5915 37.8246 30.1398 15.4474 34.6915 40.4590 31.2130 25.1506
99 29.1779 91.3749 87.2938 86.0848 86.7805 88.8674 70.8021 83.5309 94.1734 116.4781 105.0032 80.1315 98.0112 112.8639 29.9338 113.5644 102.3245 82.2149 90.7449 96.0551 118.9295 141.2905 145.9042 82.2469 42.9713 45.4888 45.1836 48.4330 48.9766 51.4433 42.7919 52.1428 60.4848 49.5919 64.3765 57.1064 65.3710 48.2896 42.3536 50.9426 50.8342 47.0804 55.0829 47.5956 55.2850 51.1539 52.7046 42.6136 59.4454 46.2012 55.4237 70.9612 64.3118 82.8972 59.1754 61.9382 52.6635 59.2777 57.1551 43.3281 76.6344 81.8330 33.1017 19.2465 26.0264 15.8644 20.9032 25.0720 45.6189 46.9740 37.6969 49.7297 35.7422 20.1047 8.4379 5.7467 23.0583 4.5436 14.9121 21.1965 10.8356 6.5480 13.4560 30.5354 10.4457 19.5081 38.3874 54.0010 46.7974 75.2164 68.9654 64.8953 65.0792 47.9688 61.8773 60.4416 54.9807 18.0895 30.4253 0.0000 39.0279 31.4404 22.2170 9.1440 12.9908 9.2625 22.7025 15.8882 56.3420 26.3961 31.2758 6.4672 26.5422 59.7219 51.7097 62.2785 78.6717 30.5702 86.6260 31.2129 50.0208 62.6343 54.0217 26.7369 66.0670 66.7781 42.0637 80.1315 36.5683 40.2605 25.9465 20.4982 28.2360 38.1880 24.9302 21.2601 18.1290 31.9659 36.5985 39.5839 29.5556 33.2336 37.5151 20.3059 21.8503 29.0199 17.7009 30.9985 32.2827 40.0838 24.6026 35.3264 24.3245 22.5548 18.7004 31.2481
100 59.1964 104.4313 91.6717 106.1197 103.9270 96.7913 95.1496 73.7576 89.4198 104.9430 90.4887 76.9452 86.2192 105.4699 35.6024 146.1079 129.8176 111.2120 112.9563 127.3866 148.0360 160.3106 167.1745 114.1794 37.6775 35.1501 35.1864 43.8547 44.0702 45.1556 43.8496 15.2164 30.5393 49.3488 37.4054 19.2086 49.1737 9.3062 41.0125 12.5771 43.3769 45.1515 18.9480 17.7591 26.3402 17.3870 36.0892 9.8162 39.6837 39.3589 39.6748 50.9517 57.6041 62.0171 56.4620 25.3519 49.5280 22.6921 22.6481 36.9589 76.7566 63.1446 64.1820 28.4903 50.6877 34.8503 33.6198 20.2656 35.1380 60.0976 69.0283 75.6547 70.0022 48.0589 34.9875 35.6165 45.1016 42.8463 41.0922 45.0592 39.8873 43.9082 44.0684 68.1071 47.7935 44.8940 76.6955 90.1532 84.1120 90.6649 92.9644 79.5900 72.6551 69.6640 74.4061 81.0824 68.6918 21.1935 11.7036 39.0279 0.0000 10.2386 18.3309 30.0329 31.7167 30.6530 16.6472 29.2800 19.8736 12.6456 8.4513 32.9554 13.1469 59.3378 52.9625 25.2542 45.3970 38.8892 54.1841 49.7454 11.2624 55.2988 21.8280 23.0190 50.9630 38.1508 29.8538 76.9452 31.2746 33.4170 17.3137 40.9082 41.6234 5.0757 41.1953 35.7355 37.8955 43.3051 6.4225 42.0047 42.2772 8.3044 39.5226 35.9755 34.0053 27.8734 34.4862 11.8004 39.9598 33.4006 30.8467 8.9480 36.0342 43.4334 34.2756 22.3356
101 49.2062 95.0998 83.4182 96.1580 94.1794 88.0538 84.9486 68.1334 82.8904 100.2783 86.4700 69.8538 81.3694 99.7632 25.5884 135.9723 119.5850 100.9809 102.8833 117.2062 137.7977 150.5882 157.2742 104.0464 41.5170 40.1677 40.1105 48.0311 48.3491 49.8710 46.5127 25.4538 40.1716 52.7607 46.6661 29.2812 56.5176 18.1826 44.0755 22.6117 48.2798 48.7196 29.1825 26.7826 35.6391 27.3261 42.8994 18.9456 47.4722 43.7879 46.4843 59.1789 63.0369 70.6427 60.8743 35.5686 53.6975 32.9191 32.7991 41.0297 81.1394 71.3705 54.2101 18.4432 40.5321 24.9750 23.4263 10.0460 40.1948 60.6498 59.0284 65.4173 60.2978 43.9795 29.2041 29.1273 42.2727 34.7586 36.7256 41.7572 34.6348 37.0685 38.9666 59.1194 39.1873 41.1858 67.9318 80.6079 74.8973 80.9822 82.7688 69.8754 63.6328 59.4642 64.8348 70.9737 58.9323 13.4641 1.4667 31.4404 10.2386 0.0000 9.3263 22.3058 27.0697 24.2577 11.9454 25.4274 24.9066 7.9772 9.1549 25.0366 5.2833 51.2348 44.3453 30.8385 48.3187 28.8347 56.7287 39.5148 19.4038 48.5125 23.4178 12.8506 46.1377 38.2705 22.5469 69.8538 34.2954 37.2210 16.5828 37.9945 40.6872 13.1244 39.4246 33.5525 34.6624 43.1207 13.0129 44.1261 41.6014 11.7731 41.4965 33.4997 32.1259 28.8059 31.3455 13.8103 40.3911 37.1545 30.0443 14.3151 34.7112 40.7230 31.4384 24.5703
102 41.1214 91.7806 82.1952 91.1299 89.8367 85.9640 78.7759 70.5361 84.0597 103.3048 90.2243 70.4868 84.3901 101.7185 21.6609 128.2075 112.9428 93.8787 97.3890 109.6564 130.8507 146.1241 152.2834 96.2953 40.5810 40.4327 40.2876 47.1201 47.5244 49.4137 44.2496 33.1212 45.7856 50.9586 51.5242 37.4754 58.6437 27.1158 42.2873 30.8891 48.0652 47.2053 36.6262 32.0566 40.8567 33.8764 44.8542 24.9850 50.3600 43.3006 48.2997 62.3331 62.9335 74.1681 59.7997 43.3162 52.5832 40.6180 39.7309 40.3383 79.6749 74.3352 46.0678 10.9989 33.0801 16.7725 16.6055 6.0263 40.4965 56.1145 50.9420 58.5862 51.6909 36.3607 20.9019 20.4001 35.5834 25.4384 29.1123 34.7367 26.4957 28.0488 30.8105 49.9628 29.8955 33.8928 58.7019 71.8233 65.8630 76.9055 76.6512 65.8091 61.2798 53.4559 61.2161 65.4702 54.8676 4.8316 8.2217 22.2170 18.3309 9.3263 0.0000 13.1365 19.7124 15.7606 8.0195 18.8745 34.1549 7.6869 12.8085 15.7738 5.2257 50.7864 43.2238 40.1022 56.8154 24.4825 65.0030 33.3720 28.5394 50.0089 31.9866 9.8954 49.8615 45.7494 24.9833 70.4868 33.0629 36.5046 14.8317 31.4004 35.5569 19.3711 33.6697 27.7755 27.9733 38.5088 18.4182 41.4773 36.6455 15.6923 38.8444 27.4835 26.7022 26.1879 24.9196 15.6361 36.4354 36.3956 25.7349 18.4697 29.5835 34.1769 25.2565 23.7017
103 33.5151 91.7132 85.3370 88.3166 88.1861 87.8220 74.1430 78.3597 90.2283 111.3875 99.2168 76.2744 92.6676 108.5900 25.2601 119.9120 106.9762 87.2084 93.6781 101.9232 124.1753 143.6831 148.9441 88.2459 39.7467 41.2998 41.0464 45.8146 46.3156 48.6092 41.1711 43.5916 53.2450 48.1260 57.7788 48.4335 60.9641 39.2518 40.0667 42.1401 47.6881 45.0220 46.6979 39.9266 48.0663 43.0489 47.6625 34.3023 54.0837 42.8767 50.7041 65.9190 61.9846 77.9302 57.5928 53.5524 50.6584 50.8666 49.0682 39.8754 76.3040 77.3159 38.0626 12.8536 27.7933 12.8396 16.6330 16.6246 41.4086 48.9722 42.9010 53.1777 42.1783 25.1494 9.4486 7.9247 26.0193 12.8208 18.3237 24.6452 14.8575 14.9516 18.9075 38.5452 18.0406 23.3697 46.8502 61.4627 54.7591 75.9480 72.1652 65.1765 63.4119 49.8964 61.4550 62.3999 54.6622 8.9568 21.3156 9.1440 30.0329 22.3058 13.1365 0.0000 11.0116 4.9636 14.0940 12.4253 47.2116 17.4686 22.5450 2.9556 17.4046 55.9029 47.9109 53.1439 69.8323 26.8045 77.9097 31.0252 40.9360 57.4150 45.0730 18.9465 59.5012 58.3102 34.8521 76.2744 32.6289 36.3893 18.5545 22.3522 28.6939 29.5354 25.9140 20.7294 19.1326 32.2383 28.0510 38.0383 29.9730 24.7362 35.6375 20.0284 20.5056 24.8585 17.0968 22.8926 31.4269 36.2320 21.7410 27.0403 23.4467 24.9702 17.8656 25.4697
104 41.9435 102.3754 96.3472 98.2275 98.4745 98.7663 83.3941 88.7033 101.0018 121.6954 109.1496 87.0912 102.8823 119.2410 36.1080 126.4171 115.2696 95.1900 103.2083 109.0127 131.9202 153.5541 158.4456 95.1925 30.1199 32.5006 32.1975 35.8027 36.3319 38.7438 30.6233 42.5971 48.6402 37.5490 51.9801 47.8096 52.3833 40.8827 29.8342 42.2397 38.0324 34.6954 45.0568 36.4516 43.4755 40.6330 39.7605 32.7555 46.5474 33.3369 42.4405 57.9938 51.8564 69.9167 47.0954 51.7968 40.3291 49.2361 46.4894 30.4254 65.4496 68.8449 46.0215 23.4746 37.6679 23.7689 27.6262 24.9870 32.6301 38.0844 50.6599 62.3128 48.6764 16.9101 4.8023 7.2554 15.9568 17.4500 9.6602 15.0254 8.2484 14.3056 12.3528 42.7466 23.3390 14.2207 49.9010 66.4498 58.8732 86.4683 81.5029 75.8170 74.4022 59.8661 72.2644 72.3967 65.4341 14.9362 26.5900 12.9908 31.7167 27.0697 19.7124 11.0116 0.0000 6.0699 15.4935 3.1770 50.9644 19.8080 23.2846 11.9096 21.8030 66.7699 58.8038 56.6717 75.3271 37.7821 83.7896 41.6541 42.9652 67.8212 50.4577 28.1583 69.0351 65.1307 44.1167 87.0912 23.5828 27.2864 15.5171 11.8987 17.6906 29.4442 15.0087 9.7216 8.4989 21.2273 27.6238 27.4407 18.9645 24.3390 25.1672 9.0211 9.6345 16.0428 6.0922 21.3386 20.5571 27.1112 11.7069 25.7553 12.5062 14.6509 6.8582 18.7803
105 36.9155 96.4117 90.2831 92.5918 92.6688 92.7037 78.0587 83.1094 95.1385 116.1291 103.8066 81.1977 97.3695 113.4595 30.1848 122.4782 110.4190 90.4804 97.7517 104.7624 127.3524 147.9485 153.0167 91.0018 35.4831 37.4025 37.1265 41.3919 41.9066 44.2579 36.4924 43.1420 51.2444 43.4386 55.2667 48.1863 57.2173 39.9591 35.5336 42.1735 43.4305 40.4524 45.9809 38.3366 46.0442 41.9571 44.1823 33.5077 50.7873 38.6601 47.0748 62.4777 57.5249 74.4677 52.9505 52.8258 46.0933 50.1812 47.9469 35.6896 71.4755 73.6431 41.2296 17.6632 31.9902 17.7034 21.5966 20.2976 37.5208 44.0193 45.9809 57.0105 44.6030 20.9157 5.1749 4.9738 21.2484 13.7351 13.8334 19.9871 10.7969 13.2593 15.0778 39.7955 19.5467 18.8333 47.6009 63.2087 56.0591 80.5605 76.1254 69.8583 68.3323 54.1830 66.2420 66.7108 59.4240 10.9880 23.4997 9.2625 30.6530 24.2577 15.7606 4.9636 6.0699 0.0000 14.0282 7.8543 48.9534 18.0696 22.5605 6.0573 19.0396 60.8401 52.8550 54.8123 72.4479 31.7670 80.7139 35.6869 41.8413 62.1830 47.5565 23.0841 63.9039 61.4992 39.0945 81.1977 28.5827 32.3397 16.6902 17.4703 23.7350 29.3269 20.9543 15.7907 14.2046 27.2924 27.6610 33.3325 25.0171 24.2848 30.9881 15.0733 15.6461 20.8346 12.1414 21.8619 26.5798 32.1740 17.2152 26.2396 18.5561 20.1291 12.9278 22.3044
106 46.3214 99.5533 90.2135 98.3491 97.3257 93.9343 85.4204 78.0333 91.8718 110.6415 97.2667 78.3744 91.7089 109.3744 29.5761 133.3020 119.1565 99.7580 104.3709 115.0420 136.7786 153.5007 159.4344 101.4919 32.5712 32.4506 32.2982 39.1164 39.5162 41.3949 36.4277 29.5168 39.8269 43.0648 44.9795 34.4188 50.9137 25.9485 34.3688 28.2475 40.0470 39.2596 32.6045 26.2429 34.7232 29.0358 37.1531 20.2297 42.9045 35.2811 40.5417 54.8968 54.9141 66.8172 51.8227 39.4585 44.6016 36.7728 35.0490 32.3202 71.7658 66.7877 51.1118 18.0696 39.1529 22.6561 23.7029 13.9315 32.5178 49.2014 56.0013 64.8709 55.8903 32.3094 18.3819 18.9795 30.3433 26.7895 25.1183 29.8839 23.4621 27.2870 27.7296 52.6391 32.1341 29.3946 60.8995 75.4577 68.8477 84.5058 83.3391 73.4401 69.2444 60.3339 68.9750 72.5490 62.5349 6.5932 11.7838 22.7025 16.6472 11.9454 8.0195 14.0940 15.4935 14.0282 0.0000 13.5604 35.4939 4.3146 8.5804 17.0423 6.9694 58.7705 51.2369 41.2415 59.9126 32.2893 68.4394 40.3896 27.8766 57.6947 35.1041 17.8548 56.8317 50.2132 32.2279 78.3744 25.0572 28.4854 6.8418 26.0631 28.9430 15.4969 27.5265 21.6339 22.7526 31.5789 13.9647 33.7396 29.9193 10.6423 31.0955 21.5594 20.2604 18.3430 19.4142 9.0857 29.1491 28.3767 18.5394 13.0046 22.9362 28.7837 19.4934 15.6942
107 44.5579 104.1355 97.4832 100.4458 100.5014 100.1602 85.8507 88.7837 101.4903 121.7126 108.9149 87.6516 102.8466 119.5713 36.8449 129.4247 117.9909 97.9660 105.5805 111.9419 134.7538 155.8016 160.8412 98.1351 27.6485 29.7421 29.4522 33.5382 34.0524 36.4053 28.7462 39.6560 45.4632 35.7008 48.8322 44.8922 49.6098 38.3399 27.6990 39.4418 35.5928 32.6334 42.0383 33.3163 40.2990 37.5588 36.8197 29.8030 43.5596 30.8366 39.5765 55.0867 49.6766 67.0377 45.1759 48.7511 38.2737 46.2074 43.3894 27.8797 63.9351 66.0626 48.7441 24.1229 39.8442 25.2460 28.6987 24.5093 29.8663 37.6924 53.4302 64.7866 51.6286 18.8528 7.9365 10.2262 16.8954 20.4004 11.8125 16.3326 11.1301 17.4825 15.0087 45.8767 26.3068 15.8483 53.0738 69.5602 62.0225 88.3419 83.9307 77.5945 75.6757 62.0373 73.8738 74.5648 67.0864 14.3130 25.0973 15.8882 29.2800 25.4274 18.8745 12.4253 3.1770 7.8543 13.5604 0.0000 48.7735 17.8287 20.8292 13.9117 20.2455 67.4335 59.5258 54.4023 73.4526 38.7489 81.9967 43.4326 40.4792 67.9910 48.6637 27.9366 68.6416 63.6714 43.7106 87.6516 20.8606 24.6014 12.6329 12.6394 17.0674 26.7255 14.8613 9.0590 9.2561 20.3653 24.8764 25.6141 18.2616 21.6512 23.2156 8.6526 8.3611 13.1879 6.0553 18.5256 19.1350 24.4315 9.3677 22.9056 11.3578 15.4032 6.4003 15.6226
108 70.9266 104.2841 87.9005 109.4968 105.9121 94.4789 101.3565 64.1056 81.1367 92.4951 77.2533 70.4935 74.5651 94.9851 42.8549 155.5747 136.4336 119.2724 117.1815 136.4116 155.2128 161.3805 169.3522 123.9206 55.5144 52.0396 52.1692 61.1585 61.2696 61.8740 62.3312 20.8827 38.0330 67.1449 45.6324 19.5456 61.7927 12.6573 59.3074 16.8373 59.9683 62.9403 23.5807 30.4683 36.1004 26.4641 50.5816 25.1310 52.0207 56.6104 53.8946 61.3944 73.0111 70.6826 73.1277 25.8015 66.6448 24.3705 27.9203 54.6371 93.0154 72.9526 75.9011 41.2967 61.4471 48.0088 44.9407 32.8176 51.9877 79.4294 80.4765 83.9574 82.8771 67.6255 53.7159 53.8885 64.9190 59.5594 60.5277 64.8026 58.9407 61.9373 63.2213 83.0918 63.7026 64.5479 92.0982 103.3942 98.4148 92.5953 99.1122 82.0409 72.2599 76.5061 76.3004 86.3486 71.8331 38.3484 25.9332 56.3420 19.8736 24.9066 34.1549 47.2116 50.9644 48.9534 35.4939 48.7735 0.0000 31.1918 28.1206 49.9214 29.9615 56.6913 52.4448 5.9561 25.7678 46.0356 34.6169 58.2123 10.2860 49.4971 7.9951 33.4442 41.2955 21.6339 29.7208 70.4935 49.9408 51.4698 37.1623 60.7004 61.4477 23.9438 61.0689 55.5885 57.6187 62.9954 25.7451 60.8495 62.0644 28.1531 58.5001 55.8034 53.8715 47.4926 54.2060 31.6515 59.5275 51.4914 50.7021 28.3050 55.9026 63.2601 54.0475 41.7347
109 48.3383 99.1592 88.8870 98.7908 97.4172 92.9792 86.4470 75.3402 89.6188 107.7389 94.1267 76.3077 88.8092 106.8437 28.9697 135.4505 120.5473 101.3919 105.0744 117.0085 138.3864 153.7384 159.9505 103.5687 34.5062 33.7524 33.6460 41.0673 41.4261 43.1295 39.0176 26.3629 38.1624 45.4507 43.8383 31.0570 51.3616 21.9385 36.7326 24.6880 41.6530 41.5036 29.6712 24.4356 33.1995 26.5463 37.5749 17.6254 42.8686 37.0010 41.0766 54.8140 56.5208 66.5988 53.8856 36.4733 46.6678 33.7711 32.4888 34.1280 74.0294 66.8715 53.2281 18.6685 40.5987 24.1506 24.2898 12.6131 33.8003 52.7067 58.1180 66.1898 58.4542 36.6136 22.6012 23.0429 34.5265 30.2877 29.4305 34.1268 27.7514 31.3026 32.0298 55.8322 35.3948 33.6751 64.2774 78.3092 71.9564 84.4329 84.3265 73.3236 68.3408 61.1411 68.6303 73.1523 62.3662 8.8651 8.1139 26.3961 12.6456 7.9772 7.6869 17.4686 19.8080 18.0696 4.3146 17.8287 31.1918 0.0000 5.3698 20.4129 3.8735 57.0705 49.7631 36.9572 55.6248 31.9255 64.1730 41.0588 23.7764 55.2972 30.8488 16.4743 53.7177 46.1181 29.4977 76.3077 27.1012 30.2799 8.8657 30.2464 32.7118 12.3103 31.4967 25.6505 26.9715 35.1550 11.0795 36.5038 33.6243 8.1041 33.8608 25.6406 24.1843 21.0887 23.6064 8.0383 32.4818 30.1931 22.0753 10.8386 26.7409 32.9444 23.6324 17.4046
110 53.6948 103.4216 92.3620 103.5930 102.0150 96.7936 91.5341 77.1909 92.0415 109.1776 95.1880 79.0029 90.2947 108.8513 33.3519 140.8093 125.7506 106.6678 110.0073 122.3470 143.6491 158.3917 164.7632 108.9223 32.5384 31.0265 30.9754 39.0126 39.3137 40.7758 37.8778 21.0848 32.9954 43.9289 38.9020 25.8893 47.5584 17.6134 35.3027 19.6682 39.1613 39.8330 24.3311 19.2733 28.1133 21.1850 33.8670 12.2640 38.7028 34.7157 37.4372 50.5415 53.8931 62.1831 51.8444 31.1503 44.6961 28.4505 27.1200 32.0048 72.1424 62.6878 58.5913 23.7907 45.8661 29.4633 29.3521 16.9385 31.0514 52.9905 63.4804 71.3945 63.8132 39.6223 26.6841 27.4810 36.8042 35.3164 32.6411 36.6894 31.4788 35.8032 35.6373 61.0380 40.5594 36.4794 69.3948 83.6279 77.1998 88.9405 89.3993 77.8206 72.2553 66.1628 72.9806 78.0638 66.8532 14.1816 10.0836 31.2758 8.4513 9.1549 12.8085 22.5450 23.2846 22.5605 8.5804 20.8292 28.1206 5.3698 0.0000 25.5005 8.0017 60.2658 53.2341 33.6356 53.3357 36.4365 62.0472 46.0663 19.6815 57.6645 29.0593 20.5665 54.9937 45.0085 31.6990 79.0029 25.4658 28.2271 9.1525 32.5802 33.8034 7.0077 33.1148 27.5172 29.5108 35.7838 5.7098 35.6709 34.5553 2.9628 33.0804 27.6987 25.8440 20.7075 26.0983 4.7637 32.6861 28.1702 22.9707 5.7643 28.0440 35.1509 25.9270 15.8475
111 31.1003 90.4662 84.8001 86.5350 86.6291 86.9934 72.0619 78.9723 90.3875 111.9930 100.0927 76.3860 93.3609 108.8841 25.5018 117.2102 104.6143 84.7604 91.7190 99.3051 121.6910 141.8927 146.9867 85.5970 41.5291 43.3540 43.0858 47.4490 47.9639 50.3140 42.4962 46.5456 56.0357 49.4341 60.4479 51.3889 63.1210 42.1558 41.5820 45.0905 49.4775 46.4922 49.6436 42.7807 50.8490 45.9668 49.9566 37.2385 56.4687 44.6996 52.9229 68.2421 63.5792 80.2468 58.9632 56.4991 52.1326 53.8146 51.9863 41.7223 77.3388 79.5206 35.5429 13.6960 25.9336 12.1487 16.5754 18.7059 43.4689 49.2110 40.3496 51.0336 39.4110 24.2037 9.1289 6.9027 25.7777 9.8911 17.7796 24.2239 13.9875 12.6686 17.7156 35.5997 15.0928 22.7920 43.8950 58.5744 51.8218 74.5666 70.1162 63.9076 62.7448 48.1257 60.3894 60.6536 53.5470 11.8173 23.9918 6.4672 32.9554 25.0366 15.7738 2.9556 11.9096 6.0573 17.0423 13.9117 49.9214 20.4129 25.5005 0.0000 20.2339 55.9644 47.9425 55.8642 72.2272 26.7024 80.2155 29.7476 43.8142 58.0174 47.5569 20.6241 60.6745 60.4493 36.2823 76.3860 34.5759 38.3370 21.3086 22.4088 29.2897 32.4908 26.3083 21.5148 19.3893 32.9275 31.0027 39.3247 30.5952 27.6837 37.0082 20.7180 21.5437 26.8108 17.8133 25.7942 32.4582 38.1735 23.2709 29.9698 24.3908 24.8908 18.6791 27.8705
112 46.3266 95.5940 85.0748 95.5922 94.0500 89.2447 83.5960 71.5387 85.7539 103.9997 90.4784 72.4344 85.0669 103.0133 25.4401 133.3939 117.9070 98.9444 102.0126 114.8100 135.8915 150.4148 156.7624 101.4764 38.3739 37.6100 37.5072 44.9359 45.2965 47.0031 42.8022 27.9000 40.9340 49.2773 46.9036 32.2564 55.0543 22.0823 40.5580 25.6826 45.5245 45.3481 31.4218 27.2330 36.0945 28.7821 41.2823 19.9353 46.4297 40.8746 44.8050 58.3363 60.3904 70.0539 57.7502 38.0967 50.5308 35.3997 34.5904 38.0003 77.8792 70.4379 51.2803 15.9581 38.1721 21.9627 21.4415 9.0066 37.6563 56.1213 56.1511 63.5683 56.9099 38.7128 23.9424 23.9449 37.1275 30.0767 31.4541 36.5563 29.3556 31.9811 33.6862 55.0119 34.7969 35.9480 63.6729 77.0150 70.9783 81.0029 81.4535 69.8851 64.6311 58.1976 65.1045 70.0675 58.9190 8.4533 4.8584 26.5422 13.1469 5.2833 5.2257 17.4046 21.8030 19.0396 6.9694 20.2455 29.9615 3.8735 8.0017 20.2339 0.0000 53.2150 45.9403 35.8569 53.6016 28.4810 62.0082 38.1030 23.6270 51.4417 28.7011 12.7698 50.0493 43.4274 25.6853 72.4344 30.9574 34.1518 12.6514 32.8565 35.9109 14.2336 34.4742 28.5705 29.4980 38.5133 13.4075 40.2428 36.8806 10.9614 37.5969 28.4624 27.2235 24.8080 26.2152 11.6440 35.9904 34.0643 25.4489 13.7650 29.9051 35.6010 26.3558 21.2723
113 46.3707 47.7414 32.3350 55.6154 50.6616 37.9759 52.7893 25.9240 34.4618 57.6567 48.4412 20.4319 40.2153 53.1696 30.6626 109.8272 86.0548 72.7956 64.0470 90.7582 105.0429 104.9443 113.3703 80.9487 91.3308 90.8228 90.7157 97.8829 98.2770 100.1016 94.9168 72.2467 89.4575 101.6964 96.6115 73.7223 107.7507 62.0007 93.0532 68.1129 98.6809 97.9853 75.9958 77.0959 85.5941 76.1307 94.1211 69.1359 98.6214 93.9731 97.6986 110.1730 113.5603 121.3537 110.5857 80.6383 103.3679 78.5054 80.3714 91.0447 130.4116 122.3805 49.0319 43.3362 39.4365 44.0292 39.3950 44.8439 90.8702 104.8484 50.9371 43.8224 57.2566 79.7556 65.0548 62.8294 81.7377 58.7167 73.7223 80.1775 69.8228 65.6967 73.1055 65.1514 57.4975 78.6962 73.2285 73.7714 73.6798 37.8571 50.6975 28.9714 16.3654 34.7847 23.1470 38.0391 22.3480 54.0525 50.1889 59.7219 59.3378 51.2348 50.7864 55.9029 66.7699 60.8401 58.7705 67.4335 56.6913 57.0705 60.2658 55.9644 53.2150 0.0000 8.0273 59.9845 58.1738 29.2800 60.8608 31.9164 61.2320 10.6162 48.7377 40.9159 22.7042 44.4019 29.5425 20.4319 83.8243 87.1977 65.4725 78.2331 84.3917 63.7068 81.7712 76.3446 75.0354 87.7902 64.0208 92.0460 85.6309 62.9981 89.4409 75.7458 75.7942 76.9277 72.8402 64.6537 86.3837 87.0971 75.8449 65.5380 78.7910 80.8005 73.5128 74.3169
114 39.7750 52.1432 39.1435 57.5230 53.5139 43.8298 52.1394 33.0592 42.4869 65.3579 55.4640 28.4591 47.5473 61.1610 22.7020 108.8956 86.4943 71.7331 65.5813 89.6461 105.5147 109.0272 116.9080 78.9714 83.8048 83.4794 83.3584 90.3419 90.7479 92.6263 87.2011 66.5038 83.3691 94.0162 90.3635 68.3949 100.7921 56.4415 85.4052 62.4954 91.2479 90.3566 70.3083 70.6568 79.3021 70.0593 87.0879 62.6825 91.8173 86.5060 90.6452 103.4974 106.1264 114.8478 102.9894 75.3276 95.7820 73.0723 74.5965 83.5546 122.7166 115.6977 42.8865 35.4075 32.1747 36.0026 31.3772 37.3574 83.5327 96.8717 45.3010 40.1646 51.2455 71.7330 57.0380 54.8043 73.7179 50.7702 65.6968 72.1526 61.7956 57.7150 65.0840 58.4289 49.7184 70.6693 66.7942 68.8322 67.9905 40.2512 49.9461 30.0692 20.0179 31.1093 24.1784 36.9066 21.0409 46.3091 43.2150 51.7097 52.9625 44.3453 43.2238 47.9109 58.8038 52.8550 51.2369 59.5258 52.4448 49.7631 53.2341 47.9425 45.9403 8.0273 0.0000 56.3272 57.3885 21.2532 61.1887 24.6553 55.9067 14.1524 44.6753 33.4224 24.4369 43.0274 23.6895 28.4591 76.2862 79.7154 57.9983 70.2288 76.4471 57.1073 73.7973 68.4044 67.0429 79.8682 57.2823 84.2967 77.6928 56.0379 81.7037 67.7926 67.8864 69.2721 64.8814 57.4948 78.5274 79.6093 68.0335 58.6515 70.8828 72.7885 65.5660 66.8661
115 76.6080 107.7195 90.5075 113.7015 109.8334 97.4292 106.1428 65.1323 82.4265 92.1389 76.6920 72.4984 74.6913 95.3769 48.2512 160.7891 141.1926 124.3224 121.5315 141.5835 160.0393 164.9085 173.1230 129.2237 59.5138 55.7242 55.8852 64.8898 64.9590 65.3740 66.5520 23.3643 39.3166 71.0272 46.7953 20.7117 63.8950 17.0932 63.4653 19.8656 63.4423 66.8517 25.3339 33.6339 38.1330 29.0519 53.4920 29.3008 54.2263 60.3693 56.6516 62.8165 75.9182 71.3974 76.5059 25.9892 70.2526 25.1318 29.3221 58.5829 96.1084 73.9931 81.5657 47.1826 67.0694 53.8838 50.7132 38.7393 55.6587 84.0482 86.0991 89.1598 88.6361 73.2384 59.5293 59.7583 70.3512 65.5131 66.1890 70.3090 64.7034 67.8381 68.9662 89.0007 69.6547 70.1145 98.0211 109.1554 104.2688 96.5771 103.8970 86.2057 75.8826 81.5210 80.3948 91.0356 76.2226 44.2641 31.8809 62.2785 25.2542 30.8385 40.1022 53.1439 56.6717 54.8123 41.2415 54.4023 5.9561 36.9572 33.6356 55.8642 35.8569 59.9845 56.3272 0.0000 21.6141 51.3731 30.4123 63.5902 14.6803 52.0809 11.8607 39.2621 42.8559 20.9314 34.3779 72.4984 54.3457 55.5997 42.5594 66.1623 66.5643 28.9324 66.3425 60.9655 63.1388 67.9432 30.7913 65.2567 67.1241 33.4258 62.9901 61.2233 59.2138 52.4353 59.7275 36.9063 64.3791 55.6363 55.9027 33.3028 61.1376 68.6799 59.5286 46.5739
116 87.0467 104.3617 84.2407 113.7891 108.6299 92.3090 109.5130 54.3108 71.6497 76.0589 60.4425 64.7272 60.4799 81.3394 57.8428 166.0638 143.7919 128.9426 122.2012 146.7686 162.8166 161.0361 170.2676 135.4936 81.0537 77.3300 77.4875 86.4933 86.5671 86.9870 88.0006 44.8864 59.8994 92.6062 67.1254 41.7281 84.9113 38.3112 84.9438 41.4793 85.0544 88.4219 46.5427 55.2375 59.3013 50.5562 75.0001 50.7273 75.3727 81.9676 78.0927 83.2157 97.3843 90.8310 98.1054 45.9516 91.8662 45.6742 50.2209 80.1390 117.6262 93.8386 91.7061 61.0796 77.3008 67.3108 63.0796 53.6958 77.2659 105.1969 95.7361 95.5308 99.5661 92.2101 77.4794 77.2009 90.0085 81.1964 84.9857 89.7197 82.9481 84.7824 87.2817 102.0642 84.3902 89.2999 111.2608 119.7459 116.1417 96.0159 107.3106 86.8786 74.4795 86.9509 80.9597 94.2504 78.4291 61.4800 48.9654 78.6717 45.3970 48.3187 56.8154 69.8323 75.3271 72.4479 59.9126 73.4526 25.7678 55.6248 53.3357 72.2272 53.6016 58.1738 57.3885 21.6141 0.0000 60.3532 8.8560 72.1128 35.8957 48.1462 24.9062 52.8182 36.3111 14.5936 41.6923 64.7272 75.6725 77.0857 62.4813 85.7452 87.0091 49.6815 86.4493 80.8275 82.5414 88.6784 51.4564 86.5872 87.6739 53.6991 84.2554 80.9616 79.1764 73.1980 79.1478 57.1900 85.2570 77.1155 76.2073 54.0270 81.3508 88.3829 79.0866 67.4828
117 26.7242 67.2988 58.7681 67.3353 65.5787 61.8639 56.4825 53.1195 63.7314 85.9768 74.9394 49.7108 67.6487 82.3327 3.3292 109.5609 91.3992 73.5021 74.0693 90.4371 109.9048 121.9629 128.4753 77.8856 64.3321 64.6708 64.5008 70.7649 71.2107 73.2644 67.0214 53.9232 68.9541 73.9302 75.2424 57.1425 83.1242 45.1691 65.4791 50.5849 72.0447 70.4699 57.7322 55.4132 64.3036 56.1551 69.3361 47.7160 74.7885 67.2221 72.7741 86.7394 86.8206 98.5107 83.1516 63.7978 76.0150 61.2338 61.5371 64.2144 102.4905 98.7842 31.3537 14.8193 17.0155 14.7695 10.1792 19.4980 64.7447 75.7636 35.4702 37.9947 39.2727 50.5173 35.8134 33.5534 52.4800 30.0169 44.4450 50.9017 40.5438 36.7328 43.8767 43.0843 29.8962 49.4163 52.1787 59.3950 56.0350 52.5246 54.2718 41.4089 37.2009 31.0748 36.7343 42.2006 30.4460 26.4925 27.4244 30.5702 38.8892 28.8347 24.4825 26.8045 37.7821 31.7670 32.2893 38.7489 46.0356 31.9255 36.4365 26.7024 28.4810 29.2800 21.2532 51.3731 60.3532 0.0000 66.6131 12.2295 45.5114 32.3791 39.8807 16.0312 37.7180 46.1610 18.6628 49.7108 56.8409 60.4417 39.1157 49.0429 55.4709 41.8691 52.7175 47.4618 45.9018 58.9678 41.4809 64.0099 56.7383 39.3970 61.4745 46.8010 47.0722 49.4493 43.8742 39.9636 57.8723 60.3162 47.6020 42.1886 50.0571 51.5749 44.6048 47.8900
118 93.3211 105.4511 84.3726 116.1693 110.5520 92.8113 113.1815 53.0545 69.9001 71.3339 55.8898 64.6235 57.1528 77.6971 64.3308 170.0703 146.9106 132.9079 124.7320 150.8323 165.9033 161.4666 171.0785 140.0098 89.8930 86.1360 86.2975 95.3020 95.3699 95.7593 96.8534 53.5916 68.1885 101.4325 75.2904 50.2561 93.3083 47.1669 93.7937 50.2639 93.8233 97.2520 55.1122 63.9960 67.8163 59.2433 83.6662 59.5784 83.8453 90.7814 86.7140 91.3517 106.0093 98.5594 106.8467 54.1401 100.6542 54.0333 58.6660 88.9737 126.2818 101.7200 97.8427 68.6067 83.6285 74.6415 70.2007 61.5652 86.0701 114.0427 101.6780 100.4082 105.8761 100.6935 85.7892 85.4022 98.6328 88.9640 93.4489 98.2968 91.3009 92.8349 95.6365 108.9935 91.8962 97.8329 118.1903 125.8141 122.6330 98.3482 111.0170 89.8264 76.8600 91.6164 83.9701 98.0355 82.0985 69.7272 57.3024 86.6260 54.1841 56.7287 65.0030 77.9097 83.7896 80.7139 68.4394 81.9967 34.6169 64.1730 62.0472 80.2155 62.0082 60.8608 61.1887 30.4123 8.8560 66.6131 0.0000 78.0082 44.7510 50.4111 33.3394 60.3994 38.2512 20.5410 48.1082 64.6235 84.5284 85.9343 71.1988 94.3620 95.7726 58.5140 95.1589 89.5024 91.1300 97.4823 60.2802 95.4430 96.4526 62.4803 93.1098 89.6146 87.8709 82.0132 87.7467 65.9659 94.0798 85.9649 84.9595 62.8531 90.0834 97.0182 87.7107 76.3161
119 15.8916 60.7259 56.3202 57.9767 57.3087 57.6546 45.5135 57.6591 65.3250 89.5102 80.1082 51.4503 72.0819 84.2949 15.3574 97.4685 80.0724 61.6970 64.0347 78.4063 98.3564 113.2167 119.0451 65.7255 70.6302 71.7606 71.5407 76.7959 77.2886 79.5402 72.1672 64.9444 79.0368 79.1180 84.8954 68.4932 90.9966 56.6993 71.0895 61.8602 78.5410 76.0471 68.6934 65.3322 74.1790 66.6636 77.3437 57.9496 83.2735 73.7065 80.6223 95.2632 92.9732 107.2016 88.6084 74.9912 81.6832 72.3712 72.2766 70.6885 107.0785 107.0747 19.9751 22.4281 7.5308 18.4011 16.7778 29.5834 71.8553 78.1707 23.6717 26.0821 28.2540 50.9755 38.4485 35.7822 54.2683 28.9152 46.1078 52.4053 42.0299 36.1730 44.4438 34.0272 26.3938 50.6964 42.7023 47.8145 45.2387 44.9274 43.3597 34.1715 34.0832 20.0966 30.7355 32.1621 23.8563 33.9396 38.0549 31.2129 49.7454 39.5148 33.3720 31.0252 41.6541 35.6869 40.3896 43.4326 58.2123 41.0588 46.0663 29.7476 38.1030 31.9164 24.6553 63.5902 72.1128 12.2295 78.0082 0.0000 57.2201 38.3124 52.1093 26.7851 46.2514 57.7356 30.5757 51.4503 63.3515 67.0836 46.9180 51.5134 58.8712 52.1428 55.7395 51.2345 48.8007 62.5560 51.4863 69.0156 60.1885 49.0006 66.6462 50.4079 51.2884 55.6417 47.5283 48.9382 62.2056 66.9367 52.7661 51.7972 54.1358 53.7122 48.4140 55.2393
120 68.2545 108.0404 93.2457 111.5515 108.6443 99.1986 101.9172 71.7933 88.3811 101.3632 86.3404 76.8974 83.0864 103.1538 42.1896 154.5035 136.8960 118.9049 118.8357 135.5537 155.4135 164.7215 172.1656 122.6274 45.2420 41.7587 41.8860 50.8733 50.9862 51.6111 52.1112 11.7455 29.4835 56.8630 37.0474 12.5029 52.1874 2.4230 49.0679 7.4105 49.7109 52.6601 15.1507 20.4084 26.8165 16.9154 40.5296 14.8613 42.3970 46.3248 43.9085 52.3588 62.9102 62.2850 62.8809 19.4336 56.3664 17.2789 19.6392 44.3581 82.8299 64.2027 73.2704 37.6030 59.2403 44.2529 42.1586 28.9684 41.7079 69.4107 78.0316 83.2999 79.5992 59.1909 46.2402 46.8126 55.9916 53.6851 52.2885 56.0610 51.1467 55.0789 55.3180 78.4865 58.4011 55.9773 87.2400 99.9663 94.3001 95.2862 99.6934 84.4046 75.9236 76.5776 78.8924 87.3173 73.7648 31.9968 20.7525 50.0208 11.2624 19.4038 28.5394 40.9360 42.9652 41.8413 27.8766 40.4792 10.2860 23.7764 19.6815 43.8142 23.6270 61.2320 55.9067 14.6803 35.8957 45.5114 44.7510 57.2201 0.0000 55.3710 15.6350 30.7549 48.7213 31.3803 32.2416 76.8974 39.7855 41.2195 28.2598 51.8545 51.9403 14.3296 51.8192 46.5571 48.9360 53.2691 16.2119 50.7020 52.4769 19.0402 48.3942 46.8690 44.7701 37.7654 45.5397 22.4653 49.6988 41.2446 41.3399 18.6810 46.5912 54.3072 45.2715 31.8942
121 53.7660 56.5706 38.4466 65.8146 60.4869 45.4569 63.4035 20.9560 34.3785 53.9829 42.5674 21.6784 35.3803 51.7099 32.7012 120.4420 96.5725 83.3995 74.3389 101.3641 115.5405 113.6528 122.4890 91.4434 89.7901 88.6754 88.6127 96.3452 96.6921 98.3125 94.1164 66.8510 84.4545 100.6886 91.8388 67.6676 104.4151 56.4806 91.9715 62.5779 96.7583 96.7863 70.4615 72.8861 81.0019 71.2408 91.0725 65.0680 94.9808 92.2025 94.6733 106.1668 111.5448 116.9298 109.1755 74.4791 101.9614 72.5491 74.9266 89.3784 129.3201 118.3240 57.0043 44.5614 45.7374 46.7876 41.7395 43.9924 88.7041 105.6830 59.4520 53.6897 65.3760 82.2088 66.8338 64.9040 83.4189 62.3756 75.6886 82.0559 71.9995 68.9570 75.6515 72.2984 62.1091 80.7328 80.7939 82.9065 82.1418 47.9983 61.3078 39.5147 26.4689 44.6018 33.7309 48.6044 32.8084 53.9277 47.7025 62.6343 55.2988 48.5125 50.0089 57.4150 67.8212 62.1830 57.6947 67.9910 49.4971 55.2972 57.6645 58.0174 51.4417 10.6162 14.1524 52.0809 48.1462 32.3791 50.4111 38.3124 55.3710 0.0000 41.5155 40.2459 12.1665 34.8602 25.9657 21.6784 82.3978 85.5391 64.0625 79.6247 85.0522 60.0353 82.7377 77.0448 76.2881 88.2366 60.6461 91.4268 86.2247 60.1628 88.7849 76.5663 76.2484 76.0354 73.7453 62.3019 86.3913 85.4588 75.7006 62.4767 79.2158 82.3084 74.3010 72.6948
122 65.6399 96.3778 79.9083 101.9289 98.1842 86.4918 94.2891 56.5742 73.4523 85.7377 70.7072 62.5923 67.5224 87.7235 36.8486 149.0868 129.3346 112.5364 109.7152 129.8575 148.1878 153.5079 161.5661 117.5998 59.2628 56.3097 56.3919 65.2562 65.4274 66.2936 65.6331 27.2752 44.8987 70.9589 52.4986 26.8437 67.7900 17.5537 62.7498 22.9799 64.4418 66.7471 30.4143 35.8378 42.4398 32.5501 55.8568 29.3673 58.0029 60.7156 59.3032 67.9640 78.0966 77.6975 77.6231 33.3933 70.8716 31.7447 34.8724 58.4814 97.7753 79.7452 70.5423 37.2780 55.9875 43.8246 40.1684 29.3239 56.2777 81.8380 74.9692 77.4754 77.8675 67.3574 52.5758 52.3362 65.3512 56.7822 60.1179 64.9753 58.0423 60.0187 62.3762 79.0027 60.3767 64.4952 88.1311 98.3566 93.8651 84.8944 92.0432 74.4415 64.3992 69.7339 68.6563 79.1753 64.3893 36.6038 24.0634 54.0217 21.8280 23.4178 31.9866 45.0730 50.4577 47.5565 35.1041 48.6637 7.9951 30.8488 29.0593 47.5569 28.7011 48.7377 44.6753 11.8607 24.9062 39.8807 33.3394 52.1093 15.6350 41.5155 0.0000 29.0713 33.6127 16.3842 22.5287 62.5923 53.0689 55.0585 38.1774 61.0745 62.8560 26.6687 62.0421 56.3096 57.8184 64.8127 28.2236 63.8307 63.6146 29.8937 61.3505 56.3804 54.7261 49.5352 54.4451 33.2930 61.6083 55.0545 52.0241 30.7720 57.0512 63.7509 54.4361 44.1337
123 37.7003 82.8618 72.4868 83.3647 81.5433 76.5050 72.1313 60.9120 74.1948 93.7943 81.0184 60.5956 74.9158 91.9445 12.8443 123.7716 106.8405 88.4156 90.0401 104.8705 125.1380 137.9454 144.5064 91.8817 50.4185 50.0775 49.9503 56.9682 57.3645 59.2135 54.1396 38.1829 52.9232 60.8540 59.2410 41.7237 67.8149 30.0437 52.1808 35.0811 57.8259 57.0938 41.9525 39.3931 48.2818 40.1713 54.0357 31.6858 59.1872 53.0899 57.5466 71.0750 72.7051 82.7480 69.6749 48.2071 62.4551 45.5916 45.6389 50.1467 89.5701 83.1930 42.7085 8.2706 28.5074 14.7556 11.5576 3.9353 50.1337 65.5563 47.4028 52.8048 49.4632 43.9598 28.1575 26.8711 44.0827 28.6357 36.9170 42.9814 33.7162 33.2072 37.8407 49.9475 31.5721 41.9021 59.0634 69.9717 65.0181 68.4173 69.9455 57.2977 51.8726 46.6459 52.4157 58.1245 46.3328 13.7088 11.4194 26.7369 23.0190 12.8506 9.8954 18.9465 28.1583 23.0841 17.8548 27.9366 33.4442 16.4743 20.5665 20.6241 12.7698 40.9159 33.4224 39.2621 52.8182 16.0312 60.3994 26.7851 30.7549 40.2459 29.0713 0.0000 40.8872 40.2350 16.0137 60.5956 42.9091 46.3036 24.5796 40.0554 44.9276 25.8386 42.7871 36.9855 36.6438 48.0334 25.4681 51.3506 46.0703 23.5094 48.7217 36.5803 36.0857 36.0829 33.8487 24.4110 46.1469 46.1998 35.4607 26.2783 39.0314 42.8088 34.3177 33.4444
124 62.1215 68.0639 48.5573 77.9382 72.4761 56.2630 75.3977 23.0801 39.8489 54.1869 40.4354 29.7704 35.3331 54.6321 36.9751 132.4269 108.7312 95.3295 86.4845 113.2955 127.7038 124.8824 133.9886 103.1005 87.5307 85.7279 85.7182 93.9860 94.2732 95.6337 92.6437 60.4600 78.2043 98.8809 85.7578 60.4424 99.8623 50.2300 90.2079 56.1226 93.9465 94.8128 63.8189 67.8034 75.2983 65.3693 87.0313 60.3581 90.1890 89.6360 90.6062 100.8158 108.4424 110.9970 106.7979 66.9971 99.6763 65.3485 68.3050 86.9798 127.1150 112.8024 65.8775 46.9903 53.2608 50.7148 45.5456 44.1360 85.7344 105.9258 68.8473 64.6014 74.2702 84.6505 68.8915 67.3477 84.9694 66.6224 77.7233 83.8554 74.3581 72.5883 78.3336 80.0525 67.3794 82.7369 88.8969 92.7681 91.2340 60.1171 73.2780 51.6608 38.6109 55.5441 45.8510 60.4601 44.5560 54.3298 45.6627 66.0670 50.9630 46.1377 49.8615 59.5012 69.0351 63.9039 56.8317 68.6416 41.2955 53.7177 54.9937 60.6745 50.0493 22.7042 24.4369 42.8559 36.3111 37.7180 38.2512 46.2514 48.7213 12.1665 33.6127 40.8872 0.0000 23.8004 24.9359 29.7704 80.4077 83.2177 62.5700 80.9257 85.4134 55.9727 83.4927 77.6198 77.5068 88.2947 56.9247 90.2065 86.4879 57.1130 87.5671 77.2892 76.5621 74.8060 74.6326 59.7556 85.9806 83.1626 75.3426 59.0723 79.4279 83.6851 75.0418 70.6984
125 72.8848 91.4274 72.3569 99.9138 95.0541 79.9776 95.0811 44.7883 62.2381 71.2413 55.8484 53.4194 53.7817 74.5202 43.8144 151.5259 129.5157 114.4240 108.2246 132.2259 148.5381 148.4566 157.3492 120.9039 75.6468 72.6529 72.7418 81.6257 81.7913 82.6216 81.9917 42.5050 59.5755 87.3430 67.1542 40.9592 83.3982 33.5290 79.1231 38.3907 80.7582 83.1310 45.1816 51.7880 57.7328 48.0457 71.9025 45.6566 73.6169 77.0821 75.2888 82.9973 94.2487 92.0547 93.9449 46.7554 87.2307 45.6499 49.4643 74.8634 114.0470 94.4645 77.4643 48.3527 63.1681 54.2381 49.7154 41.7457 72.6179 97.9726 81.3971 80.9393 85.4332 81.9906 66.6505 66.0058 80.5395 68.8704 74.7197 79.9811 72.2435 73.1169 76.5599 88.4549 71.5675 79.3340 97.6510 105.4794 102.1411 82.2235 92.8698 72.7764 60.7673 72.3598 66.8475 79.8020 64.0445 50.5642 38.5834 66.7781 38.1508 38.2705 45.7494 58.3102 65.1307 61.4992 50.2132 63.6714 21.6339 46.1181 45.0085 60.4493 43.4274 44.4019 43.0274 20.9314 14.5936 46.1610 20.5410 57.7356 31.3803 34.8602 16.3842 40.2350 23.8004 0.0000 27.5887 53.4194 69.4207 71.4416 54.0044 76.2628 78.6410 43.0396 77.6001 71.7682 72.9199 80.7745 44.5650 80.1452 79.4636 46.0831 77.6444 71.7498 70.2782 65.6559 69.6145 49.4160 77.6862 71.4370 67.8425 47.0982 72.7437 78.9934 69.7059 60.3803
126 45.3606 75.8024 61.8683 79.8839 76.5933 67.2844 71.7653 45.8544 60.3436 78.4183 65.2434 47.3820 59.4877 77.3535 16.2257 126.7345 106.8201 90.0645 87.4862 107.4731 125.6616 132.5215 140.1227 95.4062 63.9113 62.7119 62.6514 70.4553 70.7916 72.3751 68.4860 42.8577 59.9284 74.9483 67.0692 44.7164 78.6789 32.7531 66.2303 38.8159 70.8065 70.9890 46.6482 47.6070 56.0568 46.6003 65.2216 39.6683 69.3722 66.2738 68.8200 80.7838 85.5815 91.8585 83.2960 51.6477 76.0934 49.3830 50.9673 63.4724 103.4980 92.9842 50.0165 22.8220 35.6216 27.7069 22.7943 19.2020 62.7400 81.0962 54.0970 55.2171 57.8924 59.9469 44.1485 42.7624 60.0632 43.2688 52.9279 58.9886 49.6819 48.6085 53.7572 60.9855 45.0823 57.9158 70.1689 78.0577 74.5568 63.2367 69.5194 52.5032 43.6959 47.2775 46.8597 56.6785 42.1460 29.3977 21.7575 42.0637 29.8538 22.5469 24.9833 34.8521 44.1167 39.0945 32.2279 43.7106 29.7208 29.4977 31.6990 36.2823 25.6853 29.5425 23.6895 34.3779 41.6923 18.6628 48.1082 30.5757 32.2416 25.9657 22.5287 16.0137 24.9359 27.5887 0.0000 47.3820 56.5694 59.6416 38.3361 56.0002 60.5351 34.3704 58.5664 52.7032 52.5787 63.4827 34.8448 65.8994 61.6286 34.2175 63.2526 52.3607 51.6779 50.4628 49.6970 36.3414 61.3023 59.5660 50.6193 36.5799 54.5666 58.7629 50.1108 46.8419
127 64.6600 41.7937 19.7645 55.9638 48.9665 28.4281 59.5660 13.4416 14.0436 38.6310 32.6750 0.0000 23.6374 32.8980 51.0149 114.7839 88.3425 79.2480 64.6917 96.6443 106.6557 96.8630 106.6460 89.1541 110.7877 109.9266 109.8470 117.3517 117.7209 119.4342 114.7351 88.4494 106.0919 121.4331 113.4969 89.0900 126.0119 78.0788 112.7430 84.1582 117.9335 117.6269 92.0243 94.5592 102.6762 92.9012 112.6003 86.7276 116.6172 113.3073 116.1994 127.8392 132.7746 138.6039 130.1380 95.8390 122.9132 93.9889 96.5003 110.4327 150.1401 140.0000 66.5354 63.6228 58.8402 64.4605 59.8123 64.4750 109.9624 125.1751 67.5339 57.3441 74.3253 100.1803 85.4666 83.2565 102.1537 79.0226 94.1498 100.6038 90.2543 86.0554 93.5286 83.3356 77.5365 99.1269 90.7865 88.4495 89.8209 39.2835 57.8818 35.4878 22.6491 49.1064 31.5570 47.4237 35.0405 74.0241 68.9606 80.1315 76.9452 69.8538 70.4868 76.2744 87.0912 81.1977 78.3744 87.6516 70.4935 76.3077 79.0029 76.3860 72.4344 20.4319 28.4591 72.4984 64.7272 49.7108 64.6235 51.4503 76.8974 21.6784 62.5923 60.5956 29.7704 53.4194 47.3820 0.0000 103.3275 106.5832 84.9369 98.6196 104.6632 81.6407 102.0995 96.6129 95.4008 108.0166 82.1988 111.9346 105.8893 81.5808 109.3104 96.0384 96.0036 96.6718 93.1449 83.5699 106.4856 106.4937 95.8777 83.9619 98.9982 101.2015 93.7951 93.6947
128 65.4184 123.6767 115.2019 120.9380 120.6535 118.6943 106.6352 102.3662 116.7065 134.5696 120.6512 103.3275 115.6641 133.9226 54.3472 149.7001 138.8340 118.7719 126.2756 132.4935 155.4932 176.3025 181.5450 118.6547 7.5224 8.9235 8.6153 14.0593 14.4618 16.4255 12.5768 33.0074 30.3404 18.4737 31.2478 37.9405 28.8032 37.3658 9.8452 35.1099 15.2422 14.4307 33.5244 22.9694 25.8976 28.3916 16.6837 25.0565 23.6494 10.4025 19.0052 34.6164 29.9820 46.4447 26.8107 38.8825 19.5862 36.9724 32.6694 7.3832 46.9313 45.2652 69.5824 42.1109 60.4119 44.9505 47.4443 38.9804 9.0565 29.8258 74.2392 85.5928 72.1533 30.0930 28.2133 30.8236 24.2583 40.9890 26.5616 25.6439 28.7974 36.7353 30.7348 65.5167 46.8411 26.7801 71.8518 89.2722 81.3080 108.1994 104.6921 97.2739 94.0118 82.5216 93.1637 95.0163 86.5282 30.3507 34.8868 36.5683 31.2746 34.2954 33.0629 32.6289 23.5828 28.5827 25.0572 20.8606 49.9408 27.1012 25.4658 34.5759 30.9574 83.8243 76.2862 54.3457 75.6725 56.8409 84.5284 63.3515 39.7855 82.3978 53.0689 42.9091 80.4077 69.4207 56.5694 103.3275 0.0000 3.7626 18.3912 21.9047 16.5851 26.4115 18.6616 17.2466 21.3603 15.8829 24.8562 10.9166 16.3400 23.6629 8.6917 18.2309 15.7858 7.7736 19.7697 20.7089 11.9327 3.6032 12.1020 22.3350 14.7328 22.8094 18.7793 9.7363
129 69.1578 127.3592 118.6917 124.6952 124.3894 122.2742 110.3948 105.3536 119.8854 137.4034 123.3469 106.5832 118.5217 136.9656 57.9038 153.2556 142.5528 122.4738 130.0382 136.1183 159.1694 180.0589 185.3076 122.2737 4.3156 5.3337 4.9909 10.8150 11.1531 12.9109 10.9862 33.5266 28.7982 15.9319 28.8886 38.2313 25.1369 38.8205 7.8660 36.0238 11.6036 11.7405 33.6135 23.1368 24.7382 28.5407 13.5321 26.3627 20.4955 6.7989 15.5376 31.1263 26.4361 42.8767 23.6589 38.4963 16.4774 36.7855 32.2629 3.8505 43.9234 41.5936 73.3018 45.7476 64.1739 48.6836 51.1163 42.3690 5.4811 29.3330 77.9461 89.3502 75.7875 32.8614 31.8805 34.5139 26.8381 44.6603 29.8164 28.3800 32.2462 40.2508 33.9685 68.9946 50.4960 29.6455 75.1762 92.7355 84.7026 111.9136 108.4531 100.9756 97.5856 86.2801 96.8323 98.7727 90.2134 33.9511 37.8973 40.2605 33.4170 37.2210 36.5046 36.3893 27.2864 32.3397 28.4854 24.6014 51.4698 30.2799 28.2271 38.3370 34.1518 87.1977 79.7154 55.5997 77.0857 60.4417 85.9343 67.0836 41.2195 85.5391 55.0585 46.3036 83.2177 71.4416 59.6416 106.5832 3.7626 0.0000 21.7266 24.8682 18.7796 28.4280 21.2569 20.5345 24.6321 17.3942 27.0109 10.2838 18.3064 26.1908 8.7767 21.5404 19.1945 11.5361 23.2671 23.4697 13.5988 0.1902 15.7123 24.5756 17.8368 25.4938 22.2626 12.8935
130 51.8556 106.3550 97.0167 104.8937 104.0075 100.7748 91.6546 84.1879 98.3388 116.6046 102.9665 84.9369 97.6749 115.6610 36.4175 138.4652 125.0870 105.4991 110.7808 120.4318 142.5059 160.1118 165.9186 106.7791 25.8715 25.6103 25.4603 32.4322 32.8155 34.6349 30.1572 27.0824 34.7331 36.6328 39.2663 32.2930 44.1767 26.0249 27.9137 26.8171 33.2522 32.7290 29.6183 21.6497 29.5429 25.3693 30.4537 17.2498 36.3866 28.5103 33.7964 48.3661 48.1288 60.3329 45.2011 36.4083 37.9763 33.8121 31.3243 25.5724 65.2650 60.1603 56.5115 24.7605 45.2321 28.8710 30.3492 20.6445 25.6768 44.1796 61.3741 70.9383 60.7147 30.9927 19.6698 21.1400 27.7919 30.3742 24.2703 27.8030 23.7253 29.2787 27.6368 56.4608 36.0887 27.7356 64.2775 79.7583 72.7280 91.2423 89.6012 80.1930 76.0853 66.7399 75.7765 79.0405 69.3060 12.9847 16.9180 25.9465 17.3137 16.5828 14.8317 18.5545 15.5171 16.6902 6.8418 12.6329 37.1623 8.8657 9.1525 21.3086 12.6514 65.4725 57.9983 42.5594 62.4813 39.1157 71.1988 46.9180 28.2598 64.0625 38.1774 24.5796 62.5700 54.0044 38.3361 84.9369 18.3912 21.7266 0.0000 23.6149 24.6816 14.1915 23.9685 18.4265 20.6797 26.7897 12.3146 27.6410 25.4672 9.2255 24.9993 18.6639 16.7184 12.2438 17.2911 5.9230 23.8742 21.6249 13.8544 10.2730 18.8928 26.1210 17.0123 8.8737
131 48.9426 111.8682 107.1516 106.3024 107.2095 109.1052 90.5711 100.5332 112.5798 133.5404 121.0464 98.6196 114.7465 130.9280 47.6091 129.5912 120.8409 100.5154 110.6443 113.0594 136.6476 161.3467 165.6063 99.2054 26.0991 30.0966 29.7230 30.2579 30.8293 33.4038 23.7105 49.2411 51.3485 30.0923 53.0435 54.5309 49.1390 49.5890 24.1174 49.7869 33.2650 28.2783 51.0113 41.1712 46.4839 46.1097 38.3953 39.5653 45.3633 29.2126 40.2639 55.6876 45.2758 67.1332 39.5623 57.3537 33.5893 55.0119 51.4874 26.8078 56.2365 65.3088 52.3238 35.1333 46.5236 34.5529 38.8700 36.8396 30.2548 26.8158 56.5614 69.6119 53.2424 8.3847 13.2884 15.7967 4.2808 23.8936 5.9698 4.3114 9.8026 17.5572 9.6270 45.1807 28.9922 4.9458 50.6710 68.6973 60.3971 95.7140 88.8240 85.3734 85.0354 68.3819 82.2429 80.8078 75.3542 26.7079 37.7135 20.4982 40.9082 37.9945 31.4004 22.3522 11.8987 17.4703 26.0631 12.6394 60.7004 30.2464 32.5802 22.4088 32.8565 78.2331 70.2288 66.1623 85.7452 49.0429 94.3620 51.5134 51.8545 79.6247 61.0745 40.0554 80.9257 76.2628 56.0002 98.6196 21.9047 24.8682 23.6149 0.0000 8.1068 37.6428 4.6526 5.5628 3.4298 11.7623 35.7458 20.6102 9.3717 32.8163 19.1341 5.0311 7.4588 16.8991 6.6493 29.3998 13.1243 24.6782 11.6459 33.4429 7.2186 2.7765 6.6626 22.2970
132 56.9696 119.4434 114.0072 114.2463 115.0155 116.2806 98.6231 105.8221 118.5287 138.7216 125.7785 104.6632 119.8368 136.6378 53.7451 137.4314 128.9389 108.6078 118.6790 121.0404 144.6892 169.3515 173.6781 107.1930 19.0946 23.6633 23.2738 22.5264 23.0993 25.6763 15.7449 47.5236 46.9100 21.9985 47.6329 52.7249 41.8609 49.5668 16.4945 48.7640 25.7177 20.3520 48.7271 38.3759 42.3687 43.6408 32.1317 38.3529 38.9956 22.0219 33.5676 48.6777 37.2178 59.8556 31.4557 54.6220 25.5557 52.4916 48.5138 19.9550 48.4040 57.8045 60.4091 41.0566 54.2105 41.3618 45.3166 41.3875 23.8277 20.6347 64.6643 77.6369 61.3266 14.6289 20.4256 23.1256 8.3715 31.8533 14.0719 10.2374 17.7874 25.6577 17.6321 53.0860 37.0627 11.8542 58.2319 76.4716 68.0626 103.3654 96.8611 92.9062 92.0116 76.2042 89.5930 88.6685 82.7247 31.2303 40.6887 28.2360 41.6234 40.6872 35.5569 28.6939 17.6906 23.7350 28.9430 17.0674 61.4477 32.7118 33.8034 29.2897 35.9109 84.3917 76.4471 66.5643 87.0091 55.4709 95.7726 58.8712 51.9403 85.0522 62.8560 44.9276 85.4134 78.6410 60.5351 104.6632 16.5851 18.7796 24.6816 8.1068 0.0000 37.6326 3.4554 8.0504 10.1271 3.7303 35.7747 12.7397 1.3220 33.3192 11.6382 8.6700 8.8583 14.3819 11.5989 29.8234 5.5214 18.5980 10.8327 33.2652 6.0123 7.3864 10.8813 20.3676
133 60.4660 108.1840 96.0126 109.2033 107.2968 100.9131 97.6556 78.7100 94.2452 109.9923 95.5599 81.6407 91.2519 110.4292 38.6565 147.5697 132.0824 113.1736 115.8330 129.0261 150.1110 163.7061 170.3426 115.6620 32.6687 30.0760 30.1142 38.8058 39.0150 40.0828 38.9671 14.0771 27.0852 44.3535 33.5493 18.9220 44.3798 11.9933 36.0836 12.8724 38.3018 40.1496 17.3669 13.6699 22.5149 14.5604 31.1477 5.8477 35.0036 34.3015 34.7423 46.4662 52.5433 57.7406 51.3925 24.1631 44.4730 21.4610 20.3622 31.9310 71.6832 58.6737 65.3924 30.1825 52.4056 36.1410 35.6088 22.6002 30.0633 55.5554 70.2749 77.7657 70.7502 45.1745 33.1862 34.1857 41.7380 42.2818 38.4476 41.8857 37.6924 42.5043 41.7202 68.0435 47.5601 41.8930 76.3792 90.6166 84.2075 94.1059 95.4966 82.9980 76.6058 72.2040 77.9550 83.8951 72.0519 21.1663 14.4800 38.1880 5.0757 13.1244 19.3711 29.5354 29.4442 29.3269 15.4969 26.7255 23.9438 12.3103 7.0077 32.4908 14.2336 63.7068 57.1073 28.9324 49.6815 41.8691 58.5140 52.1428 14.3296 60.0353 26.6687 25.8386 55.9727 43.0396 34.3704 81.6407 26.4115 28.4280 14.1915 37.6428 37.6326 0.0000 37.4934 32.2853 34.8186 39.0651 1.8973 37.2240 38.1959 5.1142 34.7870 32.6335 30.4795 23.5555 31.4507 8.2810 35.5840 28.4175 27.0103 4.3737 32.2624 40.0474 31.1196 17.8021
134 53.5558 116.2314 111.1025 110.8721 111.7027 113.2400 95.1987 103.5769 116.0093 136.5329 123.7762 102.0995 117.6809 134.2243 51.1087 134.0686 125.4845 105.1548 115.2631 117.6249 141.2525 165.9502 170.2444 103.7749 22.0231 26.3354 25.9517 25.8146 26.3874 28.9657 19.1383 48.1652 48.7453 25.4508 49.9022 53.4205 44.9591 49.4844 19.7202 49.1090 28.9230 23.7300 49.6193 39.4543 44.0481 44.5969 34.7529 38.7368 41.6794 25.0508 36.3912 51.6614 40.6572 62.9635 34.9109 55.7248 28.9839 53.4972 49.7070 22.8130 51.7132 61.0105 56.9679 38.4825 50.9409 38.4362 42.5421 39.3674 26.4975 23.0777 61.2133 74.2248 57.8756 11.6504 17.3116 19.9577 5.6007 28.4641 10.6206 7.1704 14.3793 22.2078 14.1966 49.6938 33.6278 8.6286 54.9657 73.1300 64.7601 100.1192 93.4438 89.7097 89.0509 72.8815 86.4737 85.3301 79.5954 29.1712 39.3092 24.9302 41.1953 39.4246 33.6697 25.9140 15.0087 20.9543 27.5265 14.8613 61.0689 31.4967 33.1148 26.3083 34.4742 81.7712 73.7973 66.3425 86.4493 52.7175 95.1589 55.7395 51.8192 82.7377 62.0421 42.7871 83.4927 77.6001 58.5664 102.0995 18.6616 21.2569 23.9685 4.6526 3.4554 37.4934 0.0000 5.9198 6.9448 7.1240 35.6075 16.0822 4.7230 32.9324 14.7810 6.2089 7.3249 15.0450 8.9939 29.4416 8.6742 21.0698 10.5139 33.1696 5.2547 4.2628 8.4695 20.8979
135 50.3938 111.9183 106.0664 107.2897 107.7842 108.4684 92.0500 97.8427 110.4801 130.7695 117.9318 96.6129 111.8999 128.6056 45.7029 132.9270 123.1603 102.9233 112.0049 116.0343 139.3602 162.5341 167.1538 102.1746 22.4270 25.8594 25.5046 27.3864 27.9431 30.4649 21.5333 43.6920 46.0383 28.3417 48.0385 48.9804 45.4024 44.2634 21.2403 44.2974 30.0447 25.8632 45.4485 35.6317 41.1145 40.5504 33.9216 34.0406 40.8925 25.6422 36.0707 51.6412 43.0928 63.3035 37.9258 51.7986 31.4204 49.4512 45.9492 22.9773 55.8475 61.7614 54.1396 33.0086 46.9163 33.4813 37.3231 33.5142 26.0100 28.6435 58.5887 70.9844 55.8440 13.8433 13.0058 15.7798 9.4621 25.2791 9.3151 9.8693 11.8651 19.9857 13.4897 48.5542 30.8627 10.3768 54.6445 72.2613 64.1766 95.9338 90.2222 85.3614 84.1221 69.0502 81.9034 81.5619 75.0569 23.3248 33.4117 21.2601 35.7355 33.5525 27.7755 20.7294 9.7216 15.7907 21.6339 9.0590 55.5885 25.6505 27.5172 21.5148 28.5705 76.3446 68.4044 60.9655 80.8275 47.4618 89.5024 51.2345 46.5571 77.0448 56.3096 36.9855 77.6198 71.7682 52.7032 96.6129 17.2466 20.5345 18.4265 5.5628 8.0504 32.2853 5.9198 0.0000 4.1137 11.5117 30.3886 18.3257 9.2887 27.5509 16.3214 1.0225 1.8960 11.4914 3.7063 24.0946 11.0715 20.3453 6.1360 28.0368 3.0732 7.7665 2.8639 16.7479
136 47.0346 109.3274 104.1894 104.1907 104.8990 106.2959 88.7110 97.1835 109.3430 130.1825 117.6458 95.4008 111.3764 127.6472 44.3865 128.9442 119.4849 99.2111 108.7273 112.1428 135.5518 159.3488 163.8015 98.2820 26.4072 29.9515 29.5941 31.1396 31.7032 34.2498 24.9895 46.8210 49.9331 31.6446 52.0871 52.1124 49.4275 46.7040 24.9710 47.1594 33.9188 29.4398 48.7640 39.1714 44.9603 43.9551 38.0343 37.0563 45.0057 29.6047 40.1642 55.7223 46.6205 67.3540 41.2063 55.2286 34.9164 52.8243 49.4785 26.9958 58.5284 65.7535 50.6274 31.8468 44.0838 31.5307 35.7226 33.4127 30.1032 29.8655 54.9959 67.6823 52.0425 10.4519 10.3668 13.0232 7.6436 21.8755 5.2015 7.1887 8.0257 16.1451 9.3772 44.5401 27.2795 7.0846 50.5441 68.2210 60.0998 93.2398 86.9193 82.7963 82.1212 66.0952 79.5335 78.5705 72.6570 23.2781 34.3518 18.1290 37.8955 34.6624 27.9733 19.1326 8.4989 14.2046 22.7526 9.2561 57.6187 26.9715 29.5108 19.3893 29.4980 75.0354 67.0429 63.1388 82.5414 45.9018 91.1300 48.8007 48.9360 76.2881 57.8184 36.6438 77.5068 72.9199 52.5787 95.4008 21.3603 24.6321 20.6797 3.4298 10.1271 34.8186 6.9448 4.1137 0.0000 13.8517 32.9262 21.8041 11.4490 29.9051 19.9952 3.1442 5.7340 15.3944 3.4128 26.5427 14.3441 24.4426 9.9777 30.6976 6.9138 6.2053 3.7282 20.3129
137 60.6780 123.1519 117.5744 117.9724 118.7450 119.9194 102.3227 108.9445 121.8476 141.7897 128.7029 108.0166 122.8852 139.8766 57.1724 140.7308 132.5204 112.1776 122.3861 124.4666 148.1790 173.0680 177.3666 110.6281 16.9258 21.8552 21.4626 19.5560 20.1246 22.6809 12.5378 48.0814 46.0683 18.4787 46.2133 53.1969 39.1848 50.8680 13.7536 49.6318 22.9105 17.1546 49.0015 38.5109 41.7520 43.8744 30.3012 39.2499 37.0196 19.6102 31.4038 46.1814 33.7570 57.1231 27.8558 54.6282 22.1614 52.6188 48.4455 17.8978 44.6768 54.8953 64.0861 44.4611 57.9352 44.9624 48.8340 44.4156 22.0206 17.6347 68.3149 81.3466 64.8874 17.5836 24.1216 26.8338 11.3567 35.5736 17.7310 13.3873 21.4978 29.3166 21.1653 56.4713 40.7505 15.1246 61.3760 79.7407 71.2626 107.0838 100.5670 96.6107 95.6124 79.9344 93.2693 92.3987 86.4056 34.3256 43.2196 31.9659 43.3051 43.1207 38.5088 32.2383 21.2273 27.2924 31.5789 20.3653 62.9954 35.1550 35.7838 32.9275 38.5133 87.7902 79.8682 67.9432 88.6784 58.9678 97.4823 62.5560 53.2691 88.2366 64.8127 48.0334 88.2947 80.7745 63.4827 108.0166 15.8829 17.3942 26.7897 11.7623 3.7303 39.0651 7.1240 11.5117 13.8517 0.0000 37.2504 9.7598 2.4141 35.0271 9.2624 12.2288 12.0175 15.5121 15.1570 31.5646 3.9552 17.2268 13.0811 34.6953 9.0299 10.6889 14.3744 21.3947
138 59.3961 108.0911 96.2846 108.7785 107.0072 101.0384 96.9915 79.5557 94.9268 111.0201 96.6803 82.1988 92.2390 111.2766 38.3122 146.5112 131.3097 112.2961 115.3139 128.0313 149.2628 163.4119 169.9385 114.6200 31.2820 28.9020 28.9205 37.5038 37.7322 38.8859 37.4296 15.5559 27.5687 42.9422 33.7742 20.5280 43.8348 13.8847 34.5904 14.6337 37.1367 38.7494 18.6795 13.9355 22.8264 15.4866 30.4293 6.5722 34.6011 33.0285 34.0301 46.2153 51.5203 57.6335 50.1663 25.5208 43.1873 22.8278 21.4107 30.5809 70.4809 58.4171 64.2973 29.3454 51.4984 35.1369 34.8489 22.0673 28.8977 53.8311 69.1858 76.9646 69.5104 43.2883 31.4268 32.4876 39.8408 40.7446 36.5799 39.9897 35.8716 40.7971 39.8785 66.5909 46.0908 40.0021 74.8611 89.2836 82.7829 93.8584 94.8444 82.7419 76.6431 71.5738 77.7734 83.3669 71.7824 19.8621 14.2785 36.5985 6.4225 13.0129 18.4182 28.0510 27.6238 27.6610 13.9647 24.8764 25.7451 11.0795 5.7098 31.0027 13.4075 64.0208 57.2823 30.7913 51.4564 41.4809 60.2802 51.4863 16.2119 60.6461 28.2236 25.4681 56.9247 44.5650 34.8448 82.1988 24.8562 27.0109 12.3146 35.7458 35.7747 1.8973 35.6075 30.3886 32.9262 37.2504 0.0000 35.6110 36.3513 3.3762 33.1462 30.7362 28.5842 21.7489 29.5610 6.3963 33.8008 26.9917 25.1308 2.5780 30.3799 38.1505 29.2254 16.0547
139 68.7138 129.7353 122.7630 125.5596 125.9115 125.6839 110.3749 111.7450 125.5370 144.2381 130.5866 111.9346 125.3065 143.1138 61.8404 150.1504 141.2764 120.9870 130.3283 133.6692 157.2272 180.8334 185.4787 119.8146 8.0393 13.3244 12.9495 9.8183 10.3896 12.9594 3.2081 43.6472 38.6097 10.1095 37.7419 48.4401 29.4415 48.2821 4.1011 45.9347 13.1535 7.6722 43.8660 33.3552 34.8268 38.7744 21.4341 35.9607 27.8525 10.1779 22.0685 36.5024 24.8173 47.3652 19.6623 48.7721 13.1169 47.0689 42.5403 9.1535 38.4840 45.1539 72.4061 49.2077 65.0765 50.8570 54.1271 47.5027 13.4821 19.0967 76.7980 89.3100 73.7641 27.2589 31.2719 34.0500 20.9941 43.5777 26.4455 22.9457 29.8192 37.9020 30.2351 65.7708 49.0745 24.5925 70.9656 89.2037 80.8023 113.8882 108.5477 103.1863 101.1261 87.2574 99.4864 99.7824 92.7003 37.9958 44.5447 39.5839 42.0047 44.1261 41.4773 38.0383 27.4407 33.3325 33.7396 25.6141 60.8495 36.5038 35.6709 39.3247 40.2428 92.0460 84.2967 65.2567 86.5872 64.0099 95.4430 69.0156 50.7020 91.4268 63.8307 51.3506 90.2065 80.1452 65.8994 111.9346 10.9166 10.2838 27.6410 20.6102 12.7397 37.2240 16.0822 18.3257 21.8041 9.7598 35.6110 0.0000 11.6948 34.1568 2.6468 19.2930 17.8679 15.4374 21.9140 30.9929 7.5076 10.1819 16.4256 33.0587 15.2594 20.1226 20.9374 19.8642
140 58.2690 120.7646 115.2960 115.5583 116.3356 117.5879 99.9175 106.9759 119.7445 139.8590 126.8692 105.8893 120.9674 137.8292 54.9915 138.5482 130.1756 109.8390 119.9778 122.2096 145.8857 170.6562 174.9664 108.3657 18.3503 23.0577 22.6661 21.5087 22.0808 24.6532 14.6323 47.7869 46.6770 20.7786 47.1942 52.9611 40.9651 50.0925 15.5445 49.1373 24.7624 19.2502 48.8912 38.4819 42.2122 43.7867 31.5326 38.7282 38.3514 21.2007 32.8512 47.8507 36.0254 58.9449 30.2057 54.6948 24.3856 52.6060 48.5566 19.2522 47.0829 56.8275 61.6909 42.2947 55.5322 42.6581 46.5895 42.5037 23.2228 19.4883 65.9327 78.9371 62.5528 15.5731 21.7444 24.4465 9.3041 33.1605 15.3414 11.2555 19.0874 26.9289 18.8395 54.2349 38.3499 12.9325 59.2812 77.5738 69.1358 104.6874 98.1591 94.2269 93.3091 77.5233 90.9086 89.9861 84.0413 32.3653 41.6364 29.5556 42.2772 41.6014 36.6455 29.9730 18.9645 25.0171 29.9193 18.2616 62.0644 33.6243 34.5553 30.5952 36.8806 85.6309 77.6928 67.1241 87.6739 56.7383 96.4526 60.1885 52.4769 86.2247 63.6146 46.0703 86.4879 79.4636 61.6286 105.8893 16.3400 18.3064 25.4672 9.3717 1.3220 38.1959 4.7230 9.2887 11.4490 2.4141 36.3513 11.6948 0.0000 33.9750 10.7848 9.9446 9.9847 14.7793 12.8763 30.4867 4.7812 18.1290 11.6215 33.8230 7.0620 8.4655 12.1360 20.7561
141 56.4082 106.3533 95.1468 106.5536 104.9757 99.6520 94.4533 79.4885 94.5246 111.2931 97.1616 81.5808 92.4426 111.1819 36.3066 143.5100 128.6259 109.4946 112.9572 125.0977 146.4869 161.3537 167.7238 111.6400 30.5045 28.6681 28.6407 36.9004 37.1747 38.5264 36.1968 18.9108 30.0934 42.0344 35.9450 23.9034 44.7679 16.7996 33.5004 17.9758 36.8604 37.8899 21.9626 16.3643 25.1806 18.5302 31.1275 9.6405 35.8278 32.5249 34.7114 47.6362 51.4956 59.2501 49.6915 28.8162 42.5960 26.1309 24.5150 29.9040 70.0154 59.7954 61.2805 26.6888 48.6987 32.2543 32.2701 19.8991 28.6832 51.9442 66.1723 74.2677 66.3552 40.2045 28.0774 29.1142 36.9660 37.3976 33.4069 37.0214 32.5864 37.4259 36.6313 63.2814 42.7761 36.9595 71.5180 86.0493 79.4878 91.8968 92.3224 80.7767 75.1382 69.0965 75.9250 81.0154 69.8093 16.7080 12.8265 33.2336 8.3044 11.7731 15.6923 24.7362 24.3390 24.2848 10.6423 21.6512 28.1531 8.1041 2.9628 27.6837 10.9614 62.9981 56.0379 33.4258 53.6991 39.3970 62.4803 49.0006 19.0402 60.1628 29.8937 23.5094 57.1130 46.0831 34.2175 81.5808 23.6629 26.1908 9.2255 32.8163 33.3192 5.1142 32.9324 27.5509 29.9051 35.0271 3.3762 34.1568 33.9750 0.0000 31.6152 27.8389 25.7891 19.6500 26.5158 3.4988 31.7339 26.1485 22.5502 2.8040 27.7517 35.2859 26.2329 14.3144
142 66.6842 127.3504 120.2143 123.3705 123.6309 123.1911 108.3150 109.0984 122.9036 141.5932 127.9516 109.3104 122.6614 140.4699 59.2761 148.7151 139.4538 119.1954 128.2285 132.0810 155.5418 178.6739 183.4142 118.2214 7.6644 12.6910 12.3004 11.1608 11.7284 14.2925 5.5554 41.6554 37.5230 12.5034 37.1593 46.5337 30.2235 45.9718 4.9941 43.8016 14.1466 9.5677 42.0381 31.4913 33.5149 36.9204 21.0854 33.7221 27.7619 10.4169 22.1464 37.0665 26.7967 48.2208 21.9641 47.1512 15.1777 45.3579 40.9170 8.6541 41.0419 46.2299 70.4606 46.6640 62.8339 48.4333 51.6273 44.8690 12.8555 21.1341 74.9046 87.2380 72.0368 26.2660 29.1438 31.9170 20.0090 41.5965 24.8232 21.8522 28.0179 36.1400 28.7381 64.2926 47.1752 23.4011 69.7397 87.8313 79.5110 111.5450 106.4682 100.8100 98.6141 85.0294 97.0590 97.5590 90.2873 35.3968 41.9066 37.5151 39.5226 41.4965 38.8444 35.6375 25.1672 30.9881 31.0955 23.2156 58.5001 33.8608 33.0804 37.0082 37.5969 89.4409 81.7037 62.9901 84.2554 61.4745 93.1098 66.6462 48.3942 88.7849 61.3505 48.7217 87.5671 77.6444 63.2526 109.3104 8.6917 8.7767 24.9993 19.1341 11.6382 34.7870 14.7810 16.3214 19.9952 9.2624 33.1462 2.6468 10.7848 31.6152 0.0000 17.3165 15.6908 12.7908 19.8143 28.4195 6.1293 8.6409 13.9433 30.5845 13.2510 18.9676 18.8176 17.3058
143 49.4209 111.0722 105.3552 106.3584 106.8872 107.6996 91.0829 97.3901 109.9235 130.3370 117.5674 96.0384 111.4800 128.0898 45.0913 131.9050 122.1539 101.9132 111.0472 115.0128 138.3429 161.5911 166.1866 101.1530 23.4495 26.8675 26.5137 28.3947 28.9522 31.4768 22.4994 44.2374 46.8724 29.2865 48.9537 49.5287 46.4228 44.5924 22.2448 44.7563 31.0637 26.8492 46.0579 36.3186 41.9259 41.1896 34.9108 34.5434 41.8797 26.6646 37.0777 52.6523 44.0756 64.3210 38.8703 52.4499 32.3965 50.0818 46.6352 23.9987 56.6903 62.7835 53.1484 32.4183 46.0203 32.7337 36.6473 33.1604 27.0176 29.1609 57.5890 70.0212 54.8263 13.1460 12.1002 14.8673 9.1290 24.2945 8.3393 9.3304 10.8428 18.9643 12.5170 47.5343 29.8609 9.6875 53.6437 71.2438 63.1660 95.0685 89.2600 84.5177 83.3838 68.1387 81.0947 80.6459 74.2417 22.9641 33.3145 20.3059 35.9755 33.4997 27.4835 20.0284 9.0211 15.0733 21.5594 8.6526 55.8034 25.6406 27.6987 20.7180 28.4624 75.7458 67.7926 61.2233 80.9616 46.8010 89.6146 50.4079 46.8690 76.5663 56.3804 36.5803 77.2892 71.7498 52.3607 96.0384 18.2309 21.5404 18.6639 5.0311 8.6700 32.6335 6.2089 1.0225 3.1442 12.2288 30.7362 19.2930 9.9446 27.8389 17.3165 0.0000 2.6335 12.3178 2.9320 24.4056 11.9900 21.3514 6.9177 28.4199 4.0662 7.4581 2.2664 17.4306
144 51.0282 112.0097 105.7719 107.7008 108.0559 108.3270 92.6356 96.9915 109.8302 129.8759 116.9212 96.0036 110.9866 127.8700 45.2023 134.1065 124.0080 103.8093 112.5385 117.1006 140.3327 162.9911 167.7308 103.2449 21.3536 24.5282 24.1831 26.5930 27.1401 29.6255 21.0664 41.8024 44.2390 27.9626 46.3564 47.0902 44.2078 42.4657 20.5033 42.4328 29.0992 25.2574 43.5525 33.7443 39.2935 38.6555 32.4664 32.1621 39.4250 24.5854 34.7216 50.3201 42.4791 62.0497 37.5294 49.9050 30.8651 47.5557 44.0619 21.8334 55.8299 60.6126 54.8839 32.4818 47.2104 33.3321 36.9838 32.5305 24.6750 29.4713 59.3931 71.5556 56.8375 15.7219 13.4554 16.2268 11.3089 26.0178 10.8842 11.7644 13.0527 21.0955 15.0574 49.8022 31.7085 12.2563 56.0680 73.5410 65.5306 96.0934 90.7824 85.4512 83.9040 69.3895 81.8850 81.9147 75.0607 22.3817 32.0422 21.8503 34.0053 32.1259 26.7022 20.5056 9.6345 15.6461 20.2604 8.3611 53.8715 24.1843 25.8440 21.5437 27.2235 75.7942 67.8864 59.2138 79.1764 47.0722 87.8709 51.2884 44.7701 76.2484 54.7261 36.0857 76.5621 70.2782 51.6779 96.0036 15.7858 19.1945 16.7184 7.4588 8.8583 30.4795 7.3249 1.8960 5.7340 12.0175 28.5842 17.8679 9.9847 25.7891 15.6908 2.6335 0.0000 9.6847 4.1921 22.3192 10.9337 19.0070 4.2865 26.2123 2.9968 9.6097 3.1738 14.8579
145 57.7139 116.0664 108.0159 113.1722 112.9301 111.3084 98.8726 96.3110 110.2067 128.8070 115.2087 96.6718 109.8745 127.7044 47.0680 142.4182 131.1732 111.1538 118.5027 125.0553 147.9318 168.5378 173.7720 111.2337 15.0063 16.5737 16.2935 21.3334 21.7931 23.9449 18.0852 33.1994 34.5548 24.7744 36.8132 38.4309 36.4256 35.3688 16.1331 34.3834 22.8994 21.0929 34.5759 24.4420 29.6234 29.5531 23.7351 23.9720 30.5705 18.0654 26.4043 41.9512 37.4632 53.8774 33.7556 40.7026 26.5825 38.4559 34.7275 15.0494 53.4926 52.8756 61.9299 34.6555 52.6386 37.2436 39.8891 32.1971 16.6945 32.3182 66.6178 77.8374 64.7172 25.2753 20.7737 23.2967 20.2234 33.4927 20.4577 21.0967 22.0481 29.7049 24.5941 58.4809 39.3799 21.8159 65.1802 82.2377 74.4483 100.5228 96.9254 89.6257 86.6498 74.7537 85.5897 87.2522 78.9188 23.0426 29.1615 29.0199 27.8734 28.8059 26.1879 24.8585 16.0428 20.8346 18.3430 13.1879 47.4926 21.0887 20.7075 26.8108 24.8080 76.9277 69.2721 52.4353 73.1980 49.4493 82.0132 55.6417 37.7654 76.0354 49.5352 36.0829 74.8060 65.6559 50.4628 96.6718 7.7736 11.5361 12.2438 16.8991 14.3819 23.5555 15.0450 11.4914 15.3944 15.5121 21.7489 15.4374 14.7793 19.6500 12.7908 12.3178 9.6847 0.0000 13.0732 16.2485 12.0877 11.3765 5.4173 19.1881 9.9719 18.5727 12.1782 5.9865
146 46.8733 108.2130 102.4235 103.6544 104.1045 104.7815 88.5015 94.5912 107.0402 127.5559 114.8626 93.1449 108.7131 125.2344 42.1817 129.9926 119.8164 99.6173 108.4273 112.9385 136.1478 158.9196 163.6020 99.0846 25.5347 28.5954 28.2576 30.7715 31.3205 33.8118 25.1210 43.6145 47.3742 31.9711 49.8827 48.9020 48.3390 43.3153 24.6663 43.8561 33.2912 29.3801 45.6488 36.2259 42.3339 40.9013 36.4066 33.8164 43.3409 28.7680 38.7612 54.3708 46.6110 66.1431 41.5522 52.1773 34.9694 49.7387 46.5062 25.9972 59.5537 64.7594 50.7020 29.5221 43.2382 29.8071 33.7179 30.4977 28.7392 32.0364 55.2036 67.4260 52.6596 13.7423 9.3590 12.1374 10.9291 21.8326 7.5981 10.5988 9.0480 16.9837 11.6172 45.7482 27.5164 10.4452 52.1881 69.5026 61.5642 92.2338 86.6585 81.6558 80.4558 65.3874 78.2000 77.9043 71.3521 20.3113 31.0732 17.7009 34.4862 31.3455 24.9196 17.0968 6.0922 12.1414 19.4142 6.0553 54.2060 23.6064 26.0983 17.8133 26.2152 72.8402 64.8814 59.7275 79.1478 43.8742 87.7467 47.5283 45.5397 73.7453 54.4451 33.8487 74.6326 69.6145 49.6970 93.1449 19.7697 23.2671 17.2911 6.6493 11.5989 31.4507 8.9939 3.7063 3.4128 15.1570 29.5610 21.9140 12.8763 26.5158 19.8143 2.9320 4.1921 13.0732 0.0000 23.1708 14.7501 23.0814 7.7791 27.3606 6.6835 9.3858 1.0198 17.4840
147 55.4012 107.1841 96.6383 106.7623 105.4450 100.8830 94.2098 81.9190 96.6800 113.9383 99.9494 83.5699 95.0527 113.5655 36.9974 142.3856 128.1148 108.7871 112.9727 124.1243 145.8053 161.7528 167.9105 110.5776 27.7793 26.3755 26.3109 34.2626 34.5689 36.0624 33.1491 21.3755 30.7499 39.1675 36.0590 26.5267 43.4113 20.1892 30.5494 20.9178 34.4703 35.0693 24.1202 17.1610 25.6637 20.1920 29.6445 11.6497 34.8355 29.9866 33.1768 46.7763 49.2438 58.5642 47.0991 30.9640 39.9426 28.3211 26.2086 27.2555 67.3897 58.8413 60.1972 26.5103 48.0990 31.5861 32.1618 20.6024 26.4064 48.5652 65.0868 73.7881 64.9192 36.8936 25.3060 26.5533 33.5264 35.2951 30.1932 33.6267 29.5756 34.8082 33.5343 61.3276 40.8383 33.6143 69.3812 84.3551 77.5787 92.4699 92.1069 81.3613 76.2748 68.9875 76.6631 81.0743 70.4044 15.6095 14.6130 30.9985 11.8004 13.8103 15.6361 22.8926 21.3386 21.8619 9.0857 18.5256 31.6515 8.0383 4.7637 25.7942 11.6440 64.6537 57.4948 36.9063 57.1900 39.9636 65.9659 48.9382 22.4653 62.3019 33.2930 24.4110 59.7556 49.4160 36.3414 83.5699 20.7089 23.4697 5.9230 29.3998 29.8234 8.2810 29.4416 24.0946 26.5427 31.5646 6.3963 30.9929 30.4867 3.4988 28.4195 24.4056 22.3192 16.2485 23.1708 0.0000 28.3153 23.4112 19.0514 4.4360 24.2553 31.8419 22.8500 11.1355
148 61.3418 122.9189 116.6174 118.3480 118.8530 119.2471 103.0166 106.9714 120.2321 139.7083 126.4153 106.4856 120.7830 138.0908 55.8968 142.7054 133.7830 113.4876 123.0056 126.1737 149.7200 173.5731 178.1158 112.3178 13.5924 18.2798 17.8880 17.1507 17.7230 20.3005 10.6620 44.2299 42.1662 17.3221 42.4797 49.3211 36.3505 47.2881 11.0460 45.8719 20.2541 15.1789 45.0903 34.5853 37.8148 39.9596 26.7543 35.5182 33.5706 16.5006 28.0846 43.1567 32.2939 54.3494 26.9001 50.6826 20.5873 48.6853 44.4960 14.4784 44.8964 52.3448 64.9709 43.1803 57.9855 44.2603 47.8335 42.4216 18.4450 20.3164 69.3343 81.9688 66.2578 20.1412 24.0770 26.8498 13.8913 36.1853 18.9381 15.7229 22.3398 30.4053 22.7511 58.3032 41.6232 17.2802 63.6394 81.7865 73.4321 106.9703 101.2086 96.3598 94.7981 80.1214 92.8176 92.6320 85.9906 32.5069 40.5915 32.2827 39.9598 40.3911 36.4354 31.4269 20.5571 26.5798 29.1491 19.1350 59.5275 32.4818 32.6861 32.4582 35.9904 86.3837 78.5274 64.3791 85.2570 57.8723 94.0798 62.2056 49.6988 86.3913 61.6083 46.1469 85.9806 77.6862 61.3023 106.4856 11.9327 13.5988 23.8742 13.1243 5.5214 35.5840 8.6742 11.0715 14.3441 3.9552 33.8008 7.5076 4.7812 31.7339 6.1293 11.9900 10.9337 12.0877 14.7501 28.3153 0.0000 13.4254 10.7005 31.2304 8.0804 12.8398 13.8209 17.8097
149 68.9870 127.2223 118.5797 124.5400 124.2416 122.1518 110.2302 105.2859 119.8026 137.3476 123.3008 106.4937 118.4639 136.8940 57.7836 153.0705 142.3786 122.2976 129.8773 135.9363 158.9908 179.9042 185.1467 122.0914 4.3682 5.5214 5.1773 10.8894 11.2347 13.0182 10.9355 33.5958 28.9506 15.9509 29.0654 38.3122 25.3175 38.8440 7.8298 36.0745 11.7286 11.7661 33.7025 23.2181 24.8757 28.6254 13.7217 26.3902 20.6854 6.9148 15.7265 31.3142 26.5506 43.0621 23.7314 38.6069 16.5431 36.8873 32.3729 3.9476 43.9867 41.7735 73.1278 45.6170 64.0150 48.5363 50.9806 42.2655 5.6692 29.2430 77.7706 89.1843 75.6063 32.6731 31.7019 34.3371 26.6516 44.4818 29.6266 28.1918 32.0589 40.0650 33.7785 68.8075 50.3163 29.4562 74.9866 92.5480 84.5139 111.7708 108.2895 100.8353 97.4639 86.1241 96.6976 98.6179 90.0759 33.8247 37.8246 40.0838 33.4006 37.1545 36.3956 36.2320 27.1112 32.1740 28.3767 24.4315 51.4914 30.1931 28.1702 38.1735 34.0643 87.0971 79.6093 55.6363 77.1155 60.3162 85.9649 66.9367 41.2446 85.4588 55.0545 46.1998 83.1626 71.4370 59.5660 106.4937 3.6032 0.1902 21.6249 24.6782 18.5980 28.4175 21.0698 20.3453 24.4426 17.2268 26.9917 10.1819 18.1290 26.1485 8.6409 21.3514 19.0070 11.3765 23.0814 23.4112 13.4254 0.0000 15.5314 24.5503 17.6466 25.3060 22.0766 12.8005
150 53.6485 113.4423 106.3661 109.7953 109.8681 109.2601 95.0867 96.2710 109.5897 129.0157 115.7718 95.8777 110.0926 127.4045 45.4866 137.5988 126.9268 106.8088 114.8710 120.4090 143.4693 165.1451 170.1202 106.5663 18.4130 21.0031 20.6803 24.1818 24.7003 27.0770 19.4967 37.8050 39.9615 26.4465 42.1866 43.0814 40.8489 38.9943 18.3352 38.6228 26.3295 23.2816 39.4380 29.5271 35.0082 34.4983 28.6638 28.2750 35.5828 21.6311 31.1034 46.7128 40.3100 58.5454 35.8649 45.7260 28.9194 43.4064 39.8424 18.7312 54.8911 57.3037 57.6930 32.8164 49.1959 34.5046 37.7016 31.7231 21.1409 30.6724 62.2991 74.0084 60.0756 19.9759 16.1900 18.8609 15.2480 28.9658 15.0513 15.9153 16.8216 24.6614 19.1995 53.4573 34.7878 16.5096 59.9668 77.2186 69.3246 97.6867 93.1866 86.9133 84.7013 71.3939 83.1228 83.9231 76.3597 21.8584 30.1398 24.6026 30.8467 30.0443 25.7349 21.7410 11.7069 17.2152 18.5394 9.3677 50.7021 22.0753 22.9707 23.2709 25.4489 75.8449 68.0335 55.9027 76.2073 47.6020 84.9595 52.7661 41.3399 75.7006 52.0241 35.4607 75.3426 67.8425 50.6193 95.8777 12.1020 15.7123 13.8544 11.6459 10.8327 27.0103 10.5139 6.1360 9.9777 13.0811 25.1308 16.4256 11.6215 22.5502 13.9433 6.9177 4.2865 5.4173 7.7791 19.0514 10.7005 15.5314 0.0000 22.6723 5.2620 13.5595 6.8369 10.6697
151 59.0560 109.1017 97.7333 109.3570 107.7670 102.3162 97.2409 81.5985 96.8084 113.2140 98.9516 83.9619 94.4023 113.3117 39.0886 146.1372 131.3847 112.2196 115.7598 127.7649 149.2188 164.1485 170.5272 114.2825 28.8640 26.6643 26.6649 35.1443 35.3879 36.6121 34.9116 16.9451 27.3258 40.4985 33.1410 22.0908 42.2143 16.3237 32.0985 16.5528 34.8928 36.3157 19.7568 13.5975 22.3898 16.0313 28.6522 7.2894 33.1713 30.6974 32.2476 44.9341 49.3911 56.5075 47.8584 26.6118 40.8360 23.9531 22.0453 28.1913 68.1837 57.1081 63.9088 29.4686 51.4331 34.9665 35.0593 22.6919 26.6677 51.2531 68.8014 77.0268 68.8683 41.1025 29.7417 30.9666 37.4980 39.5761 34.5038 37.7091 33.9838 39.2334 37.9095 65.5563 45.0513 37.7817 73.6879 88.4590 81.7902 94.6799 95.1122 83.5596 77.8314 71.8923 78.6908 83.8184 72.5925 19.2795 15.4474 35.3264 8.9480 14.3151 18.4697 27.0403 25.7553 26.2396 13.0046 22.9056 28.3050 10.8386 5.7643 29.9698 13.7650 65.5380 58.6515 33.3028 54.0270 42.1886 62.8531 51.7972 18.6810 62.4767 30.7720 26.2783 59.0723 47.0982 36.5799 83.9619 22.3350 24.5756 10.2730 33.4429 33.2652 4.3737 33.1696 28.0368 30.6976 34.6953 2.5780 33.0587 33.8230 2.8040 30.5845 28.4199 26.2123 19.1881 27.3606 4.4360 31.2304 24.5503 22.6723 0.0000 27.9300 35.8032 26.9809 13.4768
152 53.4655 114.8434 108.7433 110.3312 110.7850 111.2577 95.1192 99.9425 112.8213 132.8112 119.8072 98.9982 113.9155 130.8483 48.1977 135.8569 126.2183 105.9742 115.0689 119.0254 142.3864 165.5863 170.2229 105.1648 19.4934 23.1293 22.7654 24.3332 24.8918 27.4210 18.4675 42.9590 44.1958 25.2939 45.8261 48.2233 42.5198 44.2499 18.1801 43.8593 27.0355 22.7900 44.4829 34.4112 39.3785 39.4907 31.3209 33.4937 38.2963 22.6919 33.3371 48.8624 40.0197 60.4580 34.8769 50.6656 28.3486 48.3990 44.6995 20.0892 52.9490 58.8397 57.2113 35.4777 49.9200 36.2572 39.9592 35.4474 23.2836 26.5422 61.6552 74.0518 58.8694 15.5528 16.0358 18.8134 10.2525 28.3522 12.0248 11.2274 14.8559 22.9877 16.1493 51.4538 33.9271 12.1516 57.3852 75.1289 66.9830 98.8899 93.2889 88.2844 86.8565 72.0708 84.7683 84.5873 77.9339 25.3230 34.6915 24.3245 36.0342 34.7112 29.5835 23.4467 12.5062 18.5561 22.9362 11.3578 55.9026 26.7409 28.0440 24.3908 29.9051 78.7910 70.8828 61.1376 81.3508 50.0571 90.0834 54.1358 46.5912 79.2158 57.0512 39.0314 79.4279 72.7437 54.5666 98.9982 14.7328 17.8368 18.8928 7.2186 6.0123 32.2624 5.2547 3.0732 6.9138 9.0299 30.3799 15.2594 7.0620 27.7517 13.2510 4.0662 2.9968 9.9719 6.6835 24.2553 8.0804 17.6466 5.2620 27.9300 0.0000 8.6114 5.7415 15.7142
153 50.5268 113.8941 109.5205 107.9852 109.0517 111.3491 92.0619 103.2270 115.1754 136.2404 123.7866 101.2015 117.4582 133.5602 50.2058 130.0829 121.9090 101.5541 112.1686 113.7779 137.4986 162.9197 167.0216 99.9393 26.2758 30.5933 30.2102 29.9127 30.4856 33.0627 23.0961 51.3483 52.7152 29.1654 54.0561 56.6296 49.1779 52.0206 23.8667 52.0399 33.0861 27.7121 52.9920 42.9961 47.9448 48.0332 39.0022 41.7526 45.9346 29.2857 40.6540 55.9115 44.4456 67.1804 38.4956 59.2357 32.8344 56.9431 53.2943 27.0731 54.5466 65.1770 53.7360 37.7861 48.5210 37.0088 41.4143 39.6089 30.7551 24.4745 57.8619 71.1777 54.2635 7.3879 15.7646 18.1599 1.6996 25.6757 7.6677 2.9084 11.7252 18.9998 10.5793 45.7864 30.5120 4.4708 50.8456 69.1089 60.6818 97.6924 90.3518 87.4392 87.3711 70.2303 84.4157 82.6063 77.5210 29.4825 40.4590 22.5548 43.4334 40.7230 34.1769 24.9702 14.6509 20.1291 28.7837 15.4032 63.2601 32.9444 35.1509 24.8908 35.6010 80.8005 72.7885 68.6799 88.3829 51.5749 97.0182 53.7122 54.3072 82.3084 63.7509 42.8088 83.6851 78.9934 58.7629 101.2015 22.8094 25.4938 26.1210 2.7765 7.3864 40.0474 4.2628 7.7665 6.2053 10.6889 38.1505 20.1226 8.4655 35.2859 18.9676 7.4581 9.6097 18.5727 9.3858 31.8419 12.8398 25.3060 13.5595 35.8032 8.6114 0.0000 9.3156 24.2109
154 47.8759 109.1126 103.2026 104.6241 105.0470 105.6130 89.4976 95.1237 107.6740 128.0710 115.3104 93.7951 109.2148 125.8297 42.8640 131.0011 120.8342 100.6364 109.4164 113.9555 137.1676 159.8970 164.5967 100.1013 24.5151 27.5926 27.2534 29.7594 30.3078 32.7969 24.1430 43.1011 46.5659 31.0060 48.9908 48.3919 47.3262 43.0263 23.6591 43.4328 32.2722 28.3847 45.0716 35.5556 41.5444 40.2872 35.4280 33.3302 42.3678 27.7482 37.7641 53.3724 45.6138 65.1371 40.5846 51.5633 33.9795 49.1440 45.8507 24.9792 58.6646 63.7443 51.7147 30.1798 44.1842 30.6217 34.4625 30.9093 27.7368 31.4179 56.2199 68.4205 53.6787 14.1783 10.3365 13.1140 10.9228 22.8466 8.3543 10.7911 10.0225 17.9893 12.4398 46.7436 28.5353 10.8085 53.1450 70.4953 62.5411 93.1503 87.6514 82.5540 81.2598 66.3434 79.0678 78.8630 72.2259 20.7131 31.2130 18.7004 34.2756 31.4384 25.2565 17.8656 6.8582 12.9278 19.4934 6.4003 54.0475 23.6324 25.9270 18.6791 26.3558 73.5128 65.5660 59.5286 79.0866 44.6048 87.7107 48.4140 45.2715 74.3010 54.4361 34.3177 75.0418 69.7059 50.1108 93.7951 18.7793 22.2626 17.0123 6.6626 10.8813 31.1196 8.4695 2.8639 3.7282 14.3744 29.2254 20.9374 12.1360 26.2329 18.8176 2.2664 3.1738 12.1782 1.0198 22.8500 13.8209 22.0766 6.8369 26.9809 5.7415 9.3156 0.0000 16.7519
155 58.9522 115.0490 105.8904 113.1475 112.4794 109.6185 99.4773 92.6303 107.0233 124.8487 110.9787 93.6947 105.9390 124.1931 45.2447 144.7610 132.4421 112.6290 118.8292 127.0632 149.5598 168.4458 174.0477 113.3062 17.1017 16.7815 16.6173 23.6637 24.0268 25.7857 22.0316 27.2711 30.0293 28.1906 33.2136 32.5227 35.7742 29.4868 19.5098 28.3970 24.3818 24.1669 28.7833 18.8886 24.9265 23.8290 22.2498 17.9856 28.6155 19.6564 25.4180 40.4616 39.2607 52.4732 36.4821 35.0588 29.2666 32.7377 29.2059 16.7440 56.6563 51.9854 63.4104 33.3711 53.0173 36.9573 38.8809 29.5091 16.8547 37.7790 68.2043 78.5868 66.8896 30.5730 23.5590 25.7473 25.8911 35.7916 25.0797 26.5805 25.9736 33.0408 29.0719 61.4876 41.6889 27.1098 68.6658 85.1428 77.6447 99.8138 97.4658 88.7991 84.9269 74.8455 84.4778 87.2426 77.9509 21.5182 25.1506 31.2481 22.3356 24.5703 23.7017 25.4697 18.7803 22.3044 15.6942 15.6226 41.7347 17.4046 15.8475 27.8705 21.2723 74.3169 66.8661 46.5739 67.4828 47.8900 76.3161 55.2393 31.8942 72.6948 44.1337 33.4444 70.6984 60.3803 46.8419 93.6947 9.7363 12.8935 8.8737 22.2970 20.3676 17.8021 20.8979 16.7479 20.3129 21.3947 16.0547 19.8642 20.7561 14.3144 17.3058 17.4306 14.8579 5.9865 17.4840 11.1355 17.8097 12.8005 10.6697 13.4768 15.7142 24.2109 16.7519 0.0000
;

end;